[0.108s] DEBUG:colcon:Command line arguments: ['/usr/bin/colcon', 'build', '--symlink-install']
[0.108s] DEBUG:colcon:Parsed command line arguments: Namespace(log_base=None, log_level=None, verb_name='build', build_base='build', install_base='install', merge_install=False, symlink_install=True, test_result_base=None, continue_on_error=False, executor='parallel', parallel_workers=32, event_handlers=None, ignore_user_meta=False, metas=['./colcon.meta'], base_paths=['.'], packages_ignore=None, packages_ignore_regex=None, paths=None, packages_up_to=None, packages_up_to_regex=None, packages_above=None, packages_above_and_dependencies=None, packages_above_depth=None, packages_select_by_dep=None, packages_skip_by_dep=None, packages_skip_up_to=None, packages_select_build_failed=False, packages_skip_build_finished=False, packages_select_test_failures=False, packages_skip_test_passed=False, packages_select=None, packages_skip=None, packages_select_regex=None, packages_skip_regex=None, packages_start=None, packages_end=None, allow_overriding=[], cmake_args=None, cmake_target=None, cmake_target_skip_unavailable=False, cmake_clean_cache=False, cmake_clean_first=False, cmake_force_configure=False, ament_cmake_args=None, catkin_cmake_args=None, catkin_skip_building_tests=False, verb_parser=<colcon_defaults.argument_parser.defaults.DefaultArgumentsDecorator object at 0x7ad66717a140>, verb_extension=<colcon_core.verb.build.BuildVerb object at 0x7ad667179ba0>, main=<bound method BuildVerb.main of <colcon_core.verb.build.BuildVerb object at 0x7ad667179ba0>>)
[0.308s] Level 1:colcon.colcon_core.package_discovery:discover_packages(colcon_meta) check parameters
[0.308s] Level 1:colcon.colcon_core.package_discovery:discover_packages(recursive) check parameters
[0.308s] Level 1:colcon.colcon_core.package_discovery:discover_packages(ignore) check parameters
[0.308s] Level 1:colcon.colcon_core.package_discovery:discover_packages(path) check parameters
[0.308s] Level 1:colcon.colcon_core.package_discovery:discover_packages(colcon_meta) discover
[0.308s] Level 1:colcon.colcon_core.package_discovery:discover_packages(recursive) discover
[0.308s] INFO:colcon.colcon_core.package_discovery:Crawling recursively for packages in '/home/yangxuan/agt_navigation_runtime'
[0.308s] Level 1:colcon.colcon_core.package_identification:_identify(.) by extensions ['ignore', 'ignore_ament_install']
[0.308s] Level 1:colcon.colcon_core.package_identification:_identify(.) by extension 'ignore'
[0.308s] Level 1:colcon.colcon_core.package_identification:_identify(.) by extension 'ignore_ament_install'
[0.308s] Level 1:colcon.colcon_core.package_identification:_identify(.) by extensions ['colcon_pkg']
[0.308s] Level 1:colcon.colcon_core.package_identification:_identify(.) by extension 'colcon_pkg'
[0.308s] Level 1:colcon.colcon_core.package_identification:_identify(.) by extensions ['colcon_meta']
[0.308s] Level 1:colcon.colcon_core.package_identification:_identify(.) by extension 'colcon_meta'
[0.309s] Level 1:colcon.colcon_core.package_identification:_identify(.) by extensions ['ros']
[0.309s] Level 1:colcon.colcon_core.package_identification:_identify(.) by extension 'ros'
[0.331s] Level 1:colcon.colcon_core.package_identification:_identify(.) by extensions ['cmake', 'python']
[0.331s] Level 1:colcon.colcon_core.package_identification:_identify(.) by extension 'cmake'
[0.331s] Level 1:colcon.colcon_core.package_identification:_identify(.) by extension 'python'
[0.331s] Level 1:colcon.colcon_core.package_identification:_identify(.) by extensions ['python_setup_py']
[0.331s] Level 1:colcon.colcon_core.package_identification:_identify(.) by extension 'python_setup_py'
[0.331s] Level 1:colcon.colcon_core.package_identification:_identify(build) by extensions ['ignore', 'ignore_ament_install']
[0.331s] Level 1:colcon.colcon_core.package_identification:_identify(build) by extension 'ignore'
[0.331s] Level 1:colcon.colcon_core.package_identification:_identify(build) ignored
[0.331s] Level 1:colcon.colcon_core.package_identification:_identify(install) by extensions ['ignore', 'ignore_ament_install']
[0.331s] Level 1:colcon.colcon_core.package_identification:_identify(install) by extension 'ignore'
[0.331s] Level 1:colcon.colcon_core.package_identification:_identify(install) ignored
[0.331s] Level 1:colcon.colcon_core.package_identification:_identify(log) by extensions ['ignore', 'ignore_ament_install']
[0.332s] Level 1:colcon.colcon_core.package_identification:_identify(log) by extension 'ignore'
[0.332s] Level 1:colcon.colcon_core.package_identification:_identify(log) ignored
[0.332s] Level 1:colcon.colcon_core.package_identification:_identify(profiles) by extensions ['ignore', 'ignore_ament_install']
[0.332s] Level 1:colcon.colcon_core.package_identification:_identify(profiles) by extension 'ignore'
[0.332s] Level 1:colcon.colcon_core.package_identification:_identify(profiles) by extension 'ignore_ament_install'
[0.332s] Level 1:colcon.colcon_core.package_identification:_identify(profiles) by extensions ['colcon_pkg']
[0.332s] Level 1:colcon.colcon_core.package_identification:_identify(profiles) by extension 'colcon_pkg'
[0.332s] Level 1:colcon.colcon_core.package_identification:_identify(profiles) by extensions ['colcon_meta']
[0.332s] Level 1:colcon.colcon_core.package_identification:_identify(profiles) by extension 'colcon_meta'
[0.332s] Level 1:colcon.colcon_core.package_identification:_identify(profiles) by extensions ['ros']
[0.332s] Level 1:colcon.colcon_core.package_identification:_identify(profiles) by extension 'ros'
[0.332s] Level 1:colcon.colcon_core.package_identification:_identify(profiles) by extensions ['cmake', 'python']
[0.332s] Level 1:colcon.colcon_core.package_identification:_identify(profiles) by extension 'cmake'
[0.332s] Level 1:colcon.colcon_core.package_identification:_identify(profiles) by extension 'python'
[0.332s] Level 1:colcon.colcon_core.package_identification:_identify(profiles) by extensions ['python_setup_py']
[0.332s] Level 1:colcon.colcon_core.package_identification:_identify(profiles) by extension 'python_setup_py'
[0.332s] Level 1:colcon.colcon_core.package_identification:_identify(profiles/capture_rigs) by extensions ['ignore', 'ignore_ament_install']
[0.332s] Level 1:colcon.colcon_core.package_identification:_identify(profiles/capture_rigs) by extension 'ignore'
[0.332s] Level 1:colcon.colcon_core.package_identification:_identify(profiles/capture_rigs) by extension 'ignore_ament_install'
[0.332s] Level 1:colcon.colcon_core.package_identification:_identify(profiles/capture_rigs) by extensions ['colcon_pkg']
[0.332s] Level 1:colcon.colcon_core.package_identification:_identify(profiles/capture_rigs) by extension 'colcon_pkg'
[0.333s] Level 1:colcon.colcon_core.package_identification:_identify(profiles/capture_rigs) by extensions ['colcon_meta']
[0.333s] Level 1:colcon.colcon_core.package_identification:_identify(profiles/capture_rigs) by extension 'colcon_meta'
[0.333s] Level 1:colcon.colcon_core.package_identification:_identify(profiles/capture_rigs) by extensions ['ros']
[0.333s] Level 1:colcon.colcon_core.package_identification:_identify(profiles/capture_rigs) by extension 'ros'
[0.333s] Level 1:colcon.colcon_core.package_identification:_identify(profiles/capture_rigs) by extensions ['cmake', 'python']
[0.333s] Level 1:colcon.colcon_core.package_identification:_identify(profiles/capture_rigs) by extension 'cmake'
[0.333s] Level 1:colcon.colcon_core.package_identification:_identify(profiles/capture_rigs) by extension 'python'
[0.333s] Level 1:colcon.colcon_core.package_identification:_identify(profiles/capture_rigs) by extensions ['python_setup_py']
[0.333s] Level 1:colcon.colcon_core.package_identification:_identify(profiles/capture_rigs) by extension 'python_setup_py'
[0.333s] Level 1:colcon.colcon_core.package_identification:_identify(profiles/environments) by extensions ['ignore', 'ignore_ament_install']
[0.333s] Level 1:colcon.colcon_core.package_identification:_identify(profiles/environments) by extension 'ignore'
[0.333s] Level 1:colcon.colcon_core.package_identification:_identify(profiles/environments) by extension 'ignore_ament_install'
[0.333s] Level 1:colcon.colcon_core.package_identification:_identify(profiles/environments) by extensions ['colcon_pkg']
[0.333s] Level 1:colcon.colcon_core.package_identification:_identify(profiles/environments) by extension 'colcon_pkg'
[0.333s] Level 1:colcon.colcon_core.package_identification:_identify(profiles/environments) by extensions ['colcon_meta']
[0.333s] Level 1:colcon.colcon_core.package_identification:_identify(profiles/environments) by extension 'colcon_meta'
[0.333s] Level 1:colcon.colcon_core.package_identification:_identify(profiles/environments) by extensions ['ros']
[0.333s] Level 1:colcon.colcon_core.package_identification:_identify(profiles/environments) by extension 'ros'
[0.333s] Level 1:colcon.colcon_core.package_identification:_identify(profiles/environments) by extensions ['cmake', 'python']
[0.333s] Level 1:colcon.colcon_core.package_identification:_identify(profiles/environments) by extension 'cmake'
[0.333s] Level 1:colcon.colcon_core.package_identification:_identify(profiles/environments) by extension 'python'
[0.333s] Level 1:colcon.colcon_core.package_identification:_identify(profiles/environments) by extensions ['python_setup_py']
[0.333s] Level 1:colcon.colcon_core.package_identification:_identify(profiles/environments) by extension 'python_setup_py'
[0.333s] Level 1:colcon.colcon_core.package_identification:_identify(profiles/experiments) by extensions ['ignore', 'ignore_ament_install']
[0.334s] Level 1:colcon.colcon_core.package_identification:_identify(profiles/experiments) by extension 'ignore'
[0.334s] Level 1:colcon.colcon_core.package_identification:_identify(profiles/experiments) by extension 'ignore_ament_install'
[0.334s] Level 1:colcon.colcon_core.package_identification:_identify(profiles/experiments) by extensions ['colcon_pkg']
[0.334s] Level 1:colcon.colcon_core.package_identification:_identify(profiles/experiments) by extension 'colcon_pkg'
[0.334s] Level 1:colcon.colcon_core.package_identification:_identify(profiles/experiments) by extensions ['colcon_meta']
[0.334s] Level 1:colcon.colcon_core.package_identification:_identify(profiles/experiments) by extension 'colcon_meta'
[0.334s] Level 1:colcon.colcon_core.package_identification:_identify(profiles/experiments) by extensions ['ros']
[0.334s] Level 1:colcon.colcon_core.package_identification:_identify(profiles/experiments) by extension 'ros'
[0.334s] Level 1:colcon.colcon_core.package_identification:_identify(profiles/experiments) by extensions ['cmake', 'python']
[0.334s] Level 1:colcon.colcon_core.package_identification:_identify(profiles/experiments) by extension 'cmake'
[0.334s] Level 1:colcon.colcon_core.package_identification:_identify(profiles/experiments) by extension 'python'
[0.334s] Level 1:colcon.colcon_core.package_identification:_identify(profiles/experiments) by extensions ['python_setup_py']
[0.334s] Level 1:colcon.colcon_core.package_identification:_identify(profiles/experiments) by extension 'python_setup_py'
[0.334s] Level 1:colcon.colcon_core.package_identification:_identify(profiles/platforms) by extensions ['ignore', 'ignore_ament_install']
[0.334s] Level 1:colcon.colcon_core.package_identification:_identify(profiles/platforms) by extension 'ignore'
[0.334s] Level 1:colcon.colcon_core.package_identification:_identify(profiles/platforms) by extension 'ignore_ament_install'
[0.334s] Level 1:colcon.colcon_core.package_identification:_identify(profiles/platforms) by extensions ['colcon_pkg']
[0.334s] Level 1:colcon.colcon_core.package_identification:_identify(profiles/platforms) by extension 'colcon_pkg'
[0.334s] Level 1:colcon.colcon_core.package_identification:_identify(profiles/platforms) by extensions ['colcon_meta']
[0.334s] Level 1:colcon.colcon_core.package_identification:_identify(profiles/platforms) by extension 'colcon_meta'
[0.334s] Level 1:colcon.colcon_core.package_identification:_identify(profiles/platforms) by extensions ['ros']
[0.334s] Level 1:colcon.colcon_core.package_identification:_identify(profiles/platforms) by extension 'ros'
[0.334s] Level 1:colcon.colcon_core.package_identification:_identify(profiles/platforms) by extensions ['cmake', 'python']
[0.335s] Level 1:colcon.colcon_core.package_identification:_identify(profiles/platforms) by extension 'cmake'
[0.335s] Level 1:colcon.colcon_core.package_identification:_identify(profiles/platforms) by extension 'python'
[0.335s] Level 1:colcon.colcon_core.package_identification:_identify(profiles/platforms) by extensions ['python_setup_py']
[0.335s] Level 1:colcon.colcon_core.package_identification:_identify(profiles/platforms) by extension 'python_setup_py'
[0.335s] Level 1:colcon.colcon_core.package_identification:_identify(profiles/sensors) by extensions ['ignore', 'ignore_ament_install']
[0.335s] Level 1:colcon.colcon_core.package_identification:_identify(profiles/sensors) by extension 'ignore'
[0.335s] Level 1:colcon.colcon_core.package_identification:_identify(profiles/sensors) by extension 'ignore_ament_install'
[0.335s] Level 1:colcon.colcon_core.package_identification:_identify(profiles/sensors) by extensions ['colcon_pkg']
[0.335s] Level 1:colcon.colcon_core.package_identification:_identify(profiles/sensors) by extension 'colcon_pkg'
[0.335s] Level 1:colcon.colcon_core.package_identification:_identify(profiles/sensors) by extensions ['colcon_meta']
[0.335s] Level 1:colcon.colcon_core.package_identification:_identify(profiles/sensors) by extension 'colcon_meta'
[0.335s] Level 1:colcon.colcon_core.package_identification:_identify(profiles/sensors) by extensions ['ros']
[0.335s] Level 1:colcon.colcon_core.package_identification:_identify(profiles/sensors) by extension 'ros'
[0.335s] Level 1:colcon.colcon_core.package_identification:_identify(profiles/sensors) by extensions ['cmake', 'python']
[0.335s] Level 1:colcon.colcon_core.package_identification:_identify(profiles/sensors) by extension 'cmake'
[0.335s] Level 1:colcon.colcon_core.package_identification:_identify(profiles/sensors) by extension 'python'
[0.335s] Level 1:colcon.colcon_core.package_identification:_identify(profiles/sensors) by extensions ['python_setup_py']
[0.335s] Level 1:colcon.colcon_core.package_identification:_identify(profiles/sensors) by extension 'python_setup_py'
[0.335s] Level 1:colcon.colcon_core.package_identification:_identify(src) by extensions ['ignore', 'ignore_ament_install']
[0.335s] Level 1:colcon.colcon_core.package_identification:_identify(src) by extension 'ignore'
[0.335s] Level 1:colcon.colcon_core.package_identification:_identify(src) by extension 'ignore_ament_install'
[0.335s] Level 1:colcon.colcon_core.package_identification:_identify(src) by extensions ['colcon_pkg']
[0.335s] Level 1:colcon.colcon_core.package_identification:_identify(src) by extension 'colcon_pkg'
[0.335s] Level 1:colcon.colcon_core.package_identification:_identify(src) by extensions ['colcon_meta']
[0.336s] Level 1:colcon.colcon_core.package_identification:_identify(src) by extension 'colcon_meta'
[0.336s] Level 1:colcon.colcon_core.package_identification:_identify(src) by extensions ['ros']
[0.336s] Level 1:colcon.colcon_core.package_identification:_identify(src) by extension 'ros'
[0.336s] Level 1:colcon.colcon_core.package_identification:_identify(src) by extensions ['cmake', 'python']
[0.336s] Level 1:colcon.colcon_core.package_identification:_identify(src) by extension 'cmake'
[0.336s] Level 1:colcon.colcon_core.package_identification:_identify(src) by extension 'python'
[0.336s] Level 1:colcon.colcon_core.package_identification:_identify(src) by extensions ['python_setup_py']
[0.336s] Level 1:colcon.colcon_core.package_identification:_identify(src) by extension 'python_setup_py'
[0.336s] Level 1:colcon.colcon_core.package_identification:_identify(src/agt_bt_executor) by extensions ['ignore', 'ignore_ament_install']
[0.336s] Level 1:colcon.colcon_core.package_identification:_identify(src/agt_bt_executor) by extension 'ignore'
[0.336s] Level 1:colcon.colcon_core.package_identification:_identify(src/agt_bt_executor) by extension 'ignore_ament_install'
[0.336s] Level 1:colcon.colcon_core.package_identification:_identify(src/agt_bt_executor) by extensions ['colcon_pkg']
[0.336s] Level 1:colcon.colcon_core.package_identification:_identify(src/agt_bt_executor) by extension 'colcon_pkg'
[0.336s] Level 1:colcon.colcon_core.package_identification:_identify(src/agt_bt_executor) by extensions ['colcon_meta']
[0.336s] Level 1:colcon.colcon_core.package_identification:_identify(src/agt_bt_executor) by extension 'colcon_meta'
[0.336s] Level 1:colcon.colcon_core.package_identification:_identify(src/agt_bt_executor) by extensions ['ros']
[0.336s] Level 1:colcon.colcon_core.package_identification:_identify(src/agt_bt_executor) by extension 'ros'
[0.339s] DEBUG:colcon.colcon_core.package_identification:Package 'src/agt_bt_executor' with type 'ros.ament_cmake' and name 'agt_bt_executor'
[0.340s] Level 1:colcon.colcon_core.package_identification:_identify(src/agt_chassis) by extensions ['ignore', 'ignore_ament_install']
[0.340s] Level 1:colcon.colcon_core.package_identification:_identify(src/agt_chassis) by extension 'ignore'
[0.340s] Level 1:colcon.colcon_core.package_identification:_identify(src/agt_chassis) by extension 'ignore_ament_install'
[0.340s] Level 1:colcon.colcon_core.package_identification:_identify(src/agt_chassis) by extensions ['colcon_pkg']
[0.340s] Level 1:colcon.colcon_core.package_identification:_identify(src/agt_chassis) by extension 'colcon_pkg'
[0.340s] Level 1:colcon.colcon_core.package_identification:_identify(src/agt_chassis) by extensions ['colcon_meta']
[0.340s] Level 1:colcon.colcon_core.package_identification:_identify(src/agt_chassis) by extension 'colcon_meta'
[0.340s] Level 1:colcon.colcon_core.package_identification:_identify(src/agt_chassis) by extensions ['ros']
[0.340s] Level 1:colcon.colcon_core.package_identification:_identify(src/agt_chassis) by extension 'ros'
[0.341s] DEBUG:colcon.colcon_core.package_identification:Package 'src/agt_chassis' with type 'ros.ament_cmake' and name 'agt_chassis'
[0.341s] Level 1:colcon.colcon_core.package_identification:_identify(src/agt_description) by extensions ['ignore', 'ignore_ament_install']
[0.341s] Level 1:colcon.colcon_core.package_identification:_identify(src/agt_description) by extension 'ignore'
[0.341s] Level 1:colcon.colcon_core.package_identification:_identify(src/agt_description) by extension 'ignore_ament_install'
[0.341s] Level 1:colcon.colcon_core.package_identification:_identify(src/agt_description) by extensions ['colcon_pkg']
[0.341s] Level 1:colcon.colcon_core.package_identification:_identify(src/agt_description) by extension 'colcon_pkg'
[0.341s] Level 1:colcon.colcon_core.package_identification:_identify(src/agt_description) by extensions ['colcon_meta']
[0.341s] Level 1:colcon.colcon_core.package_identification:_identify(src/agt_description) by extension 'colcon_meta'
[0.341s] Level 1:colcon.colcon_core.package_identification:_identify(src/agt_description) by extensions ['ros']
[0.341s] Level 1:colcon.colcon_core.package_identification:_identify(src/agt_description) by extension 'ros'
[0.342s] DEBUG:colcon.colcon_core.package_identification:Package 'src/agt_description' with type 'ros.ament_cmake' and name 'agt_description'
[0.342s] Level 1:colcon.colcon_core.package_identification:_identify(src/agt_experiment_manager) by extensions ['ignore', 'ignore_ament_install']
[0.342s] Level 1:colcon.colcon_core.package_identification:_identify(src/agt_experiment_manager) by extension 'ignore'
[0.342s] Level 1:colcon.colcon_core.package_identification:_identify(src/agt_experiment_manager) by extension 'ignore_ament_install'
[0.342s] Level 1:colcon.colcon_core.package_identification:_identify(src/agt_experiment_manager) by extensions ['colcon_pkg']
[0.342s] Level 1:colcon.colcon_core.package_identification:_identify(src/agt_experiment_manager) by extension 'colcon_pkg'
[0.342s] Level 1:colcon.colcon_core.package_identification:_identify(src/agt_experiment_manager) by extensions ['colcon_meta']
[0.342s] Level 1:colcon.colcon_core.package_identification:_identify(src/agt_experiment_manager) by extension 'colcon_meta'
[0.342s] Level 1:colcon.colcon_core.package_identification:_identify(src/agt_experiment_manager) by extensions ['ros']
[0.342s] Level 1:colcon.colcon_core.package_identification:_identify(src/agt_experiment_manager) by extension 'ros'
[0.343s] DEBUG:colcon.colcon_core.package_identification:Package 'src/agt_experiment_manager' with type 'ros.ament_cmake' and name 'agt_experiment_manager'
[0.343s] Level 1:colcon.colcon_core.package_identification:_identify(src/agt_interfaces) by extensions ['ignore', 'ignore_ament_install']
[0.343s] Level 1:colcon.colcon_core.package_identification:_identify(src/agt_interfaces) by extension 'ignore'
[0.343s] Level 1:colcon.colcon_core.package_identification:_identify(src/agt_interfaces) by extension 'ignore_ament_install'
[0.343s] Level 1:colcon.colcon_core.package_identification:_identify(src/agt_interfaces) by extensions ['colcon_pkg']
[0.343s] Level 1:colcon.colcon_core.package_identification:_identify(src/agt_interfaces) by extension 'colcon_pkg'
[0.343s] Level 1:colcon.colcon_core.package_identification:_identify(src/agt_interfaces) by extensions ['colcon_meta']
[0.343s] Level 1:colcon.colcon_core.package_identification:_identify(src/agt_interfaces) by extension 'colcon_meta'
[0.343s] Level 1:colcon.colcon_core.package_identification:_identify(src/agt_interfaces) by extensions ['ros']
[0.343s] Level 1:colcon.colcon_core.package_identification:_identify(src/agt_interfaces) by extension 'ros'
[0.344s] DEBUG:colcon.colcon_core.package_identification:Package 'src/agt_interfaces' with type 'ros.ament_cmake' and name 'agt_interfaces'
[0.344s] Level 1:colcon.colcon_core.package_identification:_identify(src/agt_localization) by extensions ['ignore', 'ignore_ament_install']
[0.344s] Level 1:colcon.colcon_core.package_identification:_identify(src/agt_localization) by extension 'ignore'
[0.344s] Level 1:colcon.colcon_core.package_identification:_identify(src/agt_localization) by extension 'ignore_ament_install'
[0.344s] Level 1:colcon.colcon_core.package_identification:_identify(src/agt_localization) by extensions ['colcon_pkg']
[0.344s] Level 1:colcon.colcon_core.package_identification:_identify(src/agt_localization) by extension 'colcon_pkg'
[0.345s] Level 1:colcon.colcon_core.package_identification:_identify(src/agt_localization) by extensions ['colcon_meta']
[0.345s] Level 1:colcon.colcon_core.package_identification:_identify(src/agt_localization) by extension 'colcon_meta'
[0.345s] Level 1:colcon.colcon_core.package_identification:_identify(src/agt_localization) by extensions ['ros']
[0.345s] Level 1:colcon.colcon_core.package_identification:_identify(src/agt_localization) by extension 'ros'
[0.346s] DEBUG:colcon.colcon_core.package_identification:Package 'src/agt_localization' with type 'ros.ament_cmake' and name 'agt_localization'
[0.346s] Level 1:colcon.colcon_core.package_identification:_identify(src/agt_localization_fusion) by extensions ['ignore', 'ignore_ament_install']
[0.347s] Level 1:colcon.colcon_core.package_identification:_identify(src/agt_localization_fusion) by extension 'ignore'
[0.347s] Level 1:colcon.colcon_core.package_identification:_identify(src/agt_localization_fusion) by extension 'ignore_ament_install'
[0.347s] Level 1:colcon.colcon_core.package_identification:_identify(src/agt_localization_fusion) by extensions ['colcon_pkg']
[0.347s] Level 1:colcon.colcon_core.package_identification:_identify(src/agt_localization_fusion) by extension 'colcon_pkg'
[0.347s] Level 1:colcon.colcon_core.package_identification:_identify(src/agt_localization_fusion) by extensions ['colcon_meta']
[0.347s] Level 1:colcon.colcon_core.package_identification:_identify(src/agt_localization_fusion) by extension 'colcon_meta'
[0.347s] Level 1:colcon.colcon_core.package_identification:_identify(src/agt_localization_fusion) by extensions ['ros']
[0.347s] Level 1:colcon.colcon_core.package_identification:_identify(src/agt_localization_fusion) by extension 'ros'
[0.347s] DEBUG:colcon.colcon_core.package_identification:Package 'src/agt_localization_fusion' with type 'ros.ament_cmake' and name 'agt_localization_fusion'
[0.347s] Level 1:colcon.colcon_core.package_identification:_identify(src/agt_mapping) by extensions ['ignore', 'ignore_ament_install']
[0.347s] Level 1:colcon.colcon_core.package_identification:_identify(src/agt_mapping) by extension 'ignore'
[0.348s] Level 1:colcon.colcon_core.package_identification:_identify(src/agt_mapping) by extension 'ignore_ament_install'
[0.348s] Level 1:colcon.colcon_core.package_identification:_identify(src/agt_mapping) by extensions ['colcon_pkg']
[0.348s] Level 1:colcon.colcon_core.package_identification:_identify(src/agt_mapping) by extension 'colcon_pkg'
[0.348s] Level 1:colcon.colcon_core.package_identification:_identify(src/agt_mapping) by extensions ['colcon_meta']
[0.348s] Level 1:colcon.colcon_core.package_identification:_identify(src/agt_mapping) by extension 'colcon_meta'
[0.348s] Level 1:colcon.colcon_core.package_identification:_identify(src/agt_mapping) by extensions ['ros']
[0.348s] Level 1:colcon.colcon_core.package_identification:_identify(src/agt_mapping) by extension 'ros'
[0.348s] DEBUG:colcon.colcon_core.package_identification:Package 'src/agt_mapping' with type 'ros.ament_cmake' and name 'agt_mapping'
[0.348s] Level 1:colcon.colcon_core.package_identification:_identify(src/agt_mission_manager) by extensions ['ignore', 'ignore_ament_install']
[0.348s] Level 1:colcon.colcon_core.package_identification:_identify(src/agt_mission_manager) by extension 'ignore'
[0.349s] Level 1:colcon.colcon_core.package_identification:_identify(src/agt_mission_manager) by extension 'ignore_ament_install'
[0.349s] Level 1:colcon.colcon_core.package_identification:_identify(src/agt_mission_manager) by extensions ['colcon_pkg']
[0.349s] Level 1:colcon.colcon_core.package_identification:_identify(src/agt_mission_manager) by extension 'colcon_pkg'
[0.349s] Level 1:colcon.colcon_core.package_identification:_identify(src/agt_mission_manager) by extensions ['colcon_meta']
[0.349s] Level 1:colcon.colcon_core.package_identification:_identify(src/agt_mission_manager) by extension 'colcon_meta'
[0.349s] Level 1:colcon.colcon_core.package_identification:_identify(src/agt_mission_manager) by extensions ['ros']
[0.349s] Level 1:colcon.colcon_core.package_identification:_identify(src/agt_mission_manager) by extension 'ros'
[0.349s] DEBUG:colcon.colcon_core.package_identification:Package 'src/agt_mission_manager' with type 'ros.ament_cmake' and name 'agt_mission_manager'
[0.349s] Level 1:colcon.colcon_core.package_identification:_identify(src/agt_navigation) by extensions ['ignore', 'ignore_ament_install']
[0.350s] Level 1:colcon.colcon_core.package_identification:_identify(src/agt_navigation) by extension 'ignore'
[0.350s] Level 1:colcon.colcon_core.package_identification:_identify(src/agt_navigation) by extension 'ignore_ament_install'
[0.350s] Level 1:colcon.colcon_core.package_identification:_identify(src/agt_navigation) by extensions ['colcon_pkg']
[0.350s] Level 1:colcon.colcon_core.package_identification:_identify(src/agt_navigation) by extension 'colcon_pkg'
[0.350s] Level 1:colcon.colcon_core.package_identification:_identify(src/agt_navigation) by extensions ['colcon_meta']
[0.350s] Level 1:colcon.colcon_core.package_identification:_identify(src/agt_navigation) by extension 'colcon_meta'
[0.350s] Level 1:colcon.colcon_core.package_identification:_identify(src/agt_navigation) by extensions ['ros']
[0.350s] Level 1:colcon.colcon_core.package_identification:_identify(src/agt_navigation) by extension 'ros'
[0.351s] DEBUG:colcon.colcon_core.package_identification:Package 'src/agt_navigation' with type 'ros.ament_cmake' and name 'agt_navigation'
[0.351s] Level 1:colcon.colcon_core.package_identification:_identify(src/agt_perception) by extensions ['ignore', 'ignore_ament_install']
[0.351s] Level 1:colcon.colcon_core.package_identification:_identify(src/agt_perception) by extension 'ignore'
[0.351s] Level 1:colcon.colcon_core.package_identification:_identify(src/agt_perception) by extension 'ignore_ament_install'
[0.351s] Level 1:colcon.colcon_core.package_identification:_identify(src/agt_perception) by extensions ['colcon_pkg']
[0.351s] Level 1:colcon.colcon_core.package_identification:_identify(src/agt_perception) by extension 'colcon_pkg'
[0.351s] Level 1:colcon.colcon_core.package_identification:_identify(src/agt_perception) by extensions ['colcon_meta']
[0.351s] Level 1:colcon.colcon_core.package_identification:_identify(src/agt_perception) by extension 'colcon_meta'
[0.351s] Level 1:colcon.colcon_core.package_identification:_identify(src/agt_perception) by extensions ['ros']
[0.351s] Level 1:colcon.colcon_core.package_identification:_identify(src/agt_perception) by extension 'ros'
[0.352s] DEBUG:colcon.colcon_core.package_identification:Package 'src/agt_perception' with type 'ros.ament_cmake' and name 'agt_perception'
[0.352s] Level 1:colcon.colcon_core.package_identification:_identify(src/agt_safety) by extensions ['ignore', 'ignore_ament_install']
[0.352s] Level 1:colcon.colcon_core.package_identification:_identify(src/agt_safety) by extension 'ignore'
[0.352s] Level 1:colcon.colcon_core.package_identification:_identify(src/agt_safety) by extension 'ignore_ament_install'
[0.352s] Level 1:colcon.colcon_core.package_identification:_identify(src/agt_safety) by extensions ['colcon_pkg']
[0.352s] Level 1:colcon.colcon_core.package_identification:_identify(src/agt_safety) by extension 'colcon_pkg'
[0.352s] Level 1:colcon.colcon_core.package_identification:_identify(src/agt_safety) by extensions ['colcon_meta']
[0.352s] Level 1:colcon.colcon_core.package_identification:_identify(src/agt_safety) by extension 'colcon_meta'
[0.353s] Level 1:colcon.colcon_core.package_identification:_identify(src/agt_safety) by extensions ['ros']
[0.353s] Level 1:colcon.colcon_core.package_identification:_identify(src/agt_safety) by extension 'ros'
[0.353s] DEBUG:colcon.colcon_core.package_identification:Package 'src/agt_safety' with type 'ros.ament_cmake' and name 'agt_safety'
[0.353s] Level 1:colcon.colcon_core.package_identification:_identify(src/agt_sensor_adapters) by extensions ['ignore', 'ignore_ament_install']
[0.353s] Level 1:colcon.colcon_core.package_identification:_identify(src/agt_sensor_adapters) by extension 'ignore'
[0.353s] Level 1:colcon.colcon_core.package_identification:_identify(src/agt_sensor_adapters) by extension 'ignore_ament_install'
[0.353s] Level 1:colcon.colcon_core.package_identification:_identify(src/agt_sensor_adapters) by extensions ['colcon_pkg']
[0.353s] Level 1:colcon.colcon_core.package_identification:_identify(src/agt_sensor_adapters) by extension 'colcon_pkg'
[0.353s] Level 1:colcon.colcon_core.package_identification:_identify(src/agt_sensor_adapters) by extensions ['colcon_meta']
[0.353s] Level 1:colcon.colcon_core.package_identification:_identify(src/agt_sensor_adapters) by extension 'colcon_meta'
[0.353s] Level 1:colcon.colcon_core.package_identification:_identify(src/agt_sensor_adapters) by extensions ['ros']
[0.354s] Level 1:colcon.colcon_core.package_identification:_identify(src/agt_sensor_adapters) by extension 'ros'
[0.355s] DEBUG:colcon.colcon_core.package_identification:Package 'src/agt_sensor_adapters' with type 'ros.ament_cmake' and name 'agt_sensor_adapters'
[0.355s] Level 1:colcon.colcon_core.package_identification:_identify(src/agt_sensor_monitor) by extensions ['ignore', 'ignore_ament_install']
[0.355s] Level 1:colcon.colcon_core.package_identification:_identify(src/agt_sensor_monitor) by extension 'ignore'
[0.355s] Level 1:colcon.colcon_core.package_identification:_identify(src/agt_sensor_monitor) by extension 'ignore_ament_install'
[0.355s] Level 1:colcon.colcon_core.package_identification:_identify(src/agt_sensor_monitor) by extensions ['colcon_pkg']
[0.355s] Level 1:colcon.colcon_core.package_identification:_identify(src/agt_sensor_monitor) by extension 'colcon_pkg'
[0.355s] Level 1:colcon.colcon_core.package_identification:_identify(src/agt_sensor_monitor) by extensions ['colcon_meta']
[0.355s] Level 1:colcon.colcon_core.package_identification:_identify(src/agt_sensor_monitor) by extension 'colcon_meta'
[0.355s] Level 1:colcon.colcon_core.package_identification:_identify(src/agt_sensor_monitor) by extensions ['ros']
[0.355s] Level 1:colcon.colcon_core.package_identification:_identify(src/agt_sensor_monitor) by extension 'ros'
[0.356s] DEBUG:colcon.colcon_core.package_identification:Package 'src/agt_sensor_monitor' with type 'ros.ament_cmake' and name 'agt_sensor_monitor'
[0.356s] Level 1:colcon.colcon_core.package_identification:_identify(third_party) by extensions ['ignore', 'ignore_ament_install']
[0.356s] Level 1:colcon.colcon_core.package_identification:_identify(third_party) by extension 'ignore'
[0.356s] Level 1:colcon.colcon_core.package_identification:_identify(third_party) by extension 'ignore_ament_install'
[0.356s] Level 1:colcon.colcon_core.package_identification:_identify(third_party) by extensions ['colcon_pkg']
[0.356s] Level 1:colcon.colcon_core.package_identification:_identify(third_party) by extension 'colcon_pkg'
[0.356s] Level 1:colcon.colcon_core.package_identification:_identify(third_party) by extensions ['colcon_meta']
[0.356s] Level 1:colcon.colcon_core.package_identification:_identify(third_party) by extension 'colcon_meta'
[0.356s] Level 1:colcon.colcon_core.package_identification:_identify(third_party) by extensions ['ros']
[0.356s] Level 1:colcon.colcon_core.package_identification:_identify(third_party) by extension 'ros'
[0.357s] Level 1:colcon.colcon_core.package_identification:_identify(third_party) by extensions ['cmake', 'python']
[0.357s] Level 1:colcon.colcon_core.package_identification:_identify(third_party) by extension 'cmake'
[0.357s] Level 1:colcon.colcon_core.package_identification:_identify(third_party) by extension 'python'
[0.357s] Level 1:colcon.colcon_core.package_identification:_identify(third_party) by extensions ['python_setup_py']
[0.357s] Level 1:colcon.colcon_core.package_identification:_identify(third_party) by extension 'python_setup_py'
[0.357s] Level 1:colcon.colcon_core.package_identification:_identify(third_party/bunker_ros2) by extensions ['ignore', 'ignore_ament_install']
[0.357s] Level 1:colcon.colcon_core.package_identification:_identify(third_party/bunker_ros2) by extension 'ignore'
[0.357s] Level 1:colcon.colcon_core.package_identification:_identify(third_party/bunker_ros2) by extension 'ignore_ament_install'
[0.357s] Level 1:colcon.colcon_core.package_identification:_identify(third_party/bunker_ros2) by extensions ['colcon_pkg']
[0.357s] Level 1:colcon.colcon_core.package_identification:_identify(third_party/bunker_ros2) by extension 'colcon_pkg'
[0.357s] Level 1:colcon.colcon_core.package_identification:_identify(third_party/bunker_ros2) by extensions ['colcon_meta']
[0.357s] Level 1:colcon.colcon_core.package_identification:_identify(third_party/bunker_ros2) by extension 'colcon_meta'
[0.357s] Level 1:colcon.colcon_core.package_identification:_identify(third_party/bunker_ros2) by extensions ['ros']
[0.357s] Level 1:colcon.colcon_core.package_identification:_identify(third_party/bunker_ros2) by extension 'ros'
[0.357s] Level 1:colcon.colcon_core.package_identification:_identify(third_party/bunker_ros2) by extensions ['cmake', 'python']
[0.357s] Level 1:colcon.colcon_core.package_identification:_identify(third_party/bunker_ros2) by extension 'cmake'
[0.357s] Level 1:colcon.colcon_core.package_identification:_identify(third_party/bunker_ros2) by extension 'python'
[0.357s] Level 1:colcon.colcon_core.package_identification:_identify(third_party/bunker_ros2) by extensions ['python_setup_py']
[0.357s] Level 1:colcon.colcon_core.package_identification:_identify(third_party/bunker_ros2) by extension 'python_setup_py'
[0.357s] Level 1:colcon.colcon_core.package_identification:_identify(third_party/bunker_ros2/bunker_base) by extensions ['ignore', 'ignore_ament_install']
[0.357s] Level 1:colcon.colcon_core.package_identification:_identify(third_party/bunker_ros2/bunker_base) by extension 'ignore'
[0.358s] Level 1:colcon.colcon_core.package_identification:_identify(third_party/bunker_ros2/bunker_base) by extension 'ignore_ament_install'
[0.358s] Level 1:colcon.colcon_core.package_identification:_identify(third_party/bunker_ros2/bunker_base) by extensions ['colcon_pkg']
[0.358s] Level 1:colcon.colcon_core.package_identification:_identify(third_party/bunker_ros2/bunker_base) by extension 'colcon_pkg'
[0.358s] Level 1:colcon.colcon_core.package_identification:_identify(third_party/bunker_ros2/bunker_base) by extensions ['colcon_meta']
[0.358s] Level 1:colcon.colcon_core.package_identification:_identify(third_party/bunker_ros2/bunker_base) by extension 'colcon_meta'
[0.358s] Level 1:colcon.colcon_core.package_identification:_identify(third_party/bunker_ros2/bunker_base) by extensions ['ros']
[0.358s] Level 1:colcon.colcon_core.package_identification:_identify(third_party/bunker_ros2/bunker_base) by extension 'ros'
[0.359s] DEBUG:colcon.colcon_core.package_identification:Package 'third_party/bunker_ros2/bunker_base' with type 'ros.ament_cmake' and name 'bunker_base'
[0.359s] Level 1:colcon.colcon_core.package_identification:_identify(third_party/bunker_ros2/bunker_msgs) by extensions ['ignore', 'ignore_ament_install']
[0.359s] Level 1:colcon.colcon_core.package_identification:_identify(third_party/bunker_ros2/bunker_msgs) by extension 'ignore'
[0.359s] Level 1:colcon.colcon_core.package_identification:_identify(third_party/bunker_ros2/bunker_msgs) by extension 'ignore_ament_install'
[0.359s] Level 1:colcon.colcon_core.package_identification:_identify(third_party/bunker_ros2/bunker_msgs) by extensions ['colcon_pkg']
[0.359s] Level 1:colcon.colcon_core.package_identification:_identify(third_party/bunker_ros2/bunker_msgs) by extension 'colcon_pkg'
[0.359s] Level 1:colcon.colcon_core.package_identification:_identify(third_party/bunker_ros2/bunker_msgs) by extensions ['colcon_meta']
[0.359s] Level 1:colcon.colcon_core.package_identification:_identify(third_party/bunker_ros2/bunker_msgs) by extension 'colcon_meta'
[0.359s] Level 1:colcon.colcon_core.package_identification:_identify(third_party/bunker_ros2/bunker_msgs) by extensions ['ros']
[0.360s] Level 1:colcon.colcon_core.package_identification:_identify(third_party/bunker_ros2/bunker_msgs) by extension 'ros'
[0.360s] DEBUG:colcon.colcon_core.package_identification:Package 'third_party/bunker_ros2/bunker_msgs' with type 'ros.ament_cmake' and name 'bunker_msgs'
[0.360s] Level 1:colcon.colcon_core.package_identification:_identify(third_party/fast_livo2_ros2) by extensions ['ignore', 'ignore_ament_install']
[0.360s] Level 1:colcon.colcon_core.package_identification:_identify(third_party/fast_livo2_ros2) by extension 'ignore'
[0.360s] Level 1:colcon.colcon_core.package_identification:_identify(third_party/fast_livo2_ros2) by extension 'ignore_ament_install'
[0.360s] Level 1:colcon.colcon_core.package_identification:_identify(third_party/fast_livo2_ros2) by extensions ['colcon_pkg']
[0.361s] Level 1:colcon.colcon_core.package_identification:_identify(third_party/fast_livo2_ros2) by extension 'colcon_pkg'
[0.361s] Level 1:colcon.colcon_core.package_identification:_identify(third_party/fast_livo2_ros2) by extensions ['colcon_meta']
[0.361s] Level 1:colcon.colcon_core.package_identification:_identify(third_party/fast_livo2_ros2) by extension 'colcon_meta'
[0.361s] Level 1:colcon.colcon_core.package_identification:_identify(third_party/fast_livo2_ros2) by extensions ['ros']
[0.361s] Level 1:colcon.colcon_core.package_identification:_identify(third_party/fast_livo2_ros2) by extension 'ros'
[0.361s] DEBUG:colcon.colcon_core.package_identification:Package 'third_party/fast_livo2_ros2' with type 'ros.ament_cmake' and name 'fast_livo'
[0.362s] Level 1:colcon.colcon_core.package_identification:_identify(third_party/livox_ros_driver2) by extensions ['ignore', 'ignore_ament_install']
[0.362s] Level 1:colcon.colcon_core.package_identification:_identify(third_party/livox_ros_driver2) by extension 'ignore'
[0.362s] Level 1:colcon.colcon_core.package_identification:_identify(third_party/livox_ros_driver2) by extension 'ignore_ament_install'
[0.362s] Level 1:colcon.colcon_core.package_identification:_identify(third_party/livox_ros_driver2) by extensions ['colcon_pkg']
[0.362s] Level 1:colcon.colcon_core.package_identification:_identify(third_party/livox_ros_driver2) by extension 'colcon_pkg'
[0.362s] Level 1:colcon.colcon_core.package_identification:_identify(third_party/livox_ros_driver2) by extensions ['colcon_meta']
[0.362s] Level 1:colcon.colcon_core.package_identification:_identify(third_party/livox_ros_driver2) by extension 'colcon_meta'
[0.362s] Level 1:colcon.colcon_core.package_identification:_identify(third_party/livox_ros_driver2) by extensions ['ros']
[0.362s] Level 1:colcon.colcon_core.package_identification:_identify(third_party/livox_ros_driver2) by extension 'ros'
[0.363s] DEBUG:colcon.colcon_core.package_identification:Package 'third_party/livox_ros_driver2' with type 'ros.ament_cmake' and name 'livox_ros_driver2'
[0.363s] Level 1:colcon.colcon_core.package_identification:_identify(third_party/ndt_omp_ros2) by extensions ['ignore', 'ignore_ament_install']
[0.363s] Level 1:colcon.colcon_core.package_identification:_identify(third_party/ndt_omp_ros2) by extension 'ignore'
[0.364s] Level 1:colcon.colcon_core.package_identification:_identify(third_party/ndt_omp_ros2) by extension 'ignore_ament_install'
[0.364s] Level 1:colcon.colcon_core.package_identification:_identify(third_party/ndt_omp_ros2) by extensions ['colcon_pkg']
[0.364s] Level 1:colcon.colcon_core.package_identification:_identify(third_party/ndt_omp_ros2) by extension 'colcon_pkg'
[0.364s] Level 1:colcon.colcon_core.package_identification:_identify(third_party/ndt_omp_ros2) by extensions ['colcon_meta']
[0.364s] Level 1:colcon.colcon_core.package_identification:_identify(third_party/ndt_omp_ros2) by extension 'colcon_meta'
[0.364s] Level 1:colcon.colcon_core.package_identification:_identify(third_party/ndt_omp_ros2) by extensions ['ros']
[0.364s] Level 1:colcon.colcon_core.package_identification:_identify(third_party/ndt_omp_ros2) by extension 'ros'
[0.364s] DEBUG:colcon.colcon_core.package_identification:Package 'third_party/ndt_omp_ros2' with type 'ros.ament_cmake' and name 'ndt_omp_ros2'
[0.364s] Level 1:colcon.colcon_core.package_identification:_identify(third_party/relocalization_core) by extensions ['ignore', 'ignore_ament_install']
[0.365s] Level 1:colcon.colcon_core.package_identification:_identify(third_party/relocalization_core) by extension 'ignore'
[0.365s] Level 1:colcon.colcon_core.package_identification:_identify(third_party/relocalization_core) by extension 'ignore_ament_install'
[0.365s] Level 1:colcon.colcon_core.package_identification:_identify(third_party/relocalization_core) by extensions ['colcon_pkg']
[0.365s] Level 1:colcon.colcon_core.package_identification:_identify(third_party/relocalization_core) by extension 'colcon_pkg'
[0.365s] Level 1:colcon.colcon_core.package_identification:_identify(third_party/relocalization_core) by extensions ['colcon_meta']
[0.365s] Level 1:colcon.colcon_core.package_identification:_identify(third_party/relocalization_core) by extension 'colcon_meta'
[0.365s] Level 1:colcon.colcon_core.package_identification:_identify(third_party/relocalization_core) by extensions ['ros']
[0.365s] Level 1:colcon.colcon_core.package_identification:_identify(third_party/relocalization_core) by extension 'ros'
[0.365s] DEBUG:colcon.colcon_core.package_identification:Package 'third_party/relocalization_core' with type 'ros.ament_cmake' and name 'relocalization_core'
[0.366s] Level 1:colcon.colcon_core.package_identification:_identify(third_party/rpg_vikit_ros2_fisheye) by extensions ['ignore', 'ignore_ament_install']
[0.366s] Level 1:colcon.colcon_core.package_identification:_identify(third_party/rpg_vikit_ros2_fisheye) by extension 'ignore'
[0.366s] Level 1:colcon.colcon_core.package_identification:_identify(third_party/rpg_vikit_ros2_fisheye) by extension 'ignore_ament_install'
[0.366s] Level 1:colcon.colcon_core.package_identification:_identify(third_party/rpg_vikit_ros2_fisheye) by extensions ['colcon_pkg']
[0.366s] Level 1:colcon.colcon_core.package_identification:_identify(third_party/rpg_vikit_ros2_fisheye) by extension 'colcon_pkg'
[0.366s] Level 1:colcon.colcon_core.package_identification:_identify(third_party/rpg_vikit_ros2_fisheye) by extensions ['colcon_meta']
[0.366s] Level 1:colcon.colcon_core.package_identification:_identify(third_party/rpg_vikit_ros2_fisheye) by extension 'colcon_meta'
[0.366s] Level 1:colcon.colcon_core.package_identification:_identify(third_party/rpg_vikit_ros2_fisheye) by extensions ['ros']
[0.366s] Level 1:colcon.colcon_core.package_identification:_identify(third_party/rpg_vikit_ros2_fisheye) by extension 'ros'
[0.366s] Level 1:colcon.colcon_core.package_identification:_identify(third_party/rpg_vikit_ros2_fisheye) by extensions ['cmake', 'python']
[0.366s] Level 1:colcon.colcon_core.package_identification:_identify(third_party/rpg_vikit_ros2_fisheye) by extension 'cmake'
[0.366s] Level 1:colcon.colcon_core.package_identification:_identify(third_party/rpg_vikit_ros2_fisheye) by extension 'python'
[0.366s] Level 1:colcon.colcon_core.package_identification:_identify(third_party/rpg_vikit_ros2_fisheye) by extensions ['python_setup_py']
[0.366s] Level 1:colcon.colcon_core.package_identification:_identify(third_party/rpg_vikit_ros2_fisheye) by extension 'python_setup_py'
[0.366s] Level 1:colcon.colcon_core.package_identification:_identify(third_party/rpg_vikit_ros2_fisheye/vikit_common) by extensions ['ignore', 'ignore_ament_install']
[0.366s] Level 1:colcon.colcon_core.package_identification:_identify(third_party/rpg_vikit_ros2_fisheye/vikit_common) by extension 'ignore'
[0.366s] Level 1:colcon.colcon_core.package_identification:_identify(third_party/rpg_vikit_ros2_fisheye/vikit_common) by extension 'ignore_ament_install'
[0.366s] Level 1:colcon.colcon_core.package_identification:_identify(third_party/rpg_vikit_ros2_fisheye/vikit_common) by extensions ['colcon_pkg']
[0.366s] Level 1:colcon.colcon_core.package_identification:_identify(third_party/rpg_vikit_ros2_fisheye/vikit_common) by extension 'colcon_pkg'
[0.366s] Level 1:colcon.colcon_core.package_identification:_identify(third_party/rpg_vikit_ros2_fisheye/vikit_common) by extensions ['colcon_meta']
[0.366s] Level 1:colcon.colcon_core.package_identification:_identify(third_party/rpg_vikit_ros2_fisheye/vikit_common) by extension 'colcon_meta'
[0.367s] Level 1:colcon.colcon_core.package_identification:_identify(third_party/rpg_vikit_ros2_fisheye/vikit_common) by extensions ['ros']
[0.367s] Level 1:colcon.colcon_core.package_identification:_identify(third_party/rpg_vikit_ros2_fisheye/vikit_common) by extension 'ros'
[0.367s] DEBUG:colcon.colcon_core.package_identification:Package 'third_party/rpg_vikit_ros2_fisheye/vikit_common' with type 'ros.ament_cmake' and name 'vikit_common'
[0.367s] Level 1:colcon.colcon_core.package_identification:_identify(third_party/rpg_vikit_ros2_fisheye/vikit_ros) by extensions ['ignore', 'ignore_ament_install']
[0.367s] Level 1:colcon.colcon_core.package_identification:_identify(third_party/rpg_vikit_ros2_fisheye/vikit_ros) by extension 'ignore'
[0.367s] Level 1:colcon.colcon_core.package_identification:_identify(third_party/rpg_vikit_ros2_fisheye/vikit_ros) by extension 'ignore_ament_install'
[0.367s] Level 1:colcon.colcon_core.package_identification:_identify(third_party/rpg_vikit_ros2_fisheye/vikit_ros) by extensions ['colcon_pkg']
[0.367s] Level 1:colcon.colcon_core.package_identification:_identify(third_party/rpg_vikit_ros2_fisheye/vikit_ros) by extension 'colcon_pkg'
[0.367s] Level 1:colcon.colcon_core.package_identification:_identify(third_party/rpg_vikit_ros2_fisheye/vikit_ros) by extensions ['colcon_meta']
[0.367s] Level 1:colcon.colcon_core.package_identification:_identify(third_party/rpg_vikit_ros2_fisheye/vikit_ros) by extension 'colcon_meta'
[0.368s] Level 1:colcon.colcon_core.package_identification:_identify(third_party/rpg_vikit_ros2_fisheye/vikit_ros) by extensions ['ros']
[0.368s] Level 1:colcon.colcon_core.package_identification:_identify(third_party/rpg_vikit_ros2_fisheye/vikit_ros) by extension 'ros'
[0.368s] DEBUG:colcon.colcon_core.package_identification:Package 'third_party/rpg_vikit_ros2_fisheye/vikit_ros' with type 'ros.ament_cmake' and name 'vikit_ros'
[0.369s] Level 1:colcon.colcon_core.package_identification:_identify(third_party/ugv_sdk) by extensions ['ignore', 'ignore_ament_install']
[0.369s] Level 1:colcon.colcon_core.package_identification:_identify(third_party/ugv_sdk) by extension 'ignore'
[0.369s] Level 1:colcon.colcon_core.package_identification:_identify(third_party/ugv_sdk) by extension 'ignore_ament_install'
[0.369s] Level 1:colcon.colcon_core.package_identification:_identify(third_party/ugv_sdk) by extensions ['colcon_pkg']
[0.369s] Level 1:colcon.colcon_core.package_identification:_identify(third_party/ugv_sdk) by extension 'colcon_pkg'
[0.369s] Level 1:colcon.colcon_core.package_identification:_identify(third_party/ugv_sdk) by extensions ['colcon_meta']
[0.369s] Level 1:colcon.colcon_core.package_identification:_identify(third_party/ugv_sdk) by extension 'colcon_meta'
[0.369s] Level 1:colcon.colcon_core.package_identification:_identify(third_party/ugv_sdk) by extensions ['ros']
[0.369s] Level 1:colcon.colcon_core.package_identification:_identify(third_party/ugv_sdk) by extension 'ros'
[0.370s] DEBUG:colcon.colcon_core.package_identification:Package 'third_party/ugv_sdk' with type 'ros.ament_cmake' and name 'ugv_sdk'
[0.370s] Level 1:colcon.colcon_core.package_discovery:discover_packages(recursive) using defaults
[0.370s] Level 1:colcon.colcon_core.package_discovery:discover_packages(ignore) discover
[0.370s] Level 1:colcon.colcon_core.package_discovery:discover_packages(ignore) using defaults
[0.370s] Level 1:colcon.colcon_core.package_discovery:discover_packages(path) discover
[0.370s] Level 1:colcon.colcon_core.package_discovery:discover_packages(path) using defaults
[0.398s] Level 1:colcon.colcon_core.package_discovery:discover_packages(prefix_path) check parameters
[0.399s] Level 1:colcon.colcon_core.package_discovery:discover_packages(prefix_path) discover
[0.402s] DEBUG:colcon.colcon_installed_package_information.package_discovery:Found 489 installed packages in /opt/ros/humble
[0.404s] Level 1:colcon.colcon_core.package_discovery:discover_packages(prefix_path) using defaults
[0.491s] Level 5:colcon.colcon_core.verb:set package 'agt_description' build argument 'cmake_args' from command line to 'None'
[0.491s] Level 5:colcon.colcon_core.verb:set package 'agt_description' build argument 'cmake_target' from command line to 'None'
[0.491s] Level 5:colcon.colcon_core.verb:set package 'agt_description' build argument 'cmake_target_skip_unavailable' from command line to 'False'
[0.491s] Level 5:colcon.colcon_core.verb:set package 'agt_description' build argument 'cmake_clean_cache' from command line to 'False'
[0.491s] Level 5:colcon.colcon_core.verb:set package 'agt_description' build argument 'cmake_clean_first' from command line to 'False'
[0.492s] Level 5:colcon.colcon_core.verb:set package 'agt_description' build argument 'cmake_force_configure' from command line to 'False'
[0.492s] Level 5:colcon.colcon_core.verb:set package 'agt_description' build argument 'ament_cmake_args' from command line to 'None'
[0.492s] Level 5:colcon.colcon_core.verb:set package 'agt_description' build argument 'catkin_cmake_args' from command line to 'None'
[0.492s] Level 5:colcon.colcon_core.verb:set package 'agt_description' build argument 'catkin_skip_building_tests' from command line to 'False'
[0.492s] DEBUG:colcon.colcon_core.verb:Building package 'agt_description' with the following arguments: {'ament_cmake_args': None, 'build_base': '/home/yangxuan/agt_navigation_runtime/build/agt_description', 'catkin_cmake_args': None, 'catkin_skip_building_tests': False, 'cmake_args': None, 'cmake_clean_cache': False, 'cmake_clean_first': False, 'cmake_force_configure': False, 'cmake_target': None, 'cmake_target_skip_unavailable': False, 'install_base': '/home/yangxuan/agt_navigation_runtime/install/agt_description', 'merge_install': False, 'path': '/home/yangxuan/agt_navigation_runtime/src/agt_description', 'symlink_install': True, 'test_result_base': None}
[0.492s] Level 5:colcon.colcon_core.verb:set package 'agt_interfaces' build argument 'cmake_args' from command line to 'None'
[0.492s] Level 5:colcon.colcon_core.verb:set package 'agt_interfaces' build argument 'cmake_target' from command line to 'None'
[0.492s] Level 5:colcon.colcon_core.verb:set package 'agt_interfaces' build argument 'cmake_target_skip_unavailable' from command line to 'False'
[0.493s] Level 5:colcon.colcon_core.verb:set package 'agt_interfaces' build argument 'cmake_clean_cache' from command line to 'False'
[0.493s] Level 5:colcon.colcon_core.verb:set package 'agt_interfaces' build argument 'cmake_clean_first' from command line to 'False'
[0.493s] Level 5:colcon.colcon_core.verb:set package 'agt_interfaces' build argument 'cmake_force_configure' from command line to 'False'
[0.493s] Level 5:colcon.colcon_core.verb:set package 'agt_interfaces' build argument 'ament_cmake_args' from command line to 'None'
[0.493s] Level 5:colcon.colcon_core.verb:set package 'agt_interfaces' build argument 'catkin_cmake_args' from command line to 'None'
[0.493s] Level 5:colcon.colcon_core.verb:set package 'agt_interfaces' build argument 'catkin_skip_building_tests' from command line to 'False'
[0.493s] DEBUG:colcon.colcon_core.verb:Building package 'agt_interfaces' with the following arguments: {'ament_cmake_args': None, 'build_base': '/home/yangxuan/agt_navigation_runtime/build/agt_interfaces', 'catkin_cmake_args': None, 'catkin_skip_building_tests': False, 'cmake_args': None, 'cmake_clean_cache': False, 'cmake_clean_first': False, 'cmake_force_configure': False, 'cmake_target': None, 'cmake_target_skip_unavailable': False, 'install_base': '/home/yangxuan/agt_navigation_runtime/install/agt_interfaces', 'merge_install': False, 'path': '/home/yangxuan/agt_navigation_runtime/src/agt_interfaces', 'symlink_install': True, 'test_result_base': None}
[0.493s] Level 5:colcon.colcon_core.verb:set package 'agt_localization_fusion' build argument 'cmake_args' from command line to 'None'
[0.493s] Level 5:colcon.colcon_core.verb:set package 'agt_localization_fusion' build argument 'cmake_target' from command line to 'None'
[0.493s] Level 5:colcon.colcon_core.verb:set package 'agt_localization_fusion' build argument 'cmake_target_skip_unavailable' from command line to 'False'
[0.493s] Level 5:colcon.colcon_core.verb:set package 'agt_localization_fusion' build argument 'cmake_clean_cache' from command line to 'False'
[0.494s] Level 5:colcon.colcon_core.verb:set package 'agt_localization_fusion' build argument 'cmake_clean_first' from command line to 'False'
[0.494s] Level 5:colcon.colcon_core.verb:set package 'agt_localization_fusion' build argument 'cmake_force_configure' from command line to 'False'
[0.494s] Level 5:colcon.colcon_core.verb:set package 'agt_localization_fusion' build argument 'ament_cmake_args' from command line to 'None'
[0.494s] Level 5:colcon.colcon_core.verb:set package 'agt_localization_fusion' build argument 'catkin_cmake_args' from command line to 'None'
[0.494s] Level 5:colcon.colcon_core.verb:set package 'agt_localization_fusion' build argument 'catkin_skip_building_tests' from command line to 'False'
[0.494s] DEBUG:colcon.colcon_core.verb:Building package 'agt_localization_fusion' with the following arguments: {'ament_cmake_args': None, 'build_base': '/home/yangxuan/agt_navigation_runtime/build/agt_localization_fusion', 'catkin_cmake_args': None, 'catkin_skip_building_tests': False, 'cmake_args': None, 'cmake_clean_cache': False, 'cmake_clean_first': False, 'cmake_force_configure': False, 'cmake_target': None, 'cmake_target_skip_unavailable': False, 'install_base': '/home/yangxuan/agt_navigation_runtime/install/agt_localization_fusion', 'merge_install': False, 'path': '/home/yangxuan/agt_navigation_runtime/src/agt_localization_fusion', 'symlink_install': True, 'test_result_base': None}
[0.494s] Level 5:colcon.colcon_core.verb:set package 'agt_perception' build argument 'cmake_args' from command line to 'None'
[0.494s] Level 5:colcon.colcon_core.verb:set package 'agt_perception' build argument 'cmake_target' from command line to 'None'
[0.494s] Level 5:colcon.colcon_core.verb:set package 'agt_perception' build argument 'cmake_target_skip_unavailable' from command line to 'False'
[0.494s] Level 5:colcon.colcon_core.verb:set package 'agt_perception' build argument 'cmake_clean_cache' from command line to 'False'
[0.495s] Level 5:colcon.colcon_core.verb:set package 'agt_perception' build argument 'cmake_clean_first' from command line to 'False'
[0.495s] Level 5:colcon.colcon_core.verb:set package 'agt_perception' build argument 'cmake_force_configure' from command line to 'False'
[0.495s] Level 5:colcon.colcon_core.verb:set package 'agt_perception' build argument 'ament_cmake_args' from command line to 'None'
[0.495s] Level 5:colcon.colcon_core.verb:set package 'agt_perception' build argument 'catkin_cmake_args' from command line to 'None'
[0.495s] Level 5:colcon.colcon_core.verb:set package 'agt_perception' build argument 'catkin_skip_building_tests' from command line to 'False'
[0.495s] DEBUG:colcon.colcon_core.verb:Building package 'agt_perception' with the following arguments: {'ament_cmake_args': None, 'build_base': '/home/yangxuan/agt_navigation_runtime/build/agt_perception', 'catkin_cmake_args': None, 'catkin_skip_building_tests': False, 'cmake_args': None, 'cmake_clean_cache': False, 'cmake_clean_first': False, 'cmake_force_configure': False, 'cmake_target': None, 'cmake_target_skip_unavailable': False, 'install_base': '/home/yangxuan/agt_navigation_runtime/install/agt_perception', 'merge_install': False, 'path': '/home/yangxuan/agt_navigation_runtime/src/agt_perception', 'symlink_install': True, 'test_result_base': None}
[0.495s] Level 5:colcon.colcon_core.verb:set package 'agt_sensor_monitor' build argument 'cmake_args' from command line to 'None'
[0.495s] Level 5:colcon.colcon_core.verb:set package 'agt_sensor_monitor' build argument 'cmake_target' from command line to 'None'
[0.495s] Level 5:colcon.colcon_core.verb:set package 'agt_sensor_monitor' build argument 'cmake_target_skip_unavailable' from command line to 'False'
[0.495s] Level 5:colcon.colcon_core.verb:set package 'agt_sensor_monitor' build argument 'cmake_clean_cache' from command line to 'False'
[0.495s] Level 5:colcon.colcon_core.verb:set package 'agt_sensor_monitor' build argument 'cmake_clean_first' from command line to 'False'
[0.496s] Level 5:colcon.colcon_core.verb:set package 'agt_sensor_monitor' build argument 'cmake_force_configure' from command line to 'False'
[0.496s] Level 5:colcon.colcon_core.verb:set package 'agt_sensor_monitor' build argument 'ament_cmake_args' from command line to 'None'
[0.496s] Level 5:colcon.colcon_core.verb:set package 'agt_sensor_monitor' build argument 'catkin_cmake_args' from command line to 'None'
[0.496s] Level 5:colcon.colcon_core.verb:set package 'agt_sensor_monitor' build argument 'catkin_skip_building_tests' from command line to 'False'
[0.496s] DEBUG:colcon.colcon_core.verb:Building package 'agt_sensor_monitor' with the following arguments: {'ament_cmake_args': None, 'build_base': '/home/yangxuan/agt_navigation_runtime/build/agt_sensor_monitor', 'catkin_cmake_args': None, 'catkin_skip_building_tests': False, 'cmake_args': None, 'cmake_clean_cache': False, 'cmake_clean_first': False, 'cmake_force_configure': False, 'cmake_target': None, 'cmake_target_skip_unavailable': False, 'install_base': '/home/yangxuan/agt_navigation_runtime/install/agt_sensor_monitor', 'merge_install': False, 'path': '/home/yangxuan/agt_navigation_runtime/src/agt_sensor_monitor', 'symlink_install': True, 'test_result_base': None}
[0.496s] Level 5:colcon.colcon_core.verb:set package 'bunker_msgs' build argument 'cmake_args' from command line to 'None'
[0.496s] Level 5:colcon.colcon_core.verb:set package 'bunker_msgs' build argument 'cmake_target' from command line to 'None'
[0.496s] Level 5:colcon.colcon_core.verb:set package 'bunker_msgs' build argument 'cmake_target_skip_unavailable' from command line to 'False'
[0.496s] Level 5:colcon.colcon_core.verb:set package 'bunker_msgs' build argument 'cmake_clean_cache' from command line to 'False'
[0.496s] Level 5:colcon.colcon_core.verb:set package 'bunker_msgs' build argument 'cmake_clean_first' from command line to 'False'
[0.496s] Level 5:colcon.colcon_core.verb:set package 'bunker_msgs' build argument 'cmake_force_configure' from command line to 'False'
[0.497s] Level 5:colcon.colcon_core.verb:set package 'bunker_msgs' build argument 'ament_cmake_args' from command line to 'None'
[0.497s] Level 5:colcon.colcon_core.verb:set package 'bunker_msgs' build argument 'catkin_cmake_args' from command line to 'None'
[0.497s] Level 5:colcon.colcon_core.verb:set package 'bunker_msgs' build argument 'catkin_skip_building_tests' from command line to 'False'
[0.497s] DEBUG:colcon.colcon_core.verb:Building package 'bunker_msgs' with the following arguments: {'ament_cmake_args': None, 'build_base': '/home/yangxuan/agt_navigation_runtime/build/bunker_msgs', 'catkin_cmake_args': None, 'catkin_skip_building_tests': False, 'cmake_args': None, 'cmake_clean_cache': False, 'cmake_clean_first': False, 'cmake_force_configure': False, 'cmake_target': None, 'cmake_target_skip_unavailable': False, 'install_base': '/home/yangxuan/agt_navigation_runtime/install/bunker_msgs', 'merge_install': False, 'path': '/home/yangxuan/agt_navigation_runtime/third_party/bunker_ros2/bunker_msgs', 'symlink_install': True, 'test_result_base': None}
[0.497s] Level 5:colcon.colcon_core.verb:set package 'livox_ros_driver2' build argument 'cmake_args' from command line to 'None'
[0.497s] Level 5:colcon.colcon_core.verb:set package 'livox_ros_driver2' build argument 'cmake_target' from command line to 'None'
[0.498s] Level 5:colcon.colcon_core.verb:set package 'livox_ros_driver2' build argument 'cmake_target_skip_unavailable' from command line to 'False'
[0.498s] Level 5:colcon.colcon_core.verb:set package 'livox_ros_driver2' build argument 'cmake_clean_cache' from command line to 'False'
[0.498s] Level 5:colcon.colcon_core.verb:set package 'livox_ros_driver2' build argument 'cmake_clean_first' from command line to 'False'
[0.498s] Level 5:colcon.colcon_core.verb:set package 'livox_ros_driver2' build argument 'cmake_force_configure' from command line to 'False'
[0.498s] Level 5:colcon.colcon_core.verb:set package 'livox_ros_driver2' build argument 'ament_cmake_args' from command line to 'None'
[0.498s] Level 5:colcon.colcon_core.verb:set package 'livox_ros_driver2' build argument 'catkin_cmake_args' from command line to 'None'
[0.498s] Level 5:colcon.colcon_core.verb:set package 'livox_ros_driver2' build argument 'catkin_skip_building_tests' from command line to 'False'
[0.498s] DEBUG:colcon.colcon_core.verb:Building package 'livox_ros_driver2' with the following arguments: {'ament_cmake_args': None, 'build_base': '/home/yangxuan/agt_navigation_runtime/build/livox_ros_driver2', 'catkin_cmake_args': None, 'catkin_skip_building_tests': False, 'cmake_args': None, 'cmake_clean_cache': False, 'cmake_clean_first': False, 'cmake_force_configure': False, 'cmake_target': None, 'cmake_target_skip_unavailable': False, 'install_base': '/home/yangxuan/agt_navigation_runtime/install/livox_ros_driver2', 'merge_install': False, 'path': '/home/yangxuan/agt_navigation_runtime/third_party/livox_ros_driver2', 'symlink_install': True, 'test_result_base': None}
[0.498s] Level 5:colcon.colcon_core.verb:set package 'ndt_omp_ros2' build argument 'cmake_args' from command line to 'None'
[0.498s] Level 5:colcon.colcon_core.verb:set package 'ndt_omp_ros2' build argument 'cmake_target' from command line to 'None'
[0.498s] Level 5:colcon.colcon_core.verb:set package 'ndt_omp_ros2' build argument 'cmake_target_skip_unavailable' from command line to 'False'
[0.498s] Level 5:colcon.colcon_core.verb:set package 'ndt_omp_ros2' build argument 'cmake_clean_cache' from command line to 'False'
[0.498s] Level 5:colcon.colcon_core.verb:set package 'ndt_omp_ros2' build argument 'cmake_clean_first' from command line to 'False'
[0.498s] Level 5:colcon.colcon_core.verb:set package 'ndt_omp_ros2' build argument 'cmake_force_configure' from command line to 'False'
[0.498s] Level 5:colcon.colcon_core.verb:set package 'ndt_omp_ros2' build argument 'ament_cmake_args' from command line to 'None'
[0.498s] Level 5:colcon.colcon_core.verb:set package 'ndt_omp_ros2' build argument 'catkin_cmake_args' from command line to 'None'
[0.498s] Level 5:colcon.colcon_core.verb:set package 'ndt_omp_ros2' build argument 'catkin_skip_building_tests' from command line to 'False'
[0.499s] DEBUG:colcon.colcon_core.verb:Building package 'ndt_omp_ros2' with the following arguments: {'ament_cmake_args': None, 'build_base': '/home/yangxuan/agt_navigation_runtime/build/ndt_omp_ros2', 'catkin_cmake_args': None, 'catkin_skip_building_tests': False, 'cmake_args': None, 'cmake_clean_cache': False, 'cmake_clean_first': False, 'cmake_force_configure': False, 'cmake_target': None, 'cmake_target_skip_unavailable': False, 'install_base': '/home/yangxuan/agt_navigation_runtime/install/ndt_omp_ros2', 'merge_install': False, 'path': '/home/yangxuan/agt_navigation_runtime/third_party/ndt_omp_ros2', 'symlink_install': True, 'test_result_base': None}
[0.499s] Level 5:colcon.colcon_core.verb:set package 'ugv_sdk' build argument 'cmake_args' from command line to 'None'
[0.499s] Level 5:colcon.colcon_core.verb:set package 'ugv_sdk' build argument 'cmake_target' from command line to 'None'
[0.499s] Level 5:colcon.colcon_core.verb:set package 'ugv_sdk' build argument 'cmake_target_skip_unavailable' from command line to 'False'
[0.499s] Level 5:colcon.colcon_core.verb:set package 'ugv_sdk' build argument 'cmake_clean_cache' from command line to 'False'
[0.499s] Level 5:colcon.colcon_core.verb:set package 'ugv_sdk' build argument 'cmake_clean_first' from command line to 'False'
[0.499s] Level 5:colcon.colcon_core.verb:set package 'ugv_sdk' build argument 'cmake_force_configure' from command line to 'False'
[0.499s] Level 5:colcon.colcon_core.verb:set package 'ugv_sdk' build argument 'ament_cmake_args' from command line to 'None'
[0.499s] Level 5:colcon.colcon_core.verb:set package 'ugv_sdk' build argument 'catkin_cmake_args' from command line to 'None'
[0.499s] Level 5:colcon.colcon_core.verb:set package 'ugv_sdk' build argument 'catkin_skip_building_tests' from command line to 'False'
[0.499s] DEBUG:colcon.colcon_core.verb:Building package 'ugv_sdk' with the following arguments: {'ament_cmake_args': None, 'build_base': '/home/yangxuan/agt_navigation_runtime/build/ugv_sdk', 'catkin_cmake_args': None, 'catkin_skip_building_tests': False, 'cmake_args': None, 'cmake_clean_cache': False, 'cmake_clean_first': False, 'cmake_force_configure': False, 'cmake_target': None, 'cmake_target_skip_unavailable': False, 'install_base': '/home/yangxuan/agt_navigation_runtime/install/ugv_sdk', 'merge_install': False, 'path': '/home/yangxuan/agt_navigation_runtime/third_party/ugv_sdk', 'symlink_install': True, 'test_result_base': None}
[0.499s] Level 5:colcon.colcon_core.verb:set package 'vikit_common' build argument 'cmake_args' from command line to 'None'
[0.499s] Level 5:colcon.colcon_core.verb:set package 'vikit_common' build argument 'cmake_target' from command line to 'None'
[0.500s] Level 5:colcon.colcon_core.verb:set package 'vikit_common' build argument 'cmake_target_skip_unavailable' from command line to 'False'
[0.500s] Level 5:colcon.colcon_core.verb:set package 'vikit_common' build argument 'cmake_clean_cache' from command line to 'False'
[0.500s] Level 5:colcon.colcon_core.verb:set package 'vikit_common' build argument 'cmake_clean_first' from command line to 'False'
[0.500s] Level 5:colcon.colcon_core.verb:set package 'vikit_common' build argument 'cmake_force_configure' from command line to 'False'
[0.500s] Level 5:colcon.colcon_core.verb:set package 'vikit_common' build argument 'ament_cmake_args' from command line to 'None'
[0.500s] Level 5:colcon.colcon_core.verb:set package 'vikit_common' build argument 'catkin_cmake_args' from command line to 'None'
[0.500s] Level 5:colcon.colcon_core.verb:set package 'vikit_common' build argument 'catkin_skip_building_tests' from command line to 'False'
[0.500s] DEBUG:colcon.colcon_core.verb:Building package 'vikit_common' with the following arguments: {'ament_cmake_args': None, 'build_base': '/home/yangxuan/agt_navigation_runtime/build/vikit_common', 'catkin_cmake_args': None, 'catkin_skip_building_tests': False, 'cmake_args': None, 'cmake_clean_cache': False, 'cmake_clean_first': False, 'cmake_force_configure': False, 'cmake_target': None, 'cmake_target_skip_unavailable': False, 'install_base': '/home/yangxuan/agt_navigation_runtime/install/vikit_common', 'merge_install': False, 'path': '/home/yangxuan/agt_navigation_runtime/third_party/rpg_vikit_ros2_fisheye/vikit_common', 'symlink_install': True, 'test_result_base': None}
[0.500s] Level 5:colcon.colcon_core.verb:set package 'agt_bt_executor' build argument 'cmake_args' from command line to 'None'
[0.500s] Level 5:colcon.colcon_core.verb:set package 'agt_bt_executor' build argument 'cmake_target' from command line to 'None'
[0.500s] Level 5:colcon.colcon_core.verb:set package 'agt_bt_executor' build argument 'cmake_target_skip_unavailable' from command line to 'False'
[0.500s] Level 5:colcon.colcon_core.verb:set package 'agt_bt_executor' build argument 'cmake_clean_cache' from command line to 'False'
[0.500s] Level 5:colcon.colcon_core.verb:set package 'agt_bt_executor' build argument 'cmake_clean_first' from command line to 'False'
[0.500s] Level 5:colcon.colcon_core.verb:set package 'agt_bt_executor' build argument 'cmake_force_configure' from command line to 'False'
[0.500s] Level 5:colcon.colcon_core.verb:set package 'agt_bt_executor' build argument 'ament_cmake_args' from command line to 'None'
[0.500s] Level 5:colcon.colcon_core.verb:set package 'agt_bt_executor' build argument 'catkin_cmake_args' from command line to 'None'
[0.500s] Level 5:colcon.colcon_core.verb:set package 'agt_bt_executor' build argument 'catkin_skip_building_tests' from command line to 'False'
[0.500s] DEBUG:colcon.colcon_core.verb:Building package 'agt_bt_executor' with the following arguments: {'ament_cmake_args': None, 'build_base': '/home/yangxuan/agt_navigation_runtime/build/agt_bt_executor', 'catkin_cmake_args': None, 'catkin_skip_building_tests': False, 'cmake_args': None, 'cmake_clean_cache': False, 'cmake_clean_first': False, 'cmake_force_configure': False, 'cmake_target': None, 'cmake_target_skip_unavailable': False, 'install_base': '/home/yangxuan/agt_navigation_runtime/install/agt_bt_executor', 'merge_install': False, 'path': '/home/yangxuan/agt_navigation_runtime/src/agt_bt_executor', 'symlink_install': True, 'test_result_base': None}
[0.501s] Level 5:colcon.colcon_core.verb:set package 'agt_experiment_manager' build argument 'cmake_args' from command line to 'None'
[0.501s] Level 5:colcon.colcon_core.verb:set package 'agt_experiment_manager' build argument 'cmake_target' from command line to 'None'
[0.501s] Level 5:colcon.colcon_core.verb:set package 'agt_experiment_manager' build argument 'cmake_target_skip_unavailable' from command line to 'False'
[0.501s] Level 5:colcon.colcon_core.verb:set package 'agt_experiment_manager' build argument 'cmake_clean_cache' from command line to 'False'
[0.501s] Level 5:colcon.colcon_core.verb:set package 'agt_experiment_manager' build argument 'cmake_clean_first' from command line to 'False'
[0.501s] Level 5:colcon.colcon_core.verb:set package 'agt_experiment_manager' build argument 'cmake_force_configure' from command line to 'False'
[0.501s] Level 5:colcon.colcon_core.verb:set package 'agt_experiment_manager' build argument 'ament_cmake_args' from command line to 'None'
[0.501s] Level 5:colcon.colcon_core.verb:set package 'agt_experiment_manager' build argument 'catkin_cmake_args' from command line to 'None'
[0.501s] Level 5:colcon.colcon_core.verb:set package 'agt_experiment_manager' build argument 'catkin_skip_building_tests' from command line to 'False'
[0.501s] DEBUG:colcon.colcon_core.verb:Building package 'agt_experiment_manager' with the following arguments: {'ament_cmake_args': None, 'build_base': '/home/yangxuan/agt_navigation_runtime/build/agt_experiment_manager', 'catkin_cmake_args': None, 'catkin_skip_building_tests': False, 'cmake_args': None, 'cmake_clean_cache': False, 'cmake_clean_first': False, 'cmake_force_configure': False, 'cmake_target': None, 'cmake_target_skip_unavailable': False, 'install_base': '/home/yangxuan/agt_navigation_runtime/install/agt_experiment_manager', 'merge_install': False, 'path': '/home/yangxuan/agt_navigation_runtime/src/agt_experiment_manager', 'symlink_install': True, 'test_result_base': None}
[0.501s] Level 5:colcon.colcon_core.verb:set package 'agt_navigation' build argument 'cmake_args' from command line to 'None'
[0.501s] Level 5:colcon.colcon_core.verb:set package 'agt_navigation' build argument 'cmake_target' from command line to 'None'
[0.501s] Level 5:colcon.colcon_core.verb:set package 'agt_navigation' build argument 'cmake_target_skip_unavailable' from command line to 'False'
[0.501s] Level 5:colcon.colcon_core.verb:set package 'agt_navigation' build argument 'cmake_clean_cache' from command line to 'False'
[0.501s] Level 5:colcon.colcon_core.verb:set package 'agt_navigation' build argument 'cmake_clean_first' from command line to 'False'
[0.501s] Level 5:colcon.colcon_core.verb:set package 'agt_navigation' build argument 'cmake_force_configure' from command line to 'False'
[0.501s] Level 5:colcon.colcon_core.verb:set package 'agt_navigation' build argument 'ament_cmake_args' from command line to 'None'
[0.501s] Level 5:colcon.colcon_core.verb:set package 'agt_navigation' build argument 'catkin_cmake_args' from command line to 'None'
[0.501s] Level 5:colcon.colcon_core.verb:set package 'agt_navigation' build argument 'catkin_skip_building_tests' from command line to 'False'
[0.501s] DEBUG:colcon.colcon_core.verb:Building package 'agt_navigation' with the following arguments: {'ament_cmake_args': None, 'build_base': '/home/yangxuan/agt_navigation_runtime/build/agt_navigation', 'catkin_cmake_args': None, 'catkin_skip_building_tests': False, 'cmake_args': None, 'cmake_clean_cache': False, 'cmake_clean_first': False, 'cmake_force_configure': False, 'cmake_target': None, 'cmake_target_skip_unavailable': False, 'install_base': '/home/yangxuan/agt_navigation_runtime/install/agt_navigation', 'merge_install': False, 'path': '/home/yangxuan/agt_navigation_runtime/src/agt_navigation', 'symlink_install': True, 'test_result_base': None}
[0.502s] Level 5:colcon.colcon_core.verb:set package 'agt_safety' build argument 'cmake_args' from command line to 'None'
[0.502s] Level 5:colcon.colcon_core.verb:set package 'agt_safety' build argument 'cmake_target' from command line to 'None'
[0.502s] Level 5:colcon.colcon_core.verb:set package 'agt_safety' build argument 'cmake_target_skip_unavailable' from command line to 'False'
[0.502s] Level 5:colcon.colcon_core.verb:set package 'agt_safety' build argument 'cmake_clean_cache' from command line to 'False'
[0.502s] Level 5:colcon.colcon_core.verb:set package 'agt_safety' build argument 'cmake_clean_first' from command line to 'False'
[0.502s] Level 5:colcon.colcon_core.verb:set package 'agt_safety' build argument 'cmake_force_configure' from command line to 'False'
[0.502s] Level 5:colcon.colcon_core.verb:set package 'agt_safety' build argument 'ament_cmake_args' from command line to 'None'
[0.502s] Level 5:colcon.colcon_core.verb:set package 'agt_safety' build argument 'catkin_cmake_args' from command line to 'None'
[0.502s] Level 5:colcon.colcon_core.verb:set package 'agt_safety' build argument 'catkin_skip_building_tests' from command line to 'False'
[0.502s] DEBUG:colcon.colcon_core.verb:Building package 'agt_safety' with the following arguments: {'ament_cmake_args': None, 'build_base': '/home/yangxuan/agt_navigation_runtime/build/agt_safety', 'catkin_cmake_args': None, 'catkin_skip_building_tests': False, 'cmake_args': None, 'cmake_clean_cache': False, 'cmake_clean_first': False, 'cmake_force_configure': False, 'cmake_target': None, 'cmake_target_skip_unavailable': False, 'install_base': '/home/yangxuan/agt_navigation_runtime/install/agt_safety', 'merge_install': False, 'path': '/home/yangxuan/agt_navigation_runtime/src/agt_safety', 'symlink_install': True, 'test_result_base': None}
[0.502s] Level 5:colcon.colcon_core.verb:set package 'agt_sensor_adapters' build argument 'cmake_args' from command line to 'None'
[0.502s] Level 5:colcon.colcon_core.verb:set package 'agt_sensor_adapters' build argument 'cmake_target' from command line to 'None'
[0.502s] Level 5:colcon.colcon_core.verb:set package 'agt_sensor_adapters' build argument 'cmake_target_skip_unavailable' from command line to 'False'
[0.502s] Level 5:colcon.colcon_core.verb:set package 'agt_sensor_adapters' build argument 'cmake_clean_cache' from command line to 'False'
[0.502s] Level 5:colcon.colcon_core.verb:set package 'agt_sensor_adapters' build argument 'cmake_clean_first' from command line to 'False'
[0.502s] Level 5:colcon.colcon_core.verb:set package 'agt_sensor_adapters' build argument 'cmake_force_configure' from command line to 'False'
[0.502s] Level 5:colcon.colcon_core.verb:set package 'agt_sensor_adapters' build argument 'ament_cmake_args' from command line to 'None'
[0.502s] Level 5:colcon.colcon_core.verb:set package 'agt_sensor_adapters' build argument 'catkin_cmake_args' from command line to 'None'
[0.502s] Level 5:colcon.colcon_core.verb:set package 'agt_sensor_adapters' build argument 'catkin_skip_building_tests' from command line to 'False'
[0.502s] DEBUG:colcon.colcon_core.verb:Building package 'agt_sensor_adapters' with the following arguments: {'ament_cmake_args': None, 'build_base': '/home/yangxuan/agt_navigation_runtime/build/agt_sensor_adapters', 'catkin_cmake_args': None, 'catkin_skip_building_tests': False, 'cmake_args': None, 'cmake_clean_cache': False, 'cmake_clean_first': False, 'cmake_force_configure': False, 'cmake_target': None, 'cmake_target_skip_unavailable': False, 'install_base': '/home/yangxuan/agt_navigation_runtime/install/agt_sensor_adapters', 'merge_install': False, 'path': '/home/yangxuan/agt_navigation_runtime/src/agt_sensor_adapters', 'symlink_install': True, 'test_result_base': None}
[0.503s] Level 5:colcon.colcon_core.verb:set package 'bunker_base' build argument 'cmake_args' from command line to 'None'
[0.503s] Level 5:colcon.colcon_core.verb:set package 'bunker_base' build argument 'cmake_target' from command line to 'None'
[0.503s] Level 5:colcon.colcon_core.verb:set package 'bunker_base' build argument 'cmake_target_skip_unavailable' from command line to 'False'
[0.503s] Level 5:colcon.colcon_core.verb:set package 'bunker_base' build argument 'cmake_clean_cache' from command line to 'False'
[0.503s] Level 5:colcon.colcon_core.verb:set package 'bunker_base' build argument 'cmake_clean_first' from command line to 'False'
[0.503s] Level 5:colcon.colcon_core.verb:set package 'bunker_base' build argument 'cmake_force_configure' from command line to 'False'
[0.503s] Level 5:colcon.colcon_core.verb:set package 'bunker_base' build argument 'ament_cmake_args' from command line to 'None'
[0.503s] Level 5:colcon.colcon_core.verb:set package 'bunker_base' build argument 'catkin_cmake_args' from command line to 'None'
[0.503s] Level 5:colcon.colcon_core.verb:set package 'bunker_base' build argument 'catkin_skip_building_tests' from command line to 'False'
[0.503s] DEBUG:colcon.colcon_core.verb:Building package 'bunker_base' with the following arguments: {'ament_cmake_args': None, 'build_base': '/home/yangxuan/agt_navigation_runtime/build/bunker_base', 'catkin_cmake_args': None, 'catkin_skip_building_tests': False, 'cmake_args': None, 'cmake_clean_cache': False, 'cmake_clean_first': False, 'cmake_force_configure': False, 'cmake_target': None, 'cmake_target_skip_unavailable': False, 'install_base': '/home/yangxuan/agt_navigation_runtime/install/bunker_base', 'merge_install': False, 'path': '/home/yangxuan/agt_navigation_runtime/third_party/bunker_ros2/bunker_base', 'symlink_install': True, 'test_result_base': None}
[0.503s] Level 5:colcon.colcon_core.verb:set package 'relocalization_core' build argument 'cmake_args' from command line to 'None'
[0.503s] Level 5:colcon.colcon_core.verb:set package 'relocalization_core' build argument 'cmake_target' from command line to 'None'
[0.503s] Level 5:colcon.colcon_core.verb:set package 'relocalization_core' build argument 'cmake_target_skip_unavailable' from command line to 'False'
[0.503s] Level 5:colcon.colcon_core.verb:set package 'relocalization_core' build argument 'cmake_clean_cache' from command line to 'False'
[0.503s] Level 5:colcon.colcon_core.verb:set package 'relocalization_core' build argument 'cmake_clean_first' from command line to 'False'
[0.503s] Level 5:colcon.colcon_core.verb:set package 'relocalization_core' build argument 'cmake_force_configure' from command line to 'False'
[0.504s] Level 5:colcon.colcon_core.verb:set package 'relocalization_core' build argument 'ament_cmake_args' from command line to 'None'
[0.504s] Level 5:colcon.colcon_core.verb:set package 'relocalization_core' build argument 'catkin_cmake_args' from command line to 'None'
[0.504s] Level 5:colcon.colcon_core.verb:set package 'relocalization_core' build argument 'catkin_skip_building_tests' from command line to 'False'
[0.504s] DEBUG:colcon.colcon_core.verb:Building package 'relocalization_core' with the following arguments: {'ament_cmake_args': None, 'build_base': '/home/yangxuan/agt_navigation_runtime/build/relocalization_core', 'catkin_cmake_args': None, 'catkin_skip_building_tests': False, 'cmake_args': None, 'cmake_clean_cache': False, 'cmake_clean_first': False, 'cmake_force_configure': False, 'cmake_target': None, 'cmake_target_skip_unavailable': False, 'install_base': '/home/yangxuan/agt_navigation_runtime/install/relocalization_core', 'merge_install': False, 'path': '/home/yangxuan/agt_navigation_runtime/third_party/relocalization_core', 'symlink_install': True, 'test_result_base': None}
[0.504s] Level 5:colcon.colcon_core.verb:set package 'vikit_ros' build argument 'cmake_args' from command line to 'None'
[0.504s] Level 5:colcon.colcon_core.verb:set package 'vikit_ros' build argument 'cmake_target' from command line to 'None'
[0.504s] Level 5:colcon.colcon_core.verb:set package 'vikit_ros' build argument 'cmake_target_skip_unavailable' from command line to 'False'
[0.504s] Level 5:colcon.colcon_core.verb:set package 'vikit_ros' build argument 'cmake_clean_cache' from command line to 'False'
[0.504s] Level 5:colcon.colcon_core.verb:set package 'vikit_ros' build argument 'cmake_clean_first' from command line to 'False'
[0.504s] Level 5:colcon.colcon_core.verb:set package 'vikit_ros' build argument 'cmake_force_configure' from command line to 'False'
[0.504s] Level 5:colcon.colcon_core.verb:set package 'vikit_ros' build argument 'ament_cmake_args' from command line to 'None'
[0.504s] Level 5:colcon.colcon_core.verb:set package 'vikit_ros' build argument 'catkin_cmake_args' from command line to 'None'
[0.504s] Level 5:colcon.colcon_core.verb:set package 'vikit_ros' build argument 'catkin_skip_building_tests' from command line to 'False'
[0.504s] DEBUG:colcon.colcon_core.verb:Building package 'vikit_ros' with the following arguments: {'ament_cmake_args': None, 'build_base': '/home/yangxuan/agt_navigation_runtime/build/vikit_ros', 'catkin_cmake_args': None, 'catkin_skip_building_tests': False, 'cmake_args': None, 'cmake_clean_cache': False, 'cmake_clean_first': False, 'cmake_force_configure': False, 'cmake_target': None, 'cmake_target_skip_unavailable': False, 'install_base': '/home/yangxuan/agt_navigation_runtime/install/vikit_ros', 'merge_install': False, 'path': '/home/yangxuan/agt_navigation_runtime/third_party/rpg_vikit_ros2_fisheye/vikit_ros', 'symlink_install': True, 'test_result_base': None}
[0.504s] Level 5:colcon.colcon_core.verb:set package 'agt_chassis' build argument 'cmake_args' from command line to 'None'
[0.504s] Level 5:colcon.colcon_core.verb:set package 'agt_chassis' build argument 'cmake_target' from command line to 'None'
[0.504s] Level 5:colcon.colcon_core.verb:set package 'agt_chassis' build argument 'cmake_target_skip_unavailable' from command line to 'False'
[0.504s] Level 5:colcon.colcon_core.verb:set package 'agt_chassis' build argument 'cmake_clean_cache' from command line to 'False'
[0.504s] Level 5:colcon.colcon_core.verb:set package 'agt_chassis' build argument 'cmake_clean_first' from command line to 'False'
[0.504s] Level 5:colcon.colcon_core.verb:set package 'agt_chassis' build argument 'cmake_force_configure' from command line to 'False'
[0.504s] Level 5:colcon.colcon_core.verb:set package 'agt_chassis' build argument 'ament_cmake_args' from command line to 'None'
[0.504s] Level 5:colcon.colcon_core.verb:set package 'agt_chassis' build argument 'catkin_cmake_args' from command line to 'None'
[0.505s] Level 5:colcon.colcon_core.verb:set package 'agt_chassis' build argument 'catkin_skip_building_tests' from command line to 'False'
[0.505s] DEBUG:colcon.colcon_core.verb:Building package 'agt_chassis' with the following arguments: {'ament_cmake_args': None, 'build_base': '/home/yangxuan/agt_navigation_runtime/build/agt_chassis', 'catkin_cmake_args': None, 'catkin_skip_building_tests': False, 'cmake_args': None, 'cmake_clean_cache': False, 'cmake_clean_first': False, 'cmake_force_configure': False, 'cmake_target': None, 'cmake_target_skip_unavailable': False, 'install_base': '/home/yangxuan/agt_navigation_runtime/install/agt_chassis', 'merge_install': False, 'path': '/home/yangxuan/agt_navigation_runtime/src/agt_chassis', 'symlink_install': True, 'test_result_base': None}
[0.505s] Level 5:colcon.colcon_core.verb:set package 'agt_localization' build argument 'cmake_args' from command line to 'None'
[0.505s] Level 5:colcon.colcon_core.verb:set package 'agt_localization' build argument 'cmake_target' from command line to 'None'
[0.505s] Level 5:colcon.colcon_core.verb:set package 'agt_localization' build argument 'cmake_target_skip_unavailable' from command line to 'False'
[0.505s] Level 5:colcon.colcon_core.verb:set package 'agt_localization' build argument 'cmake_clean_cache' from command line to 'False'
[0.505s] Level 5:colcon.colcon_core.verb:set package 'agt_localization' build argument 'cmake_clean_first' from command line to 'False'
[0.505s] Level 5:colcon.colcon_core.verb:set package 'agt_localization' build argument 'cmake_force_configure' from command line to 'False'
[0.505s] Level 5:colcon.colcon_core.verb:set package 'agt_localization' build argument 'ament_cmake_args' from command line to 'None'
[0.505s] Level 5:colcon.colcon_core.verb:set package 'agt_localization' build argument 'catkin_cmake_args' from command line to 'None'
[0.505s] Level 5:colcon.colcon_core.verb:set package 'agt_localization' build argument 'catkin_skip_building_tests' from command line to 'False'
[0.505s] DEBUG:colcon.colcon_core.verb:Building package 'agt_localization' with the following arguments: {'ament_cmake_args': None, 'build_base': '/home/yangxuan/agt_navigation_runtime/build/agt_localization', 'catkin_cmake_args': None, 'catkin_skip_building_tests': False, 'cmake_args': None, 'cmake_clean_cache': False, 'cmake_clean_first': False, 'cmake_force_configure': False, 'cmake_target': None, 'cmake_target_skip_unavailable': False, 'install_base': '/home/yangxuan/agt_navigation_runtime/install/agt_localization', 'merge_install': False, 'path': '/home/yangxuan/agt_navigation_runtime/src/agt_localization', 'symlink_install': True, 'test_result_base': None}
[0.505s] Level 5:colcon.colcon_core.verb:set package 'agt_mapping' build argument 'cmake_args' from command line to 'None'
[0.505s] Level 5:colcon.colcon_core.verb:set package 'agt_mapping' build argument 'cmake_target' from command line to 'None'
[0.505s] Level 5:colcon.colcon_core.verb:set package 'agt_mapping' build argument 'cmake_target_skip_unavailable' from command line to 'False'
[0.505s] Level 5:colcon.colcon_core.verb:set package 'agt_mapping' build argument 'cmake_clean_cache' from command line to 'False'
[0.505s] Level 5:colcon.colcon_core.verb:set package 'agt_mapping' build argument 'cmake_clean_first' from command line to 'False'
[0.505s] Level 5:colcon.colcon_core.verb:set package 'agt_mapping' build argument 'cmake_force_configure' from command line to 'False'
[0.506s] Level 5:colcon.colcon_core.verb:set package 'agt_mapping' build argument 'ament_cmake_args' from command line to 'None'
[0.506s] Level 5:colcon.colcon_core.verb:set package 'agt_mapping' build argument 'catkin_cmake_args' from command line to 'None'
[0.506s] Level 5:colcon.colcon_core.verb:set package 'agt_mapping' build argument 'catkin_skip_building_tests' from command line to 'False'
[0.506s] DEBUG:colcon.colcon_core.verb:Building package 'agt_mapping' with the following arguments: {'ament_cmake_args': None, 'build_base': '/home/yangxuan/agt_navigation_runtime/build/agt_mapping', 'catkin_cmake_args': None, 'catkin_skip_building_tests': False, 'cmake_args': None, 'cmake_clean_cache': False, 'cmake_clean_first': False, 'cmake_force_configure': False, 'cmake_target': None, 'cmake_target_skip_unavailable': False, 'install_base': '/home/yangxuan/agt_navigation_runtime/install/agt_mapping', 'merge_install': False, 'path': '/home/yangxuan/agt_navigation_runtime/src/agt_mapping', 'symlink_install': True, 'test_result_base': None}
[0.506s] Level 5:colcon.colcon_core.verb:set package 'agt_mission_manager' build argument 'cmake_args' from command line to 'None'
[0.506s] Level 5:colcon.colcon_core.verb:set package 'agt_mission_manager' build argument 'cmake_target' from command line to 'None'
[0.506s] Level 5:colcon.colcon_core.verb:set package 'agt_mission_manager' build argument 'cmake_target_skip_unavailable' from command line to 'False'
[0.506s] Level 5:colcon.colcon_core.verb:set package 'agt_mission_manager' build argument 'cmake_clean_cache' from command line to 'False'
[0.506s] Level 5:colcon.colcon_core.verb:set package 'agt_mission_manager' build argument 'cmake_clean_first' from command line to 'False'
[0.506s] Level 5:colcon.colcon_core.verb:set package 'agt_mission_manager' build argument 'cmake_force_configure' from command line to 'False'
[0.506s] Level 5:colcon.colcon_core.verb:set package 'agt_mission_manager' build argument 'ament_cmake_args' from command line to 'None'
[0.506s] Level 5:colcon.colcon_core.verb:set package 'agt_mission_manager' build argument 'catkin_cmake_args' from command line to 'None'
[0.506s] Level 5:colcon.colcon_core.verb:set package 'agt_mission_manager' build argument 'catkin_skip_building_tests' from command line to 'False'
[0.506s] DEBUG:colcon.colcon_core.verb:Building package 'agt_mission_manager' with the following arguments: {'ament_cmake_args': None, 'build_base': '/home/yangxuan/agt_navigation_runtime/build/agt_mission_manager', 'catkin_cmake_args': None, 'catkin_skip_building_tests': False, 'cmake_args': None, 'cmake_clean_cache': False, 'cmake_clean_first': False, 'cmake_force_configure': False, 'cmake_target': None, 'cmake_target_skip_unavailable': False, 'install_base': '/home/yangxuan/agt_navigation_runtime/install/agt_mission_manager', 'merge_install': False, 'path': '/home/yangxuan/agt_navigation_runtime/src/agt_mission_manager', 'symlink_install': True, 'test_result_base': None}
[0.507s] Level 5:colcon.colcon_core.verb:set package 'fast_livo' build argument 'cmake_args' from command line to 'None'
[0.507s] Level 5:colcon.colcon_core.verb:set package 'fast_livo' build argument 'cmake_target' from command line to 'None'
[0.507s] Level 5:colcon.colcon_core.verb:set package 'fast_livo' build argument 'cmake_target_skip_unavailable' from command line to 'False'
[0.507s] Level 5:colcon.colcon_core.verb:set package 'fast_livo' build argument 'cmake_clean_cache' from command line to 'False'
[0.507s] Level 5:colcon.colcon_core.verb:set package 'fast_livo' build argument 'cmake_clean_first' from command line to 'False'
[0.507s] Level 5:colcon.colcon_core.verb:set package 'fast_livo' build argument 'cmake_force_configure' from command line to 'False'
[0.507s] Level 5:colcon.colcon_core.verb:set package 'fast_livo' build argument 'ament_cmake_args' from command line to 'None'
[0.507s] Level 5:colcon.colcon_core.verb:set package 'fast_livo' build argument 'catkin_cmake_args' from command line to 'None'
[0.507s] Level 5:colcon.colcon_core.verb:set package 'fast_livo' build argument 'catkin_skip_building_tests' from command line to 'False'
[0.507s] DEBUG:colcon.colcon_core.verb:Building package 'fast_livo' with the following arguments: {'ament_cmake_args': None, 'build_base': '/home/yangxuan/agt_navigation_runtime/build/fast_livo', 'catkin_cmake_args': None, 'catkin_skip_building_tests': False, 'cmake_args': None, 'cmake_clean_cache': False, 'cmake_clean_first': False, 'cmake_force_configure': False, 'cmake_target': None, 'cmake_target_skip_unavailable': False, 'install_base': '/home/yangxuan/agt_navigation_runtime/install/fast_livo', 'merge_install': False, 'path': '/home/yangxuan/agt_navigation_runtime/third_party/fast_livo2_ros2', 'symlink_install': True, 'test_result_base': None}
[0.507s] INFO:colcon.colcon_core.executor:Executing jobs using 'parallel' executor
[0.508s] DEBUG:colcon.colcon_parallel_executor.executor.parallel:run_until_complete
[0.509s] INFO:colcon.colcon_ros.task.ament_cmake.build:Building ROS package in '/home/yangxuan/agt_navigation_runtime/src/agt_interfaces' with build type 'ament_cmake'
[0.509s] INFO:colcon.colcon_cmake.task.cmake.build:Building CMake package in '/home/yangxuan/agt_navigation_runtime/src/agt_interfaces'
[0.513s] INFO:colcon.colcon_core.plugin_system:Skipping extension 'colcon_core.shell.bat': Not used on non-Windows systems
[0.513s] INFO:colcon.colcon_core.shell:Skip shell extension 'powershell' for command environment: Not usable outside of PowerShell
[0.513s] DEBUG:colcon.colcon_core.shell:Skip shell extension 'dsv' for command environment
[0.519s] INFO:colcon.colcon_ros.task.ament_cmake.build:Building ROS package in '/home/yangxuan/agt_navigation_runtime/third_party/livox_ros_driver2' with build type 'ament_cmake'
[0.520s] INFO:colcon.colcon_cmake.task.cmake.build:Building CMake package in '/home/yangxuan/agt_navigation_runtime/third_party/livox_ros_driver2'
[0.520s] INFO:colcon.colcon_core.shell:Skip shell extension 'powershell' for command environment: Not usable outside of PowerShell
[0.520s] DEBUG:colcon.colcon_core.shell:Skip shell extension 'dsv' for command environment
[0.526s] INFO:colcon.colcon_ros.task.ament_cmake.build:Building ROS package in '/home/yangxuan/agt_navigation_runtime/third_party/bunker_ros2/bunker_msgs' with build type 'ament_cmake'
[0.526s] INFO:colcon.colcon_cmake.task.cmake.build:Building CMake package in '/home/yangxuan/agt_navigation_runtime/third_party/bunker_ros2/bunker_msgs'
[0.526s] INFO:colcon.colcon_core.shell:Skip shell extension 'powershell' for command environment: Not usable outside of PowerShell
[0.527s] DEBUG:colcon.colcon_core.shell:Skip shell extension 'dsv' for command environment
[0.532s] INFO:colcon.colcon_ros.task.ament_cmake.build:Building ROS package in '/home/yangxuan/agt_navigation_runtime/third_party/ndt_omp_ros2' with build type 'ament_cmake'
[0.532s] INFO:colcon.colcon_cmake.task.cmake.build:Building CMake package in '/home/yangxuan/agt_navigation_runtime/third_party/ndt_omp_ros2'
[0.533s] INFO:colcon.colcon_core.shell:Skip shell extension 'powershell' for command environment: Not usable outside of PowerShell
[0.533s] DEBUG:colcon.colcon_core.shell:Skip shell extension 'dsv' for command environment
[0.538s] INFO:colcon.colcon_ros.task.ament_cmake.build:Building ROS package in '/home/yangxuan/agt_navigation_runtime/third_party/ugv_sdk' with build type 'ament_cmake'
[0.538s] INFO:colcon.colcon_cmake.task.cmake.build:Building CMake package in '/home/yangxuan/agt_navigation_runtime/third_party/ugv_sdk'
[0.539s] INFO:colcon.colcon_core.shell:Skip shell extension 'powershell' for command environment: Not usable outside of PowerShell
[0.539s] DEBUG:colcon.colcon_core.shell:Skip shell extension 'dsv' for command environment
[0.544s] INFO:colcon.colcon_ros.task.ament_cmake.build:Building ROS package in '/home/yangxuan/agt_navigation_runtime/third_party/rpg_vikit_ros2_fisheye/vikit_common' with build type 'ament_cmake'
[0.545s] INFO:colcon.colcon_cmake.task.cmake.build:Building CMake package in '/home/yangxuan/agt_navigation_runtime/third_party/rpg_vikit_ros2_fisheye/vikit_common'
[0.545s] INFO:colcon.colcon_core.shell:Skip shell extension 'powershell' for command environment: Not usable outside of PowerShell
[0.545s] DEBUG:colcon.colcon_core.shell:Skip shell extension 'dsv' for command environment
[0.549s] INFO:colcon.colcon_ros.task.ament_cmake.build:Building ROS package in '/home/yangxuan/agt_navigation_runtime/src/agt_description' with build type 'ament_cmake'
[0.549s] INFO:colcon.colcon_cmake.task.cmake.build:Building CMake package in '/home/yangxuan/agt_navigation_runtime/src/agt_description'
[0.549s] INFO:colcon.colcon_core.shell:Skip shell extension 'powershell' for command environment: Not usable outside of PowerShell
[0.549s] DEBUG:colcon.colcon_core.shell:Skip shell extension 'dsv' for command environment
[0.552s] INFO:colcon.colcon_ros.task.ament_cmake.build:Building ROS package in '/home/yangxuan/agt_navigation_runtime/src/agt_localization_fusion' with build type 'ament_cmake'
[0.553s] INFO:colcon.colcon_cmake.task.cmake.build:Building CMake package in '/home/yangxuan/agt_navigation_runtime/src/agt_localization_fusion'
[0.553s] INFO:colcon.colcon_core.shell:Skip shell extension 'powershell' for command environment: Not usable outside of PowerShell
[0.553s] DEBUG:colcon.colcon_core.shell:Skip shell extension 'dsv' for command environment
[0.556s] INFO:colcon.colcon_ros.task.ament_cmake.build:Building ROS package in '/home/yangxuan/agt_navigation_runtime/src/agt_perception' with build type 'ament_cmake'
[0.557s] INFO:colcon.colcon_cmake.task.cmake.build:Building CMake package in '/home/yangxuan/agt_navigation_runtime/src/agt_perception'
[0.557s] INFO:colcon.colcon_core.shell:Skip shell extension 'powershell' for command environment: Not usable outside of PowerShell
[0.557s] DEBUG:colcon.colcon_core.shell:Skip shell extension 'dsv' for command environment
[0.563s] INFO:colcon.colcon_ros.task.ament_cmake.build:Building ROS package in '/home/yangxuan/agt_navigation_runtime/src/agt_sensor_monitor' with build type 'ament_cmake'
[0.563s] INFO:colcon.colcon_cmake.task.cmake.build:Building CMake package in '/home/yangxuan/agt_navigation_runtime/src/agt_sensor_monitor'
[0.563s] INFO:colcon.colcon_core.shell:Skip shell extension 'powershell' for command environment: Not usable outside of PowerShell
[0.564s] DEBUG:colcon.colcon_core.shell:Skip shell extension 'dsv' for command environment
[0.575s] DEBUG:colcon.colcon_core.event_handler.log_command:Invoking command in '/home/yangxuan/agt_navigation_runtime/build/agt_interfaces': CMAKE_PREFIX_PATH=/opt/ros/humble /usr/bin/cmake /home/yangxuan/agt_navigation_runtime/src/agt_interfaces -DAMENT_CMAKE_SYMLINK_INSTALL=1 -DCMAKE_INSTALL_PREFIX=/home/yangxuan/agt_navigation_runtime/install/agt_interfaces
[0.580s] DEBUG:colcon.colcon_core.event_handler.log_command:Invoking command in '/home/yangxuan/agt_navigation_runtime/build/livox_ros_driver2': CMAKE_PREFIX_PATH=/opt/ros/humble /usr/bin/cmake /home/yangxuan/agt_navigation_runtime/third_party/livox_ros_driver2 -DAMENT_CMAKE_SYMLINK_INSTALL=1 -DCMAKE_INSTALL_PREFIX=/home/yangxuan/agt_navigation_runtime/install/livox_ros_driver2
[0.583s] DEBUG:colcon.colcon_core.event_handler.log_command:Invoking command in '/home/yangxuan/agt_navigation_runtime/build/bunker_msgs': CMAKE_PREFIX_PATH=/opt/ros/humble /usr/bin/cmake /home/yangxuan/agt_navigation_runtime/third_party/bunker_ros2/bunker_msgs -DAMENT_CMAKE_SYMLINK_INSTALL=1 -DCMAKE_INSTALL_PREFIX=/home/yangxuan/agt_navigation_runtime/install/bunker_msgs
[0.586s] DEBUG:colcon.colcon_core.event_handler.log_command:Invoking command in '/home/yangxuan/agt_navigation_runtime/build/ndt_omp_ros2': CMAKE_PREFIX_PATH=/opt/ros/humble /usr/bin/cmake /home/yangxuan/agt_navigation_runtime/third_party/ndt_omp_ros2 -DAMENT_CMAKE_SYMLINK_INSTALL=1 -DCMAKE_INSTALL_PREFIX=/home/yangxuan/agt_navigation_runtime/install/ndt_omp_ros2
[0.589s] DEBUG:colcon.colcon_core.event_handler.log_command:Invoking command in '/home/yangxuan/agt_navigation_runtime/build/ugv_sdk': CMAKE_PREFIX_PATH=/opt/ros/humble /usr/bin/cmake /home/yangxuan/agt_navigation_runtime/third_party/ugv_sdk -DAMENT_CMAKE_SYMLINK_INSTALL=1 -DCMAKE_INSTALL_PREFIX=/home/yangxuan/agt_navigation_runtime/install/ugv_sdk
[0.592s] DEBUG:colcon.colcon_core.event_handler.log_command:Invoking command in '/home/yangxuan/agt_navigation_runtime/build/vikit_common': CMAKE_PREFIX_PATH=/opt/ros/humble /usr/bin/cmake /home/yangxuan/agt_navigation_runtime/third_party/rpg_vikit_ros2_fisheye/vikit_common -DAMENT_CMAKE_SYMLINK_INSTALL=1 -DCMAKE_INSTALL_PREFIX=/home/yangxuan/agt_navigation_runtime/install/vikit_common
[0.595s] DEBUG:colcon.colcon_core.event_handler.log_command:Invoking command in '/home/yangxuan/agt_navigation_runtime/build/agt_description': CMAKE_PREFIX_PATH=/opt/ros/humble /usr/bin/cmake /home/yangxuan/agt_navigation_runtime/src/agt_description -DAMENT_CMAKE_SYMLINK_INSTALL=1 -DCMAKE_INSTALL_PREFIX=/home/yangxuan/agt_navigation_runtime/install/agt_description
[0.598s] DEBUG:colcon.colcon_core.event_handler.log_command:Invoking command in '/home/yangxuan/agt_navigation_runtime/build/agt_localization_fusion': CMAKE_PREFIX_PATH=/opt/ros/humble /usr/bin/cmake /home/yangxuan/agt_navigation_runtime/src/agt_localization_fusion -DAMENT_CMAKE_SYMLINK_INSTALL=1 -DCMAKE_INSTALL_PREFIX=/home/yangxuan/agt_navigation_runtime/install/agt_localization_fusion
[0.602s] DEBUG:colcon.colcon_core.event_handler.log_command:Invoking command in '/home/yangxuan/agt_navigation_runtime/build/agt_perception': CMAKE_PREFIX_PATH=/opt/ros/humble /usr/bin/cmake /home/yangxuan/agt_navigation_runtime/src/agt_perception -DAMENT_CMAKE_SYMLINK_INSTALL=1 -DCMAKE_INSTALL_PREFIX=/home/yangxuan/agt_navigation_runtime/install/agt_perception
[0.606s] DEBUG:colcon.colcon_core.event_handler.log_command:Invoking command in '/home/yangxuan/agt_navigation_runtime/build/agt_sensor_monitor': CMAKE_PREFIX_PATH=/opt/ros/humble /usr/bin/cmake /home/yangxuan/agt_navigation_runtime/src/agt_sensor_monitor -DAMENT_CMAKE_SYMLINK_INSTALL=1 -DCMAKE_INSTALL_PREFIX=/home/yangxuan/agt_navigation_runtime/install/agt_sensor_monitor
[2.019s] DEBUG:colcon.colcon_core.event_handler.log_command:Invoked command in '/home/yangxuan/agt_navigation_runtime/build/agt_localization_fusion' returned '0': CMAKE_PREFIX_PATH=/opt/ros/humble /usr/bin/cmake /home/yangxuan/agt_navigation_runtime/src/agt_localization_fusion -DAMENT_CMAKE_SYMLINK_INSTALL=1 -DCMAKE_INSTALL_PREFIX=/home/yangxuan/agt_navigation_runtime/install/agt_localization_fusion
[2.023s] DEBUG:colcon.colcon_core.event_handler.log_command:Invoking command in '/home/yangxuan/agt_navigation_runtime/build/agt_localization_fusion': CMAKE_PREFIX_PATH=/opt/ros/humble /usr/bin/cmake --build /home/yangxuan/agt_navigation_runtime/build/agt_localization_fusion -- -j32 -l32
[2.087s] DEBUG:colcon.colcon_core.event_handler.log_command:Invoked command in '/home/yangxuan/agt_navigation_runtime/build/agt_localization_fusion' returned '0': CMAKE_PREFIX_PATH=/opt/ros/humble /usr/bin/cmake --build /home/yangxuan/agt_navigation_runtime/build/agt_localization_fusion -- -j32 -l32
[2.107s] DEBUG:colcon.colcon_core.event_handler.log_command:Invoking command in '/home/yangxuan/agt_navigation_runtime/build/agt_localization_fusion': CMAKE_PREFIX_PATH=/opt/ros/humble /usr/bin/cmake --install /home/yangxuan/agt_navigation_runtime/build/agt_localization_fusion
[2.155s] DEBUG:colcon.colcon_core.event_handler.log_command:Invoked command in '/home/yangxuan/agt_navigation_runtime/build/vikit_common' returned '0': CMAKE_PREFIX_PATH=/opt/ros/humble /usr/bin/cmake /home/yangxuan/agt_navigation_runtime/third_party/rpg_vikit_ros2_fisheye/vikit_common -DAMENT_CMAKE_SYMLINK_INSTALL=1 -DCMAKE_INSTALL_PREFIX=/home/yangxuan/agt_navigation_runtime/install/vikit_common
[2.158s] DEBUG:colcon.colcon_core.event_handler.log_command:Invoking command in '/home/yangxuan/agt_navigation_runtime/build/vikit_common': CMAKE_PREFIX_PATH=/opt/ros/humble /usr/bin/cmake --build /home/yangxuan/agt_navigation_runtime/build/vikit_common -- -j32 -l32
[2.700s] DEBUG:colcon.colcon_core.event_handler.log_command:Invoked command in '/home/yangxuan/agt_navigation_runtime/build/ugv_sdk' returned '0': CMAKE_PREFIX_PATH=/opt/ros/humble /usr/bin/cmake /home/yangxuan/agt_navigation_runtime/third_party/ugv_sdk -DAMENT_CMAKE_SYMLINK_INSTALL=1 -DCMAKE_INSTALL_PREFIX=/home/yangxuan/agt_navigation_runtime/install/ugv_sdk
[2.702s] DEBUG:colcon.colcon_core.event_handler.log_command:Invoking command in '/home/yangxuan/agt_navigation_runtime/build/ugv_sdk': CMAKE_PREFIX_PATH=/opt/ros/humble /usr/bin/cmake --build /home/yangxuan/agt_navigation_runtime/build/ugv_sdk -- -j32 -l32
[2.818s] Level 1:colcon.colcon_core.environment:create_environment_scripts_only(agt_localization_fusion)
[2.823s] DEBUG:colcon.colcon_core.event_handler.log_command:Invoked command in '/home/yangxuan/agt_navigation_runtime/build/agt_localization_fusion' returned '0': CMAKE_PREFIX_PATH=/opt/ros/humble /usr/bin/cmake --install /home/yangxuan/agt_navigation_runtime/build/agt_localization_fusion
[2.831s] Level 1:colcon.colcon_core.environment:checking '/home/yangxuan/agt_navigation_runtime/install/agt_localization_fusion' for CMake module files
[2.832s] Level 1:colcon.colcon_core.environment:checking '/home/yangxuan/agt_navigation_runtime/install/agt_localization_fusion' for CMake config files
[2.834s] Level 1:colcon.colcon_core.shell:create_environment_hook('agt_localization_fusion', 'cmake_prefix_path')
[2.835s] INFO:colcon.colcon_core.shell:Creating environment hook '/home/yangxuan/agt_navigation_runtime/install/agt_localization_fusion/share/agt_localization_fusion/hook/cmake_prefix_path.ps1'
[2.836s] INFO:colcon.colcon_core.shell:Creating environment descriptor '/home/yangxuan/agt_navigation_runtime/install/agt_localization_fusion/share/agt_localization_fusion/hook/cmake_prefix_path.dsv'
[2.837s] INFO:colcon.colcon_core.shell:Creating environment hook '/home/yangxuan/agt_navigation_runtime/install/agt_localization_fusion/share/agt_localization_fusion/hook/cmake_prefix_path.sh'
[2.839s] Level 1:colcon.colcon_core.environment:checking '/home/yangxuan/agt_navigation_runtime/install/agt_localization_fusion/bin'
[2.840s] Level 1:colcon.colcon_core.environment:checking '/home/yangxuan/agt_navigation_runtime/install/agt_localization_fusion/lib/pkgconfig/agt_localization_fusion.pc'
[2.840s] Level 1:colcon.colcon_core.environment:checking '/home/yangxuan/agt_navigation_runtime/install/agt_localization_fusion/lib/python3.10/site-packages'
[2.841s] Level 1:colcon.colcon_core.environment:checking '/home/yangxuan/agt_navigation_runtime/install/agt_localization_fusion/bin'
[2.842s] INFO:colcon.colcon_core.shell:Creating package script '/home/yangxuan/agt_navigation_runtime/install/agt_localization_fusion/share/agt_localization_fusion/package.ps1'
[2.845s] INFO:colcon.colcon_core.shell:Creating package descriptor '/home/yangxuan/agt_navigation_runtime/install/agt_localization_fusion/share/agt_localization_fusion/package.dsv'
[2.846s] INFO:colcon.colcon_core.shell:Creating package script '/home/yangxuan/agt_navigation_runtime/install/agt_localization_fusion/share/agt_localization_fusion/package.sh'
[2.848s] INFO:colcon.colcon_core.shell:Creating package script '/home/yangxuan/agt_navigation_runtime/install/agt_localization_fusion/share/agt_localization_fusion/package.bash'
[2.850s] INFO:colcon.colcon_core.shell:Creating package script '/home/yangxuan/agt_navigation_runtime/install/agt_localization_fusion/share/agt_localization_fusion/package.zsh'
[2.852s] Level 1:colcon.colcon_core.environment:create_file_with_runtime_dependencies(/home/yangxuan/agt_navigation_runtime/install/agt_localization_fusion/share/colcon-core/packages/agt_localization_fusion)
[2.853s] Level 1:colcon.colcon_core.environment:create_environment_scripts_only(agt_localization_fusion)
[2.854s] Level 1:colcon.colcon_core.environment:checking '/home/yangxuan/agt_navigation_runtime/install/agt_localization_fusion' for CMake module files
[2.855s] Level 1:colcon.colcon_core.environment:checking '/home/yangxuan/agt_navigation_runtime/install/agt_localization_fusion' for CMake config files
[2.856s] Level 1:colcon.colcon_core.shell:create_environment_hook('agt_localization_fusion', 'cmake_prefix_path')
[2.856s] INFO:colcon.colcon_core.shell:Creating environment hook '/home/yangxuan/agt_navigation_runtime/install/agt_localization_fusion/share/agt_localization_fusion/hook/cmake_prefix_path.ps1'
[2.883s] INFO:colcon.colcon_core.shell:Creating environment descriptor '/home/yangxuan/agt_navigation_runtime/install/agt_localization_fusion/share/agt_localization_fusion/hook/cmake_prefix_path.dsv'
[2.921s] INFO:colcon.colcon_core.shell:Creating environment hook '/home/yangxuan/agt_navigation_runtime/install/agt_localization_fusion/share/agt_localization_fusion/hook/cmake_prefix_path.sh'
[2.957s] Level 1:colcon.colcon_core.environment:checking '/home/yangxuan/agt_navigation_runtime/install/agt_localization_fusion/bin'
[2.957s] Level 1:colcon.colcon_core.environment:checking '/home/yangxuan/agt_navigation_runtime/install/agt_localization_fusion/lib/pkgconfig/agt_localization_fusion.pc'
[2.958s] Level 1:colcon.colcon_core.environment:checking '/home/yangxuan/agt_navigation_runtime/install/agt_localization_fusion/lib/python3.10/site-packages'
[2.958s] Level 1:colcon.colcon_core.environment:checking '/home/yangxuan/agt_navigation_runtime/install/agt_localization_fusion/bin'
[2.959s] INFO:colcon.colcon_core.shell:Creating package script '/home/yangxuan/agt_navigation_runtime/install/agt_localization_fusion/share/agt_localization_fusion/package.ps1'
[2.988s] INFO:colcon.colcon_core.shell:Creating package descriptor '/home/yangxuan/agt_navigation_runtime/install/agt_localization_fusion/share/agt_localization_fusion/package.dsv'
[2.997s] INFO:colcon.colcon_core.shell:Creating package script '/home/yangxuan/agt_navigation_runtime/install/agt_localization_fusion/share/agt_localization_fusion/package.sh'
[3.003s] INFO:colcon.colcon_core.shell:Creating package script '/home/yangxuan/agt_navigation_runtime/install/agt_localization_fusion/share/agt_localization_fusion/package.bash'
[3.008s] INFO:colcon.colcon_core.shell:Creating package script '/home/yangxuan/agt_navigation_runtime/install/agt_localization_fusion/share/agt_localization_fusion/package.zsh'
[3.023s] Level 1:colcon.colcon_core.environment:create_file_with_runtime_dependencies(/home/yangxuan/agt_navigation_runtime/install/agt_localization_fusion/share/colcon-core/packages/agt_localization_fusion)
[5.270s] DEBUG:colcon.colcon_core.event_handler.log_command:Invoked command in '/home/yangxuan/agt_navigation_runtime/build/agt_perception' returned '0': CMAKE_PREFIX_PATH=/opt/ros/humble /usr/bin/cmake /home/yangxuan/agt_navigation_runtime/src/agt_perception -DAMENT_CMAKE_SYMLINK_INSTALL=1 -DCMAKE_INSTALL_PREFIX=/home/yangxuan/agt_navigation_runtime/install/agt_perception
[5.274s] DEBUG:colcon.colcon_core.event_handler.log_command:Invoking command in '/home/yangxuan/agt_navigation_runtime/build/agt_perception': CMAKE_PREFIX_PATH=/opt/ros/humble /usr/bin/cmake --build /home/yangxuan/agt_navigation_runtime/build/agt_perception -- -j32 -l32
[7.047s] DEBUG:colcon.colcon_core.event_handler.log_command:Invoked command in '/home/yangxuan/agt_navigation_runtime/build/bunker_msgs' returned '0': CMAKE_PREFIX_PATH=/opt/ros/humble /usr/bin/cmake /home/yangxuan/agt_navigation_runtime/third_party/bunker_ros2/bunker_msgs -DAMENT_CMAKE_SYMLINK_INSTALL=1 -DCMAKE_INSTALL_PREFIX=/home/yangxuan/agt_navigation_runtime/install/bunker_msgs
[7.057s] DEBUG:colcon.colcon_core.event_handler.log_command:Invoking command in '/home/yangxuan/agt_navigation_runtime/build/bunker_msgs': CMAKE_PREFIX_PATH=/opt/ros/humble /usr/bin/cmake --build /home/yangxuan/agt_navigation_runtime/build/bunker_msgs -- -j32 -l32
[7.540s] DEBUG:colcon.colcon_core.event_handler.log_command:Invoked command in '/home/yangxuan/agt_navigation_runtime/build/agt_description' returned '0': CMAKE_PREFIX_PATH=/opt/ros/humble /usr/bin/cmake /home/yangxuan/agt_navigation_runtime/src/agt_description -DAMENT_CMAKE_SYMLINK_INSTALL=1 -DCMAKE_INSTALL_PREFIX=/home/yangxuan/agt_navigation_runtime/install/agt_description
[7.542s] DEBUG:colcon.colcon_core.event_handler.log_command:Invoking command in '/home/yangxuan/agt_navigation_runtime/build/agt_description': CMAKE_PREFIX_PATH=/opt/ros/humble /usr/bin/cmake --build /home/yangxuan/agt_navigation_runtime/build/agt_description -- -j32 -l32
[7.657s] DEBUG:colcon.colcon_core.event_handler.log_command:Invoked command in '/home/yangxuan/agt_navigation_runtime/build/agt_description' returned '0': CMAKE_PREFIX_PATH=/opt/ros/humble /usr/bin/cmake --build /home/yangxuan/agt_navigation_runtime/build/agt_description -- -j32 -l32
[7.659s] DEBUG:colcon.colcon_core.event_handler.log_command:Invoking command in '/home/yangxuan/agt_navigation_runtime/build/agt_description': CMAKE_PREFIX_PATH=/opt/ros/humble /usr/bin/cmake --install /home/yangxuan/agt_navigation_runtime/build/agt_description
[8.330s] Level 1:colcon.colcon_core.environment:create_environment_scripts_only(agt_description)
[8.331s] Level 1:colcon.colcon_core.environment:checking '/home/yangxuan/agt_navigation_runtime/install/agt_description' for CMake module files
[8.333s] Level 1:colcon.colcon_core.environment:checking '/home/yangxuan/agt_navigation_runtime/install/agt_description' for CMake config files
[8.334s] Level 1:colcon.colcon_core.shell:create_environment_hook('agt_description', 'cmake_prefix_path')
[8.335s] INFO:colcon.colcon_core.shell:Creating environment hook '/home/yangxuan/agt_navigation_runtime/install/agt_description/share/agt_description/hook/cmake_prefix_path.ps1'
[8.335s] DEBUG:colcon.colcon_core.event_handler.log_command:Invoked command in '/home/yangxuan/agt_navigation_runtime/build/agt_description' returned '0': CMAKE_PREFIX_PATH=/opt/ros/humble /usr/bin/cmake --install /home/yangxuan/agt_navigation_runtime/build/agt_description
[8.337s] INFO:colcon.colcon_core.shell:Creating environment descriptor '/home/yangxuan/agt_navigation_runtime/install/agt_description/share/agt_description/hook/cmake_prefix_path.dsv'
[8.339s] INFO:colcon.colcon_core.shell:Creating environment hook '/home/yangxuan/agt_navigation_runtime/install/agt_description/share/agt_description/hook/cmake_prefix_path.sh'
[8.340s] Level 1:colcon.colcon_core.environment:checking '/home/yangxuan/agt_navigation_runtime/install/agt_description/bin'
[8.340s] Level 1:colcon.colcon_core.environment:checking '/home/yangxuan/agt_navigation_runtime/install/agt_description/lib/pkgconfig/agt_description.pc'
[8.341s] Level 1:colcon.colcon_core.environment:checking '/home/yangxuan/agt_navigation_runtime/install/agt_description/lib/python3.10/site-packages'
[8.342s] Level 1:colcon.colcon_core.environment:checking '/home/yangxuan/agt_navigation_runtime/install/agt_description/bin'
[8.343s] INFO:colcon.colcon_core.shell:Creating package script '/home/yangxuan/agt_navigation_runtime/install/agt_description/share/agt_description/package.ps1'
[8.347s] INFO:colcon.colcon_core.shell:Creating package descriptor '/home/yangxuan/agt_navigation_runtime/install/agt_description/share/agt_description/package.dsv'
[8.348s] INFO:colcon.colcon_core.shell:Creating package script '/home/yangxuan/agt_navigation_runtime/install/agt_description/share/agt_description/package.sh'
[8.349s] INFO:colcon.colcon_core.shell:Creating package script '/home/yangxuan/agt_navigation_runtime/install/agt_description/share/agt_description/package.bash'
[8.350s] INFO:colcon.colcon_core.shell:Creating package script '/home/yangxuan/agt_navigation_runtime/install/agt_description/share/agt_description/package.zsh'
[8.354s] Level 1:colcon.colcon_core.environment:create_file_with_runtime_dependencies(/home/yangxuan/agt_navigation_runtime/install/agt_description/share/colcon-core/packages/agt_description)
[8.360s] Level 1:colcon.colcon_core.environment:create_environment_scripts_only(agt_description)
[8.361s] Level 1:colcon.colcon_core.environment:checking '/home/yangxuan/agt_navigation_runtime/install/agt_description' for CMake module files
[8.364s] Level 1:colcon.colcon_core.environment:checking '/home/yangxuan/agt_navigation_runtime/install/agt_description' for CMake config files
[8.365s] Level 1:colcon.colcon_core.shell:create_environment_hook('agt_description', 'cmake_prefix_path')
[8.368s] INFO:colcon.colcon_core.shell:Creating environment hook '/home/yangxuan/agt_navigation_runtime/install/agt_description/share/agt_description/hook/cmake_prefix_path.ps1'
[8.373s] INFO:colcon.colcon_core.shell:Creating environment descriptor '/home/yangxuan/agt_navigation_runtime/install/agt_description/share/agt_description/hook/cmake_prefix_path.dsv'
[8.377s] INFO:colcon.colcon_core.shell:Creating environment hook '/home/yangxuan/agt_navigation_runtime/install/agt_description/share/agt_description/hook/cmake_prefix_path.sh'
[8.379s] Level 1:colcon.colcon_core.environment:checking '/home/yangxuan/agt_navigation_runtime/install/agt_description/bin'
[8.379s] Level 1:colcon.colcon_core.environment:checking '/home/yangxuan/agt_navigation_runtime/install/agt_description/lib/pkgconfig/agt_description.pc'
[8.380s] Level 1:colcon.colcon_core.environment:checking '/home/yangxuan/agt_navigation_runtime/install/agt_description/lib/python3.10/site-packages'
[8.385s] Level 1:colcon.colcon_core.environment:checking '/home/yangxuan/agt_navigation_runtime/install/agt_description/bin'
[8.386s] INFO:colcon.colcon_core.shell:Creating package script '/home/yangxuan/agt_navigation_runtime/install/agt_description/share/agt_description/package.ps1'
[8.391s] INFO:colcon.colcon_core.shell:Creating package descriptor '/home/yangxuan/agt_navigation_runtime/install/agt_description/share/agt_description/package.dsv'
[8.393s] INFO:colcon.colcon_core.shell:Creating package script '/home/yangxuan/agt_navigation_runtime/install/agt_description/share/agt_description/package.sh'
[8.399s] INFO:colcon.colcon_core.shell:Creating package script '/home/yangxuan/agt_navigation_runtime/install/agt_description/share/agt_description/package.bash'
[8.400s] INFO:colcon.colcon_core.shell:Creating package script '/home/yangxuan/agt_navigation_runtime/install/agt_description/share/agt_description/package.zsh'
[8.407s] Level 1:colcon.colcon_core.environment:create_file_with_runtime_dependencies(/home/yangxuan/agt_navigation_runtime/install/agt_description/share/colcon-core/packages/agt_description)
[9.512s] DEBUG:colcon.colcon_core.event_handler.log_command:Invoked command in '/home/yangxuan/agt_navigation_runtime/build/agt_sensor_monitor' returned '0': CMAKE_PREFIX_PATH=/opt/ros/humble /usr/bin/cmake /home/yangxuan/agt_navigation_runtime/src/agt_sensor_monitor -DAMENT_CMAKE_SYMLINK_INSTALL=1 -DCMAKE_INSTALL_PREFIX=/home/yangxuan/agt_navigation_runtime/install/agt_sensor_monitor
[9.514s] DEBUG:colcon.colcon_core.event_handler.log_command:Invoking command in '/home/yangxuan/agt_navigation_runtime/build/agt_sensor_monitor': CMAKE_PREFIX_PATH=/opt/ros/humble /usr/bin/cmake --build /home/yangxuan/agt_navigation_runtime/build/agt_sensor_monitor -- -j32 -l32
[12.179s] DEBUG:colcon.colcon_core.event_handler.log_command:Invoked command in '/home/yangxuan/agt_navigation_runtime/build/ugv_sdk' returned '0': CMAKE_PREFIX_PATH=/opt/ros/humble /usr/bin/cmake --build /home/yangxuan/agt_navigation_runtime/build/ugv_sdk -- -j32 -l32
[12.182s] DEBUG:colcon.colcon_core.event_handler.log_command:Invoking command in '/home/yangxuan/agt_navigation_runtime/build/ugv_sdk': CMAKE_PREFIX_PATH=/opt/ros/humble /usr/bin/cmake --install /home/yangxuan/agt_navigation_runtime/build/ugv_sdk
[12.498s] DEBUG:colcon.colcon_core.event_handler.log_command:Invoked command in '/home/yangxuan/agt_navigation_runtime/build/ndt_omp_ros2' returned '0': CMAKE_PREFIX_PATH=/opt/ros/humble /usr/bin/cmake /home/yangxuan/agt_navigation_runtime/third_party/ndt_omp_ros2 -DAMENT_CMAKE_SYMLINK_INSTALL=1 -DCMAKE_INSTALL_PREFIX=/home/yangxuan/agt_navigation_runtime/install/ndt_omp_ros2
[12.501s] DEBUG:colcon.colcon_core.event_handler.log_command:Invoking command in '/home/yangxuan/agt_navigation_runtime/build/ndt_omp_ros2': CMAKE_PREFIX_PATH=/opt/ros/humble /usr/bin/cmake --build /home/yangxuan/agt_navigation_runtime/build/ndt_omp_ros2 -- -j32 -l32
[12.953s] Level 1:colcon.colcon_core.environment:create_environment_scripts_only(ugv_sdk)
[12.954s] DEBUG:colcon.colcon_core.event_handler.log_command:Invoked command in '/home/yangxuan/agt_navigation_runtime/build/ugv_sdk' returned '0': CMAKE_PREFIX_PATH=/opt/ros/humble /usr/bin/cmake --install /home/yangxuan/agt_navigation_runtime/build/ugv_sdk
[12.954s] Level 1:colcon.colcon_core.environment:checking '/home/yangxuan/agt_navigation_runtime/install/ugv_sdk' for CMake module files
[12.955s] Level 1:colcon.colcon_core.environment:checking '/home/yangxuan/agt_navigation_runtime/install/ugv_sdk' for CMake config files
[12.956s] Level 1:colcon.colcon_core.shell:create_environment_hook('ugv_sdk', 'cmake_prefix_path')
[12.957s] INFO:colcon.colcon_core.shell:Creating environment hook '/home/yangxuan/agt_navigation_runtime/install/ugv_sdk/share/ugv_sdk/hook/cmake_prefix_path.ps1'
[12.958s] INFO:colcon.colcon_core.shell:Creating environment descriptor '/home/yangxuan/agt_navigation_runtime/install/ugv_sdk/share/ugv_sdk/hook/cmake_prefix_path.dsv'
[12.958s] INFO:colcon.colcon_core.shell:Creating environment hook '/home/yangxuan/agt_navigation_runtime/install/ugv_sdk/share/ugv_sdk/hook/cmake_prefix_path.sh'
[12.959s] Level 1:colcon.colcon_core.environment:checking '/home/yangxuan/agt_navigation_runtime/install/ugv_sdk/lib'
[12.959s] Level 1:colcon.colcon_core.environment:checking '/home/yangxuan/agt_navigation_runtime/install/ugv_sdk/bin'
[12.959s] Level 1:colcon.colcon_core.environment:checking '/home/yangxuan/agt_navigation_runtime/install/ugv_sdk/lib/pkgconfig/ugv_sdk.pc'
[12.960s] Level 1:colcon.colcon_core.environment:checking '/home/yangxuan/agt_navigation_runtime/install/ugv_sdk/lib/python3.10/site-packages'
[12.960s] Level 1:colcon.colcon_core.environment:checking '/home/yangxuan/agt_navigation_runtime/install/ugv_sdk/bin'
[12.961s] INFO:colcon.colcon_core.shell:Creating package script '/home/yangxuan/agt_navigation_runtime/install/ugv_sdk/share/ugv_sdk/package.ps1'
[12.962s] INFO:colcon.colcon_core.shell:Creating package descriptor '/home/yangxuan/agt_navigation_runtime/install/ugv_sdk/share/ugv_sdk/package.dsv'
[12.962s] INFO:colcon.colcon_core.shell:Creating package script '/home/yangxuan/agt_navigation_runtime/install/ugv_sdk/share/ugv_sdk/package.sh'
[12.963s] INFO:colcon.colcon_core.shell:Creating package script '/home/yangxuan/agt_navigation_runtime/install/ugv_sdk/share/ugv_sdk/package.bash'
[12.963s] INFO:colcon.colcon_core.shell:Creating package script '/home/yangxuan/agt_navigation_runtime/install/ugv_sdk/share/ugv_sdk/package.zsh'
[12.964s] Level 1:colcon.colcon_core.environment:create_file_with_runtime_dependencies(/home/yangxuan/agt_navigation_runtime/install/ugv_sdk/share/colcon-core/packages/ugv_sdk)
[12.964s] Level 1:colcon.colcon_core.environment:create_environment_scripts_only(ugv_sdk)
[12.965s] Level 1:colcon.colcon_core.environment:checking '/home/yangxuan/agt_navigation_runtime/install/ugv_sdk' for CMake module files
[12.965s] Level 1:colcon.colcon_core.environment:checking '/home/yangxuan/agt_navigation_runtime/install/ugv_sdk' for CMake config files
[12.966s] Level 1:colcon.colcon_core.shell:create_environment_hook('ugv_sdk', 'cmake_prefix_path')
[12.966s] INFO:colcon.colcon_core.shell:Creating environment hook '/home/yangxuan/agt_navigation_runtime/install/ugv_sdk/share/ugv_sdk/hook/cmake_prefix_path.ps1'
[12.967s] INFO:colcon.colcon_core.shell:Creating environment descriptor '/home/yangxuan/agt_navigation_runtime/install/ugv_sdk/share/ugv_sdk/hook/cmake_prefix_path.dsv'
[12.968s] INFO:colcon.colcon_core.shell:Creating environment hook '/home/yangxuan/agt_navigation_runtime/install/ugv_sdk/share/ugv_sdk/hook/cmake_prefix_path.sh'
[12.968s] Level 1:colcon.colcon_core.environment:checking '/home/yangxuan/agt_navigation_runtime/install/ugv_sdk/lib'
[12.969s] Level 1:colcon.colcon_core.environment:checking '/home/yangxuan/agt_navigation_runtime/install/ugv_sdk/bin'
[12.969s] Level 1:colcon.colcon_core.environment:checking '/home/yangxuan/agt_navigation_runtime/install/ugv_sdk/lib/pkgconfig/ugv_sdk.pc'
[12.969s] Level 1:colcon.colcon_core.environment:checking '/home/yangxuan/agt_navigation_runtime/install/ugv_sdk/lib/python3.10/site-packages'
[12.969s] Level 1:colcon.colcon_core.environment:checking '/home/yangxuan/agt_navigation_runtime/install/ugv_sdk/bin'
[12.970s] INFO:colcon.colcon_core.shell:Creating package script '/home/yangxuan/agt_navigation_runtime/install/ugv_sdk/share/ugv_sdk/package.ps1'
[12.971s] INFO:colcon.colcon_core.shell:Creating package descriptor '/home/yangxuan/agt_navigation_runtime/install/ugv_sdk/share/ugv_sdk/package.dsv'
[12.971s] INFO:colcon.colcon_core.shell:Creating package script '/home/yangxuan/agt_navigation_runtime/install/ugv_sdk/share/ugv_sdk/package.sh'
[12.972s] INFO:colcon.colcon_core.shell:Creating package script '/home/yangxuan/agt_navigation_runtime/install/ugv_sdk/share/ugv_sdk/package.bash'
[12.972s] INFO:colcon.colcon_core.shell:Creating package script '/home/yangxuan/agt_navigation_runtime/install/ugv_sdk/share/ugv_sdk/package.zsh'
[12.973s] Level 1:colcon.colcon_core.environment:create_file_with_runtime_dependencies(/home/yangxuan/agt_navigation_runtime/install/ugv_sdk/share/colcon-core/packages/ugv_sdk)
[13.085s] DEBUG:colcon.colcon_core.event_handler.log_command:Invoked command in '/home/yangxuan/agt_navigation_runtime/build/bunker_msgs' returned '0': CMAKE_PREFIX_PATH=/opt/ros/humble /usr/bin/cmake --build /home/yangxuan/agt_navigation_runtime/build/bunker_msgs -- -j32 -l32
[13.088s] DEBUG:colcon.colcon_core.event_handler.log_command:Invoking command in '/home/yangxuan/agt_navigation_runtime/build/bunker_msgs': CMAKE_PREFIX_PATH=/opt/ros/humble /usr/bin/cmake --install /home/yangxuan/agt_navigation_runtime/build/bunker_msgs
[13.560s] DEBUG:colcon.colcon_core.event_handler.log_command:Invoked command in '/home/yangxuan/agt_navigation_runtime/build/livox_ros_driver2' returned '0': CMAKE_PREFIX_PATH=/opt/ros/humble /usr/bin/cmake /home/yangxuan/agt_navigation_runtime/third_party/livox_ros_driver2 -DAMENT_CMAKE_SYMLINK_INSTALL=1 -DCMAKE_INSTALL_PREFIX=/home/yangxuan/agt_navigation_runtime/install/livox_ros_driver2
[13.564s] DEBUG:colcon.colcon_core.event_handler.log_command:Invoking command in '/home/yangxuan/agt_navigation_runtime/build/livox_ros_driver2': CMAKE_PREFIX_PATH=/opt/ros/humble /usr/bin/cmake --build /home/yangxuan/agt_navigation_runtime/build/livox_ros_driver2 -- -j32 -l32
[14.930s] Level 1:colcon.colcon_core.environment:create_environment_scripts_only(bunker_msgs)
[14.931s] Level 1:colcon.colcon_core.environment:checking '/home/yangxuan/agt_navigation_runtime/install/bunker_msgs' for CMake module files
[14.932s] DEBUG:colcon.colcon_core.event_handler.log_command:Invoked command in '/home/yangxuan/agt_navigation_runtime/build/bunker_msgs' returned '0': CMAKE_PREFIX_PATH=/opt/ros/humble /usr/bin/cmake --install /home/yangxuan/agt_navigation_runtime/build/bunker_msgs
[14.933s] Level 1:colcon.colcon_core.environment:checking '/home/yangxuan/agt_navigation_runtime/install/bunker_msgs' for CMake config files
[14.935s] Level 1:colcon.colcon_core.shell:create_environment_hook('bunker_msgs', 'cmake_prefix_path')
[14.936s] INFO:colcon.colcon_core.shell:Creating environment hook '/home/yangxuan/agt_navigation_runtime/install/bunker_msgs/share/bunker_msgs/hook/cmake_prefix_path.ps1'
[14.937s] INFO:colcon.colcon_core.shell:Creating environment descriptor '/home/yangxuan/agt_navigation_runtime/install/bunker_msgs/share/bunker_msgs/hook/cmake_prefix_path.dsv'
[14.938s] INFO:colcon.colcon_core.shell:Creating environment hook '/home/yangxuan/agt_navigation_runtime/install/bunker_msgs/share/bunker_msgs/hook/cmake_prefix_path.sh'
[14.939s] Level 1:colcon.colcon_core.environment:checking '/home/yangxuan/agt_navigation_runtime/install/bunker_msgs/lib'
[14.939s] Level 1:colcon.colcon_core.shell:create_environment_hook('bunker_msgs', 'ld_library_path_lib')
[14.940s] INFO:colcon.colcon_core.shell:Creating environment hook '/home/yangxuan/agt_navigation_runtime/install/bunker_msgs/share/bunker_msgs/hook/ld_library_path_lib.ps1'
[14.941s] INFO:colcon.colcon_core.shell:Creating environment descriptor '/home/yangxuan/agt_navigation_runtime/install/bunker_msgs/share/bunker_msgs/hook/ld_library_path_lib.dsv'
[14.942s] INFO:colcon.colcon_core.shell:Creating environment hook '/home/yangxuan/agt_navigation_runtime/install/bunker_msgs/share/bunker_msgs/hook/ld_library_path_lib.sh'
[14.942s] Level 1:colcon.colcon_core.environment:checking '/home/yangxuan/agt_navigation_runtime/install/bunker_msgs/bin'
[14.943s] Level 1:colcon.colcon_core.environment:checking '/home/yangxuan/agt_navigation_runtime/install/bunker_msgs/lib/pkgconfig/bunker_msgs.pc'
[14.943s] Level 1:colcon.colcon_core.environment:checking '/home/yangxuan/agt_navigation_runtime/install/bunker_msgs/lib/python3.10/site-packages'
[14.944s] Level 1:colcon.colcon_core.environment:checking '/home/yangxuan/agt_navigation_runtime/install/bunker_msgs/bin'
[14.945s] INFO:colcon.colcon_core.shell:Creating package script '/home/yangxuan/agt_navigation_runtime/install/bunker_msgs/share/bunker_msgs/package.ps1'
[14.946s] INFO:colcon.colcon_core.shell:Creating package descriptor '/home/yangxuan/agt_navigation_runtime/install/bunker_msgs/share/bunker_msgs/package.dsv'
[14.947s] INFO:colcon.colcon_core.shell:Creating package script '/home/yangxuan/agt_navigation_runtime/install/bunker_msgs/share/bunker_msgs/package.sh'
[14.948s] INFO:colcon.colcon_core.shell:Creating package script '/home/yangxuan/agt_navigation_runtime/install/bunker_msgs/share/bunker_msgs/package.bash'
[14.949s] INFO:colcon.colcon_core.shell:Creating package script '/home/yangxuan/agt_navigation_runtime/install/bunker_msgs/share/bunker_msgs/package.zsh'
[14.949s] Level 1:colcon.colcon_core.environment:create_file_with_runtime_dependencies(/home/yangxuan/agt_navigation_runtime/install/bunker_msgs/share/colcon-core/packages/bunker_msgs)
[14.951s] Level 1:colcon.colcon_core.environment:create_environment_scripts_only(bunker_msgs)
[14.951s] Level 1:colcon.colcon_core.environment:checking '/home/yangxuan/agt_navigation_runtime/install/bunker_msgs' for CMake module files
[14.953s] Level 1:colcon.colcon_core.environment:checking '/home/yangxuan/agt_navigation_runtime/install/bunker_msgs' for CMake config files
[14.955s] Level 1:colcon.colcon_core.shell:create_environment_hook('bunker_msgs', 'cmake_prefix_path')
[14.956s] INFO:colcon.colcon_core.shell:Creating environment hook '/home/yangxuan/agt_navigation_runtime/install/bunker_msgs/share/bunker_msgs/hook/cmake_prefix_path.ps1'
[14.957s] INFO:colcon.colcon_core.shell:Creating environment descriptor '/home/yangxuan/agt_navigation_runtime/install/bunker_msgs/share/bunker_msgs/hook/cmake_prefix_path.dsv'
[14.957s] INFO:colcon.colcon_core.shell:Creating environment hook '/home/yangxuan/agt_navigation_runtime/install/bunker_msgs/share/bunker_msgs/hook/cmake_prefix_path.sh'
[14.958s] Level 1:colcon.colcon_core.environment:checking '/home/yangxuan/agt_navigation_runtime/install/bunker_msgs/lib'
[14.959s] Level 1:colcon.colcon_core.shell:create_environment_hook('bunker_msgs', 'ld_library_path_lib')
[14.959s] INFO:colcon.colcon_core.shell:Creating environment hook '/home/yangxuan/agt_navigation_runtime/install/bunker_msgs/share/bunker_msgs/hook/ld_library_path_lib.ps1'
[14.960s] INFO:colcon.colcon_core.shell:Creating environment descriptor '/home/yangxuan/agt_navigation_runtime/install/bunker_msgs/share/bunker_msgs/hook/ld_library_path_lib.dsv'
[14.961s] INFO:colcon.colcon_core.shell:Creating environment hook '/home/yangxuan/agt_navigation_runtime/install/bunker_msgs/share/bunker_msgs/hook/ld_library_path_lib.sh'
[14.962s] Level 1:colcon.colcon_core.environment:checking '/home/yangxuan/agt_navigation_runtime/install/bunker_msgs/bin'
[14.962s] Level 1:colcon.colcon_core.environment:checking '/home/yangxuan/agt_navigation_runtime/install/bunker_msgs/lib/pkgconfig/bunker_msgs.pc'
[14.962s] Level 1:colcon.colcon_core.environment:checking '/home/yangxuan/agt_navigation_runtime/install/bunker_msgs/lib/python3.10/site-packages'
[14.963s] Level 1:colcon.colcon_core.environment:checking '/home/yangxuan/agt_navigation_runtime/install/bunker_msgs/bin'
[14.964s] INFO:colcon.colcon_core.shell:Creating package script '/home/yangxuan/agt_navigation_runtime/install/bunker_msgs/share/bunker_msgs/package.ps1'
[14.966s] INFO:colcon.colcon_core.shell:Creating package descriptor '/home/yangxuan/agt_navigation_runtime/install/bunker_msgs/share/bunker_msgs/package.dsv'
[14.967s] INFO:colcon.colcon_core.shell:Creating package script '/home/yangxuan/agt_navigation_runtime/install/bunker_msgs/share/bunker_msgs/package.sh'
[14.968s] INFO:colcon.colcon_core.shell:Creating package script '/home/yangxuan/agt_navigation_runtime/install/bunker_msgs/share/bunker_msgs/package.bash'
[14.969s] INFO:colcon.colcon_core.shell:Creating package script '/home/yangxuan/agt_navigation_runtime/install/bunker_msgs/share/bunker_msgs/package.zsh'
[14.971s] Level 1:colcon.colcon_core.environment:create_file_with_runtime_dependencies(/home/yangxuan/agt_navigation_runtime/install/bunker_msgs/share/colcon-core/packages/bunker_msgs)
[14.971s] INFO:colcon.colcon_ros.task.ament_cmake.build:Building ROS package in '/home/yangxuan/agt_navigation_runtime/third_party/bunker_ros2/bunker_base' with build type 'ament_cmake'
[14.972s] INFO:colcon.colcon_cmake.task.cmake.build:Building CMake package in '/home/yangxuan/agt_navigation_runtime/third_party/bunker_ros2/bunker_base'
[14.973s] INFO:colcon.colcon_core.shell:Skip shell extension 'powershell' for command environment: Not usable outside of PowerShell
[14.973s] DEBUG:colcon.colcon_core.shell:Skip shell extension 'dsv' for command environment
[15.002s] DEBUG:colcon.colcon_core.event_handler.log_command:Invoking command in '/home/yangxuan/agt_navigation_runtime/build/bunker_base': AMENT_PREFIX_PATH=/home/yangxuan/agt_navigation_runtime/install/ugv_sdk:/home/yangxuan/agt_navigation_runtime/install/bunker_msgs:${AMENT_PREFIX_PATH} CMAKE_PREFIX_PATH=/home/yangxuan/agt_navigation_runtime/install/ugv_sdk:/home/yangxuan/agt_navigation_runtime/install/bunker_msgs:/opt/ros/humble LD_LIBRARY_PATH=/home/yangxuan/agt_navigation_runtime/install/ugv_sdk/lib:/home/yangxuan/agt_navigation_runtime/install/bunker_msgs/lib:/usr/lib/x86_64-linux-gnu/gazebo-11/plugins:/opt/ros/humble/opt/rviz_ogre_vendor/lib:/opt/ros/humble/lib/x86_64-linux-gnu:/opt/ros/humble/opt/ortools_vendor/lib:/opt/ros/humble/opt/openvdb_vendor/lib:/opt/ros/humble/lib PYTHONPATH=/home/yangxuan/agt_navigation_runtime/install/bunker_msgs/local/lib/python3.10/dist-packages:${PYTHONPATH} /usr/bin/cmake /home/yangxuan/agt_navigation_runtime/third_party/bunker_ros2/bunker_base -DAMENT_CMAKE_SYMLINK_INSTALL=1 -DCMAKE_INSTALL_PREFIX=/home/yangxuan/agt_navigation_runtime/install/bunker_base
[18.493s] DEBUG:colcon.colcon_core.event_handler.log_command:Invoked command in '/home/yangxuan/agt_navigation_runtime/build/bunker_base' returned '0': AMENT_PREFIX_PATH=/home/yangxuan/agt_navigation_runtime/install/ugv_sdk:/home/yangxuan/agt_navigation_runtime/install/bunker_msgs:${AMENT_PREFIX_PATH} CMAKE_PREFIX_PATH=/home/yangxuan/agt_navigation_runtime/install/ugv_sdk:/home/yangxuan/agt_navigation_runtime/install/bunker_msgs:/opt/ros/humble LD_LIBRARY_PATH=/home/yangxuan/agt_navigation_runtime/install/ugv_sdk/lib:/home/yangxuan/agt_navigation_runtime/install/bunker_msgs/lib:/usr/lib/x86_64-linux-gnu/gazebo-11/plugins:/opt/ros/humble/opt/rviz_ogre_vendor/lib:/opt/ros/humble/lib/x86_64-linux-gnu:/opt/ros/humble/opt/ortools_vendor/lib:/opt/ros/humble/opt/openvdb_vendor/lib:/opt/ros/humble/lib PYTHONPATH=/home/yangxuan/agt_navigation_runtime/install/bunker_msgs/local/lib/python3.10/dist-packages:${PYTHONPATH} /usr/bin/cmake /home/yangxuan/agt_navigation_runtime/third_party/bunker_ros2/bunker_base -DAMENT_CMAKE_SYMLINK_INSTALL=1 -DCMAKE_INSTALL_PREFIX=/home/yangxuan/agt_navigation_runtime/install/bunker_base
[18.498s] DEBUG:colcon.colcon_core.event_handler.log_command:Invoking command in '/home/yangxuan/agt_navigation_runtime/build/bunker_base': AMENT_PREFIX_PATH=/home/yangxuan/agt_navigation_runtime/install/ugv_sdk:/home/yangxuan/agt_navigation_runtime/install/bunker_msgs:${AMENT_PREFIX_PATH} CMAKE_PREFIX_PATH=/home/yangxuan/agt_navigation_runtime/install/ugv_sdk:/home/yangxuan/agt_navigation_runtime/install/bunker_msgs:/opt/ros/humble LD_LIBRARY_PATH=/home/yangxuan/agt_navigation_runtime/install/ugv_sdk/lib:/home/yangxuan/agt_navigation_runtime/install/bunker_msgs/lib:/usr/lib/x86_64-linux-gnu/gazebo-11/plugins:/opt/ros/humble/opt/rviz_ogre_vendor/lib:/opt/ros/humble/lib/x86_64-linux-gnu:/opt/ros/humble/opt/ortools_vendor/lib:/opt/ros/humble/opt/openvdb_vendor/lib:/opt/ros/humble/lib PYTHONPATH=/home/yangxuan/agt_navigation_runtime/install/bunker_msgs/local/lib/python3.10/dist-packages:${PYTHONPATH} /usr/bin/cmake --build /home/yangxuan/agt_navigation_runtime/build/bunker_base -- -j32 -l32
[21.095s] DEBUG:colcon.colcon_core.event_handler.log_command:Invoked command in '/home/yangxuan/agt_navigation_runtime/build/agt_interfaces' returned '0': CMAKE_PREFIX_PATH=/opt/ros/humble /usr/bin/cmake /home/yangxuan/agt_navigation_runtime/src/agt_interfaces -DAMENT_CMAKE_SYMLINK_INSTALL=1 -DCMAKE_INSTALL_PREFIX=/home/yangxuan/agt_navigation_runtime/install/agt_interfaces
[21.097s] DEBUG:colcon.colcon_core.event_handler.log_command:Invoking command in '/home/yangxuan/agt_navigation_runtime/build/agt_interfaces': CMAKE_PREFIX_PATH=/opt/ros/humble /usr/bin/cmake --build /home/yangxuan/agt_navigation_runtime/build/agt_interfaces -- -j32 -l32
[27.797s] DEBUG:colcon.colcon_core.event_handler.log_command:Invoked command in '/home/yangxuan/agt_navigation_runtime/build/agt_perception' returned '0': CMAKE_PREFIX_PATH=/opt/ros/humble /usr/bin/cmake --build /home/yangxuan/agt_navigation_runtime/build/agt_perception -- -j32 -l32
[27.801s] DEBUG:colcon.colcon_core.event_handler.log_command:Invoking command in '/home/yangxuan/agt_navigation_runtime/build/agt_perception': CMAKE_PREFIX_PATH=/opt/ros/humble /usr/bin/cmake --install /home/yangxuan/agt_navigation_runtime/build/agt_perception
[28.112s] Level 1:colcon.colcon_core.environment:create_environment_scripts_only(agt_perception)
[28.113s] Level 1:colcon.colcon_core.environment:checking '/home/yangxuan/agt_navigation_runtime/install/agt_perception' for CMake module files
[28.114s] DEBUG:colcon.colcon_core.event_handler.log_command:Invoked command in '/home/yangxuan/agt_navigation_runtime/build/agt_perception' returned '0': CMAKE_PREFIX_PATH=/opt/ros/humble /usr/bin/cmake --install /home/yangxuan/agt_navigation_runtime/build/agt_perception
[28.114s] Level 1:colcon.colcon_core.environment:checking '/home/yangxuan/agt_navigation_runtime/install/agt_perception' for CMake config files
[28.115s] Level 1:colcon.colcon_core.shell:create_environment_hook('agt_perception', 'cmake_prefix_path')
[28.115s] INFO:colcon.colcon_core.shell:Creating environment hook '/home/yangxuan/agt_navigation_runtime/install/agt_perception/share/agt_perception/hook/cmake_prefix_path.ps1'
[28.116s] INFO:colcon.colcon_core.shell:Creating environment descriptor '/home/yangxuan/agt_navigation_runtime/install/agt_perception/share/agt_perception/hook/cmake_prefix_path.dsv'
[28.117s] INFO:colcon.colcon_core.shell:Creating environment hook '/home/yangxuan/agt_navigation_runtime/install/agt_perception/share/agt_perception/hook/cmake_prefix_path.sh'
[28.118s] Level 1:colcon.colcon_core.environment:checking '/home/yangxuan/agt_navigation_runtime/install/agt_perception/lib'
[28.118s] Level 1:colcon.colcon_core.environment:checking '/home/yangxuan/agt_navigation_runtime/install/agt_perception/bin'
[28.118s] Level 1:colcon.colcon_core.environment:checking '/home/yangxuan/agt_navigation_runtime/install/agt_perception/lib/pkgconfig/agt_perception.pc'
[28.119s] Level 1:colcon.colcon_core.environment:checking '/home/yangxuan/agt_navigation_runtime/install/agt_perception/lib/python3.10/site-packages'
[28.119s] Level 1:colcon.colcon_core.environment:checking '/home/yangxuan/agt_navigation_runtime/install/agt_perception/bin'
[28.120s] INFO:colcon.colcon_core.shell:Creating package script '/home/yangxuan/agt_navigation_runtime/install/agt_perception/share/agt_perception/package.ps1'
[28.121s] INFO:colcon.colcon_core.shell:Creating package descriptor '/home/yangxuan/agt_navigation_runtime/install/agt_perception/share/agt_perception/package.dsv'
[28.122s] INFO:colcon.colcon_core.shell:Creating package script '/home/yangxuan/agt_navigation_runtime/install/agt_perception/share/agt_perception/package.sh'
[28.122s] INFO:colcon.colcon_core.shell:Creating package script '/home/yangxuan/agt_navigation_runtime/install/agt_perception/share/agt_perception/package.bash'
[28.123s] INFO:colcon.colcon_core.shell:Creating package script '/home/yangxuan/agt_navigation_runtime/install/agt_perception/share/agt_perception/package.zsh'
[28.124s] Level 1:colcon.colcon_core.environment:create_file_with_runtime_dependencies(/home/yangxuan/agt_navigation_runtime/install/agt_perception/share/colcon-core/packages/agt_perception)
[28.125s] Level 1:colcon.colcon_core.environment:create_environment_scripts_only(agt_perception)
[28.125s] Level 1:colcon.colcon_core.environment:checking '/home/yangxuan/agt_navigation_runtime/install/agt_perception' for CMake module files
[28.126s] Level 1:colcon.colcon_core.environment:checking '/home/yangxuan/agt_navigation_runtime/install/agt_perception' for CMake config files
[28.127s] Level 1:colcon.colcon_core.shell:create_environment_hook('agt_perception', 'cmake_prefix_path')
[28.127s] INFO:colcon.colcon_core.shell:Creating environment hook '/home/yangxuan/agt_navigation_runtime/install/agt_perception/share/agt_perception/hook/cmake_prefix_path.ps1'
[28.128s] INFO:colcon.colcon_core.shell:Creating environment descriptor '/home/yangxuan/agt_navigation_runtime/install/agt_perception/share/agt_perception/hook/cmake_prefix_path.dsv'
[28.128s] INFO:colcon.colcon_core.shell:Creating environment hook '/home/yangxuan/agt_navigation_runtime/install/agt_perception/share/agt_perception/hook/cmake_prefix_path.sh'
[28.129s] Level 1:colcon.colcon_core.environment:checking '/home/yangxuan/agt_navigation_runtime/install/agt_perception/lib'
[28.130s] Level 1:colcon.colcon_core.environment:checking '/home/yangxuan/agt_navigation_runtime/install/agt_perception/bin'
[28.130s] Level 1:colcon.colcon_core.environment:checking '/home/yangxuan/agt_navigation_runtime/install/agt_perception/lib/pkgconfig/agt_perception.pc'
[28.130s] Level 1:colcon.colcon_core.environment:checking '/home/yangxuan/agt_navigation_runtime/install/agt_perception/lib/python3.10/site-packages'
[28.131s] Level 1:colcon.colcon_core.environment:checking '/home/yangxuan/agt_navigation_runtime/install/agt_perception/bin'
[28.131s] INFO:colcon.colcon_core.shell:Creating package script '/home/yangxuan/agt_navigation_runtime/install/agt_perception/share/agt_perception/package.ps1'
[28.133s] INFO:colcon.colcon_core.shell:Creating package descriptor '/home/yangxuan/agt_navigation_runtime/install/agt_perception/share/agt_perception/package.dsv'
[28.134s] INFO:colcon.colcon_core.shell:Creating package script '/home/yangxuan/agt_navigation_runtime/install/agt_perception/share/agt_perception/package.sh'
[28.134s] INFO:colcon.colcon_core.shell:Creating package script '/home/yangxuan/agt_navigation_runtime/install/agt_perception/share/agt_perception/package.bash'
[28.135s] INFO:colcon.colcon_core.shell:Creating package script '/home/yangxuan/agt_navigation_runtime/install/agt_perception/share/agt_perception/package.zsh'
[28.135s] Level 1:colcon.colcon_core.environment:create_file_with_runtime_dependencies(/home/yangxuan/agt_navigation_runtime/install/agt_perception/share/colcon-core/packages/agt_perception)
[31.630s] DEBUG:colcon.colcon_core.event_handler.log_command:Invoked command in '/home/yangxuan/agt_navigation_runtime/build/livox_ros_driver2' returned '0': CMAKE_PREFIX_PATH=/opt/ros/humble /usr/bin/cmake --build /home/yangxuan/agt_navigation_runtime/build/livox_ros_driver2 -- -j32 -l32
[31.635s] DEBUG:colcon.colcon_core.event_handler.log_command:Invoking command in '/home/yangxuan/agt_navigation_runtime/build/livox_ros_driver2': CMAKE_PREFIX_PATH=/opt/ros/humble /usr/bin/cmake --install /home/yangxuan/agt_navigation_runtime/build/livox_ros_driver2
[33.480s] Level 1:colcon.colcon_core.environment:create_environment_scripts_only(livox_ros_driver2)
[33.481s] Level 1:colcon.colcon_core.environment:checking '/home/yangxuan/agt_navigation_runtime/install/livox_ros_driver2' for CMake module files
[33.483s] Level 1:colcon.colcon_core.environment:checking '/home/yangxuan/agt_navigation_runtime/install/livox_ros_driver2' for CMake config files
[33.484s] DEBUG:colcon.colcon_core.event_handler.log_command:Invoked command in '/home/yangxuan/agt_navigation_runtime/build/livox_ros_driver2' returned '0': CMAKE_PREFIX_PATH=/opt/ros/humble /usr/bin/cmake --install /home/yangxuan/agt_navigation_runtime/build/livox_ros_driver2
[33.486s] Level 1:colcon.colcon_core.shell:create_environment_hook('livox_ros_driver2', 'cmake_prefix_path')
[33.486s] INFO:colcon.colcon_core.shell:Creating environment hook '/home/yangxuan/agt_navigation_runtime/install/livox_ros_driver2/share/livox_ros_driver2/hook/cmake_prefix_path.ps1'
[33.487s] INFO:colcon.colcon_core.shell:Creating environment descriptor '/home/yangxuan/agt_navigation_runtime/install/livox_ros_driver2/share/livox_ros_driver2/hook/cmake_prefix_path.dsv'
[33.488s] INFO:colcon.colcon_core.shell:Creating environment hook '/home/yangxuan/agt_navigation_runtime/install/livox_ros_driver2/share/livox_ros_driver2/hook/cmake_prefix_path.sh'
[33.489s] Level 1:colcon.colcon_core.environment:checking '/home/yangxuan/agt_navigation_runtime/install/livox_ros_driver2/lib'
[33.490s] Level 1:colcon.colcon_core.shell:create_environment_hook('livox_ros_driver2', 'ld_library_path_lib')
[33.490s] INFO:colcon.colcon_core.shell:Creating environment hook '/home/yangxuan/agt_navigation_runtime/install/livox_ros_driver2/share/livox_ros_driver2/hook/ld_library_path_lib.ps1'
[33.491s] INFO:colcon.colcon_core.shell:Creating environment descriptor '/home/yangxuan/agt_navigation_runtime/install/livox_ros_driver2/share/livox_ros_driver2/hook/ld_library_path_lib.dsv'
[33.492s] INFO:colcon.colcon_core.shell:Creating environment hook '/home/yangxuan/agt_navigation_runtime/install/livox_ros_driver2/share/livox_ros_driver2/hook/ld_library_path_lib.sh'
[33.493s] Level 1:colcon.colcon_core.environment:checking '/home/yangxuan/agt_navigation_runtime/install/livox_ros_driver2/bin'
[33.493s] Level 1:colcon.colcon_core.environment:checking '/home/yangxuan/agt_navigation_runtime/install/livox_ros_driver2/lib/pkgconfig/livox_ros_driver2.pc'
[33.493s] Level 1:colcon.colcon_core.environment:checking '/home/yangxuan/agt_navigation_runtime/install/livox_ros_driver2/lib/python3.10/site-packages'
[33.494s] Level 1:colcon.colcon_core.environment:checking '/home/yangxuan/agt_navigation_runtime/install/livox_ros_driver2/bin'
[33.495s] INFO:colcon.colcon_core.shell:Creating package script '/home/yangxuan/agt_navigation_runtime/install/livox_ros_driver2/share/livox_ros_driver2/package.ps1'
[33.496s] INFO:colcon.colcon_core.shell:Creating package descriptor '/home/yangxuan/agt_navigation_runtime/install/livox_ros_driver2/share/livox_ros_driver2/package.dsv'
[33.497s] INFO:colcon.colcon_core.shell:Creating package script '/home/yangxuan/agt_navigation_runtime/install/livox_ros_driver2/share/livox_ros_driver2/package.sh'
[33.498s] INFO:colcon.colcon_core.shell:Creating package script '/home/yangxuan/agt_navigation_runtime/install/livox_ros_driver2/share/livox_ros_driver2/package.bash'
[33.499s] INFO:colcon.colcon_core.shell:Creating package script '/home/yangxuan/agt_navigation_runtime/install/livox_ros_driver2/share/livox_ros_driver2/package.zsh'
[33.500s] Level 1:colcon.colcon_core.environment:create_file_with_runtime_dependencies(/home/yangxuan/agt_navigation_runtime/install/livox_ros_driver2/share/colcon-core/packages/livox_ros_driver2)
[33.502s] Level 1:colcon.colcon_core.environment:create_environment_scripts_only(livox_ros_driver2)
[33.502s] Level 1:colcon.colcon_core.environment:checking '/home/yangxuan/agt_navigation_runtime/install/livox_ros_driver2' for CMake module files
[33.504s] Level 1:colcon.colcon_core.environment:checking '/home/yangxuan/agt_navigation_runtime/install/livox_ros_driver2' for CMake config files
[33.506s] Level 1:colcon.colcon_core.shell:create_environment_hook('livox_ros_driver2', 'cmake_prefix_path')
[33.506s] INFO:colcon.colcon_core.shell:Creating environment hook '/home/yangxuan/agt_navigation_runtime/install/livox_ros_driver2/share/livox_ros_driver2/hook/cmake_prefix_path.ps1'
[33.507s] INFO:colcon.colcon_core.shell:Creating environment descriptor '/home/yangxuan/agt_navigation_runtime/install/livox_ros_driver2/share/livox_ros_driver2/hook/cmake_prefix_path.dsv'
[33.508s] INFO:colcon.colcon_core.shell:Creating environment hook '/home/yangxuan/agt_navigation_runtime/install/livox_ros_driver2/share/livox_ros_driver2/hook/cmake_prefix_path.sh'
[33.509s] Level 1:colcon.colcon_core.environment:checking '/home/yangxuan/agt_navigation_runtime/install/livox_ros_driver2/lib'
[33.509s] Level 1:colcon.colcon_core.shell:create_environment_hook('livox_ros_driver2', 'ld_library_path_lib')
[33.510s] INFO:colcon.colcon_core.shell:Creating environment hook '/home/yangxuan/agt_navigation_runtime/install/livox_ros_driver2/share/livox_ros_driver2/hook/ld_library_path_lib.ps1'
[33.511s] INFO:colcon.colcon_core.shell:Creating environment descriptor '/home/yangxuan/agt_navigation_runtime/install/livox_ros_driver2/share/livox_ros_driver2/hook/ld_library_path_lib.dsv'
[33.512s] INFO:colcon.colcon_core.shell:Creating environment hook '/home/yangxuan/agt_navigation_runtime/install/livox_ros_driver2/share/livox_ros_driver2/hook/ld_library_path_lib.sh'
[33.513s] Level 1:colcon.colcon_core.environment:checking '/home/yangxuan/agt_navigation_runtime/install/livox_ros_driver2/bin'
[33.513s] Level 1:colcon.colcon_core.environment:checking '/home/yangxuan/agt_navigation_runtime/install/livox_ros_driver2/lib/pkgconfig/livox_ros_driver2.pc'
[33.513s] Level 1:colcon.colcon_core.environment:checking '/home/yangxuan/agt_navigation_runtime/install/livox_ros_driver2/lib/python3.10/site-packages'
[33.514s] Level 1:colcon.colcon_core.environment:checking '/home/yangxuan/agt_navigation_runtime/install/livox_ros_driver2/bin'
[33.515s] INFO:colcon.colcon_core.shell:Creating package script '/home/yangxuan/agt_navigation_runtime/install/livox_ros_driver2/share/livox_ros_driver2/package.ps1'
[33.517s] INFO:colcon.colcon_core.shell:Creating package descriptor '/home/yangxuan/agt_navigation_runtime/install/livox_ros_driver2/share/livox_ros_driver2/package.dsv'
[33.518s] INFO:colcon.colcon_core.shell:Creating package script '/home/yangxuan/agt_navigation_runtime/install/livox_ros_driver2/share/livox_ros_driver2/package.sh'
[33.519s] INFO:colcon.colcon_core.shell:Creating package script '/home/yangxuan/agt_navigation_runtime/install/livox_ros_driver2/share/livox_ros_driver2/package.bash'
[33.520s] INFO:colcon.colcon_core.shell:Creating package script '/home/yangxuan/agt_navigation_runtime/install/livox_ros_driver2/share/livox_ros_driver2/package.zsh'
[33.521s] Level 1:colcon.colcon_core.environment:create_file_with_runtime_dependencies(/home/yangxuan/agt_navigation_runtime/install/livox_ros_driver2/share/colcon-core/packages/livox_ros_driver2)
[33.522s] INFO:colcon.colcon_ros.task.ament_cmake.build:Building ROS package in '/home/yangxuan/agt_navigation_runtime/src/agt_sensor_adapters' with build type 'ament_cmake'
[33.522s] INFO:colcon.colcon_cmake.task.cmake.build:Building CMake package in '/home/yangxuan/agt_navigation_runtime/src/agt_sensor_adapters'
[33.523s] INFO:colcon.colcon_core.shell:Skip shell extension 'powershell' for command environment: Not usable outside of PowerShell
[33.523s] DEBUG:colcon.colcon_core.shell:Skip shell extension 'dsv' for command environment
[33.546s] DEBUG:colcon.colcon_core.event_handler.log_command:Invoking command in '/home/yangxuan/agt_navigation_runtime/build/agt_sensor_adapters': AMENT_PREFIX_PATH=/home/yangxuan/agt_navigation_runtime/install/livox_ros_driver2:${AMENT_PREFIX_PATH} CMAKE_PREFIX_PATH=/home/yangxuan/agt_navigation_runtime/install/livox_ros_driver2:/opt/ros/humble LD_LIBRARY_PATH=/home/yangxuan/agt_navigation_runtime/install/livox_ros_driver2/lib:/usr/lib/x86_64-linux-gnu/gazebo-11/plugins:/opt/ros/humble/opt/rviz_ogre_vendor/lib:/opt/ros/humble/lib/x86_64-linux-gnu:/opt/ros/humble/opt/ortools_vendor/lib:/opt/ros/humble/opt/openvdb_vendor/lib:/opt/ros/humble/lib PYTHONPATH=/home/yangxuan/agt_navigation_runtime/install/livox_ros_driver2/local/lib/python3.10/dist-packages:${PYTHONPATH} /usr/bin/cmake /home/yangxuan/agt_navigation_runtime/src/agt_sensor_adapters -DAMENT_CMAKE_SYMLINK_INSTALL=1 -DCMAKE_INSTALL_PREFIX=/home/yangxuan/agt_navigation_runtime/install/agt_sensor_adapters
[35.118s] DEBUG:colcon.colcon_core.event_handler.log_command:Invoked command in '/home/yangxuan/agt_navigation_runtime/build/vikit_common' returned '0': CMAKE_PREFIX_PATH=/opt/ros/humble /usr/bin/cmake --build /home/yangxuan/agt_navigation_runtime/build/vikit_common -- -j32 -l32
[35.121s] DEBUG:colcon.colcon_core.event_handler.log_command:Invoking command in '/home/yangxuan/agt_navigation_runtime/build/vikit_common': CMAKE_PREFIX_PATH=/opt/ros/humble /usr/bin/cmake --install /home/yangxuan/agt_navigation_runtime/build/vikit_common
[35.778s] Level 1:colcon.colcon_core.environment:create_environment_scripts_only(vikit_common)
[35.778s] Level 1:colcon.colcon_core.environment:checking '/home/yangxuan/agt_navigation_runtime/install/vikit_common' for CMake module files
[35.779s] DEBUG:colcon.colcon_core.event_handler.log_command:Invoked command in '/home/yangxuan/agt_navigation_runtime/build/vikit_common' returned '0': CMAKE_PREFIX_PATH=/opt/ros/humble /usr/bin/cmake --install /home/yangxuan/agt_navigation_runtime/build/vikit_common
[35.780s] Level 1:colcon.colcon_core.environment:checking '/home/yangxuan/agt_navigation_runtime/install/vikit_common' for CMake config files
[35.780s] Level 1:colcon.colcon_core.shell:create_environment_hook('vikit_common', 'cmake_prefix_path')
[35.781s] INFO:colcon.colcon_core.shell:Creating environment hook '/home/yangxuan/agt_navigation_runtime/install/vikit_common/share/vikit_common/hook/cmake_prefix_path.ps1'
[35.781s] INFO:colcon.colcon_core.shell:Creating environment descriptor '/home/yangxuan/agt_navigation_runtime/install/vikit_common/share/vikit_common/hook/cmake_prefix_path.dsv'
[35.781s] INFO:colcon.colcon_core.shell:Creating environment hook '/home/yangxuan/agt_navigation_runtime/install/vikit_common/share/vikit_common/hook/cmake_prefix_path.sh'
[35.782s] Level 1:colcon.colcon_core.environment:checking '/home/yangxuan/agt_navigation_runtime/install/vikit_common/lib'
[35.782s] Level 1:colcon.colcon_core.shell:create_environment_hook('vikit_common', 'ld_library_path_lib')
[35.783s] INFO:colcon.colcon_core.shell:Creating environment hook '/home/yangxuan/agt_navigation_runtime/install/vikit_common/share/vikit_common/hook/ld_library_path_lib.ps1'
[35.783s] INFO:colcon.colcon_core.shell:Creating environment descriptor '/home/yangxuan/agt_navigation_runtime/install/vikit_common/share/vikit_common/hook/ld_library_path_lib.dsv'
[35.783s] INFO:colcon.colcon_core.shell:Creating environment hook '/home/yangxuan/agt_navigation_runtime/install/vikit_common/share/vikit_common/hook/ld_library_path_lib.sh'
[35.784s] Level 1:colcon.colcon_core.environment:checking '/home/yangxuan/agt_navigation_runtime/install/vikit_common/bin'
[35.784s] Level 1:colcon.colcon_core.environment:checking '/home/yangxuan/agt_navigation_runtime/install/vikit_common/lib/pkgconfig/vikit_common.pc'
[35.784s] Level 1:colcon.colcon_core.environment:checking '/home/yangxuan/agt_navigation_runtime/install/vikit_common/lib/python3.10/site-packages'
[35.784s] Level 1:colcon.colcon_core.environment:checking '/home/yangxuan/agt_navigation_runtime/install/vikit_common/bin'
[35.785s] INFO:colcon.colcon_core.shell:Creating package script '/home/yangxuan/agt_navigation_runtime/install/vikit_common/share/vikit_common/package.ps1'
[35.786s] INFO:colcon.colcon_core.shell:Creating package descriptor '/home/yangxuan/agt_navigation_runtime/install/vikit_common/share/vikit_common/package.dsv'
[35.786s] INFO:colcon.colcon_core.shell:Creating package script '/home/yangxuan/agt_navigation_runtime/install/vikit_common/share/vikit_common/package.sh'
[35.788s] INFO:colcon.colcon_core.shell:Creating package script '/home/yangxuan/agt_navigation_runtime/install/vikit_common/share/vikit_common/package.bash'
[35.788s] INFO:colcon.colcon_core.shell:Creating package script '/home/yangxuan/agt_navigation_runtime/install/vikit_common/share/vikit_common/package.zsh'
[35.788s] Level 1:colcon.colcon_core.environment:create_file_with_runtime_dependencies(/home/yangxuan/agt_navigation_runtime/install/vikit_common/share/colcon-core/packages/vikit_common)
[35.789s] Level 1:colcon.colcon_core.environment:create_environment_scripts_only(vikit_common)
[35.789s] Level 1:colcon.colcon_core.environment:checking '/home/yangxuan/agt_navigation_runtime/install/vikit_common' for CMake module files
[35.790s] Level 1:colcon.colcon_core.environment:checking '/home/yangxuan/agt_navigation_runtime/install/vikit_common' for CMake config files
[35.790s] Level 1:colcon.colcon_core.shell:create_environment_hook('vikit_common', 'cmake_prefix_path')
[35.791s] INFO:colcon.colcon_core.shell:Creating environment hook '/home/yangxuan/agt_navigation_runtime/install/vikit_common/share/vikit_common/hook/cmake_prefix_path.ps1'
[35.791s] INFO:colcon.colcon_core.shell:Creating environment descriptor '/home/yangxuan/agt_navigation_runtime/install/vikit_common/share/vikit_common/hook/cmake_prefix_path.dsv'
[35.792s] INFO:colcon.colcon_core.shell:Creating environment hook '/home/yangxuan/agt_navigation_runtime/install/vikit_common/share/vikit_common/hook/cmake_prefix_path.sh'
[35.792s] Level 1:colcon.colcon_core.environment:checking '/home/yangxuan/agt_navigation_runtime/install/vikit_common/lib'
[35.793s] Level 1:colcon.colcon_core.shell:create_environment_hook('vikit_common', 'ld_library_path_lib')
[35.793s] INFO:colcon.colcon_core.shell:Creating environment hook '/home/yangxuan/agt_navigation_runtime/install/vikit_common/share/vikit_common/hook/ld_library_path_lib.ps1'
[35.793s] INFO:colcon.colcon_core.shell:Creating environment descriptor '/home/yangxuan/agt_navigation_runtime/install/vikit_common/share/vikit_common/hook/ld_library_path_lib.dsv'
[35.794s] INFO:colcon.colcon_core.shell:Creating environment hook '/home/yangxuan/agt_navigation_runtime/install/vikit_common/share/vikit_common/hook/ld_library_path_lib.sh'
[35.794s] Level 1:colcon.colcon_core.environment:checking '/home/yangxuan/agt_navigation_runtime/install/vikit_common/bin'
[35.794s] Level 1:colcon.colcon_core.environment:checking '/home/yangxuan/agt_navigation_runtime/install/vikit_common/lib/pkgconfig/vikit_common.pc'
[35.794s] Level 1:colcon.colcon_core.environment:checking '/home/yangxuan/agt_navigation_runtime/install/vikit_common/lib/python3.10/site-packages'
[35.795s] Level 1:colcon.colcon_core.environment:checking '/home/yangxuan/agt_navigation_runtime/install/vikit_common/bin'
[35.795s] INFO:colcon.colcon_core.shell:Creating package script '/home/yangxuan/agt_navigation_runtime/install/vikit_common/share/vikit_common/package.ps1'
[35.796s] INFO:colcon.colcon_core.shell:Creating package descriptor '/home/yangxuan/agt_navigation_runtime/install/vikit_common/share/vikit_common/package.dsv'
[35.797s] INFO:colcon.colcon_core.shell:Creating package script '/home/yangxuan/agt_navigation_runtime/install/vikit_common/share/vikit_common/package.sh'
[35.797s] INFO:colcon.colcon_core.shell:Creating package script '/home/yangxuan/agt_navigation_runtime/install/vikit_common/share/vikit_common/package.bash'
[35.798s] INFO:colcon.colcon_core.shell:Creating package script '/home/yangxuan/agt_navigation_runtime/install/vikit_common/share/vikit_common/package.zsh'
[35.798s] Level 1:colcon.colcon_core.environment:create_file_with_runtime_dependencies(/home/yangxuan/agt_navigation_runtime/install/vikit_common/share/colcon-core/packages/vikit_common)
[35.799s] INFO:colcon.colcon_ros.task.ament_cmake.build:Building ROS package in '/home/yangxuan/agt_navigation_runtime/third_party/rpg_vikit_ros2_fisheye/vikit_ros' with build type 'ament_cmake'
[35.799s] INFO:colcon.colcon_cmake.task.cmake.build:Building CMake package in '/home/yangxuan/agt_navigation_runtime/third_party/rpg_vikit_ros2_fisheye/vikit_ros'
[35.799s] INFO:colcon.colcon_core.shell:Skip shell extension 'powershell' for command environment: Not usable outside of PowerShell
[35.800s] DEBUG:colcon.colcon_core.shell:Skip shell extension 'dsv' for command environment
[35.815s] DEBUG:colcon.colcon_core.event_handler.log_command:Invoking command in '/home/yangxuan/agt_navigation_runtime/build/vikit_ros': AMENT_PREFIX_PATH=/home/yangxuan/agt_navigation_runtime/install/vikit_common:${AMENT_PREFIX_PATH} CMAKE_PREFIX_PATH=/home/yangxuan/agt_navigation_runtime/install/vikit_common:/opt/ros/humble LD_LIBRARY_PATH=/home/yangxuan/agt_navigation_runtime/install/vikit_common/lib:/usr/lib/x86_64-linux-gnu/gazebo-11/plugins:/opt/ros/humble/opt/rviz_ogre_vendor/lib:/opt/ros/humble/lib/x86_64-linux-gnu:/opt/ros/humble/opt/ortools_vendor/lib:/opt/ros/humble/opt/openvdb_vendor/lib:/opt/ros/humble/lib /usr/bin/cmake /home/yangxuan/agt_navigation_runtime/third_party/rpg_vikit_ros2_fisheye/vikit_ros -DAMENT_CMAKE_SYMLINK_INSTALL=1 -DCMAKE_INSTALL_PREFIX=/home/yangxuan/agt_navigation_runtime/install/vikit_ros
[38.113s] DEBUG:colcon.colcon_core.event_handler.log_command:Invoked command in '/home/yangxuan/agt_navigation_runtime/build/vikit_ros' returned '0': AMENT_PREFIX_PATH=/home/yangxuan/agt_navigation_runtime/install/vikit_common:${AMENT_PREFIX_PATH} CMAKE_PREFIX_PATH=/home/yangxuan/agt_navigation_runtime/install/vikit_common:/opt/ros/humble LD_LIBRARY_PATH=/home/yangxuan/agt_navigation_runtime/install/vikit_common/lib:/usr/lib/x86_64-linux-gnu/gazebo-11/plugins:/opt/ros/humble/opt/rviz_ogre_vendor/lib:/opt/ros/humble/lib/x86_64-linux-gnu:/opt/ros/humble/opt/ortools_vendor/lib:/opt/ros/humble/opt/openvdb_vendor/lib:/opt/ros/humble/lib /usr/bin/cmake /home/yangxuan/agt_navigation_runtime/third_party/rpg_vikit_ros2_fisheye/vikit_ros -DAMENT_CMAKE_SYMLINK_INSTALL=1 -DCMAKE_INSTALL_PREFIX=/home/yangxuan/agt_navigation_runtime/install/vikit_ros
[38.116s] DEBUG:colcon.colcon_core.event_handler.log_command:Invoking command in '/home/yangxuan/agt_navigation_runtime/build/vikit_ros': AMENT_PREFIX_PATH=/home/yangxuan/agt_navigation_runtime/install/vikit_common:${AMENT_PREFIX_PATH} CMAKE_PREFIX_PATH=/home/yangxuan/agt_navigation_runtime/install/vikit_common:/opt/ros/humble LD_LIBRARY_PATH=/home/yangxuan/agt_navigation_runtime/install/vikit_common/lib:/usr/lib/x86_64-linux-gnu/gazebo-11/plugins:/opt/ros/humble/opt/rviz_ogre_vendor/lib:/opt/ros/humble/lib/x86_64-linux-gnu:/opt/ros/humble/opt/ortools_vendor/lib:/opt/ros/humble/opt/openvdb_vendor/lib:/opt/ros/humble/lib /usr/bin/cmake --build /home/yangxuan/agt_navigation_runtime/build/vikit_ros -- -j32 -l32
[40.078s] DEBUG:colcon.colcon_core.event_handler.log_command:Invoked command in '/home/yangxuan/agt_navigation_runtime/build/agt_sensor_adapters' returned '0': AMENT_PREFIX_PATH=/home/yangxuan/agt_navigation_runtime/install/livox_ros_driver2:${AMENT_PREFIX_PATH} CMAKE_PREFIX_PATH=/home/yangxuan/agt_navigation_runtime/install/livox_ros_driver2:/opt/ros/humble LD_LIBRARY_PATH=/home/yangxuan/agt_navigation_runtime/install/livox_ros_driver2/lib:/usr/lib/x86_64-linux-gnu/gazebo-11/plugins:/opt/ros/humble/opt/rviz_ogre_vendor/lib:/opt/ros/humble/lib/x86_64-linux-gnu:/opt/ros/humble/opt/ortools_vendor/lib:/opt/ros/humble/opt/openvdb_vendor/lib:/opt/ros/humble/lib PYTHONPATH=/home/yangxuan/agt_navigation_runtime/install/livox_ros_driver2/local/lib/python3.10/dist-packages:${PYTHONPATH} /usr/bin/cmake /home/yangxuan/agt_navigation_runtime/src/agt_sensor_adapters -DAMENT_CMAKE_SYMLINK_INSTALL=1 -DCMAKE_INSTALL_PREFIX=/home/yangxuan/agt_navigation_runtime/install/agt_sensor_adapters
[40.079s] DEBUG:colcon.colcon_core.event_handler.log_command:Invoking command in '/home/yangxuan/agt_navigation_runtime/build/agt_sensor_adapters': AMENT_PREFIX_PATH=/home/yangxuan/agt_navigation_runtime/install/livox_ros_driver2:${AMENT_PREFIX_PATH} CMAKE_PREFIX_PATH=/home/yangxuan/agt_navigation_runtime/install/livox_ros_driver2:/opt/ros/humble LD_LIBRARY_PATH=/home/yangxuan/agt_navigation_runtime/install/livox_ros_driver2/lib:/usr/lib/x86_64-linux-gnu/gazebo-11/plugins:/opt/ros/humble/opt/rviz_ogre_vendor/lib:/opt/ros/humble/lib/x86_64-linux-gnu:/opt/ros/humble/opt/ortools_vendor/lib:/opt/ros/humble/opt/openvdb_vendor/lib:/opt/ros/humble/lib PYTHONPATH=/home/yangxuan/agt_navigation_runtime/install/livox_ros_driver2/local/lib/python3.10/dist-packages:${PYTHONPATH} /usr/bin/cmake --build /home/yangxuan/agt_navigation_runtime/build/agt_sensor_adapters -- -j32 -l32
[40.335s] DEBUG:colcon.colcon_core.event_handler.log_command:Invoked command in '/home/yangxuan/agt_navigation_runtime/build/bunker_base' returned '0': AMENT_PREFIX_PATH=/home/yangxuan/agt_navigation_runtime/install/ugv_sdk:/home/yangxuan/agt_navigation_runtime/install/bunker_msgs:${AMENT_PREFIX_PATH} CMAKE_PREFIX_PATH=/home/yangxuan/agt_navigation_runtime/install/ugv_sdk:/home/yangxuan/agt_navigation_runtime/install/bunker_msgs:/opt/ros/humble LD_LIBRARY_PATH=/home/yangxuan/agt_navigation_runtime/install/ugv_sdk/lib:/home/yangxuan/agt_navigation_runtime/install/bunker_msgs/lib:/usr/lib/x86_64-linux-gnu/gazebo-11/plugins:/opt/ros/humble/opt/rviz_ogre_vendor/lib:/opt/ros/humble/lib/x86_64-linux-gnu:/opt/ros/humble/opt/ortools_vendor/lib:/opt/ros/humble/opt/openvdb_vendor/lib:/opt/ros/humble/lib PYTHONPATH=/home/yangxuan/agt_navigation_runtime/install/bunker_msgs/local/lib/python3.10/dist-packages:${PYTHONPATH} /usr/bin/cmake --build /home/yangxuan/agt_navigation_runtime/build/bunker_base -- -j32 -l32
[40.358s] DEBUG:colcon.colcon_core.event_handler.log_command:Invoking command in '/home/yangxuan/agt_navigation_runtime/build/bunker_base': AMENT_PREFIX_PATH=/home/yangxuan/agt_navigation_runtime/install/ugv_sdk:/home/yangxuan/agt_navigation_runtime/install/bunker_msgs:${AMENT_PREFIX_PATH} CMAKE_PREFIX_PATH=/home/yangxuan/agt_navigation_runtime/install/ugv_sdk:/home/yangxuan/agt_navigation_runtime/install/bunker_msgs:/opt/ros/humble LD_LIBRARY_PATH=/home/yangxuan/agt_navigation_runtime/install/ugv_sdk/lib:/home/yangxuan/agt_navigation_runtime/install/bunker_msgs/lib:/usr/lib/x86_64-linux-gnu/gazebo-11/plugins:/opt/ros/humble/opt/rviz_ogre_vendor/lib:/opt/ros/humble/lib/x86_64-linux-gnu:/opt/ros/humble/opt/ortools_vendor/lib:/opt/ros/humble/opt/openvdb_vendor/lib:/opt/ros/humble/lib PYTHONPATH=/home/yangxuan/agt_navigation_runtime/install/bunker_msgs/local/lib/python3.10/dist-packages:${PYTHONPATH} /usr/bin/cmake --install /home/yangxuan/agt_navigation_runtime/build/bunker_base
[40.863s] Level 1:colcon.colcon_core.environment:create_environment_scripts_only(bunker_base)
[40.864s] Level 1:colcon.colcon_core.environment:checking '/home/yangxuan/agt_navigation_runtime/install/bunker_base' for CMake module files
[40.865s] Level 1:colcon.colcon_core.environment:checking '/home/yangxuan/agt_navigation_runtime/install/bunker_base' for CMake config files
[40.866s] Level 1:colcon.colcon_core.shell:create_environment_hook('bunker_base', 'cmake_prefix_path')
[40.866s] INFO:colcon.colcon_core.shell:Creating environment hook '/home/yangxuan/agt_navigation_runtime/install/bunker_base/share/bunker_base/hook/cmake_prefix_path.ps1'
[40.871s] DEBUG:colcon.colcon_core.event_handler.log_command:Invoked command in '/home/yangxuan/agt_navigation_runtime/build/bunker_base' returned '0': AMENT_PREFIX_PATH=/home/yangxuan/agt_navigation_runtime/install/ugv_sdk:/home/yangxuan/agt_navigation_runtime/install/bunker_msgs:${AMENT_PREFIX_PATH} CMAKE_PREFIX_PATH=/home/yangxuan/agt_navigation_runtime/install/ugv_sdk:/home/yangxuan/agt_navigation_runtime/install/bunker_msgs:/opt/ros/humble LD_LIBRARY_PATH=/home/yangxuan/agt_navigation_runtime/install/ugv_sdk/lib:/home/yangxuan/agt_navigation_runtime/install/bunker_msgs/lib:/usr/lib/x86_64-linux-gnu/gazebo-11/plugins:/opt/ros/humble/opt/rviz_ogre_vendor/lib:/opt/ros/humble/lib/x86_64-linux-gnu:/opt/ros/humble/opt/ortools_vendor/lib:/opt/ros/humble/opt/openvdb_vendor/lib:/opt/ros/humble/lib PYTHONPATH=/home/yangxuan/agt_navigation_runtime/install/bunker_msgs/local/lib/python3.10/dist-packages:${PYTHONPATH} /usr/bin/cmake --install /home/yangxuan/agt_navigation_runtime/build/bunker_base
[40.874s] INFO:colcon.colcon_core.shell:Creating environment descriptor '/home/yangxuan/agt_navigation_runtime/install/bunker_base/share/bunker_base/hook/cmake_prefix_path.dsv'
[40.876s] INFO:colcon.colcon_core.shell:Creating environment hook '/home/yangxuan/agt_navigation_runtime/install/bunker_base/share/bunker_base/hook/cmake_prefix_path.sh'
[40.881s] Level 1:colcon.colcon_core.environment:checking '/home/yangxuan/agt_navigation_runtime/install/bunker_base/lib'
[40.881s] Level 1:colcon.colcon_core.environment:checking '/home/yangxuan/agt_navigation_runtime/install/bunker_base/bin'
[40.882s] Level 1:colcon.colcon_core.environment:checking '/home/yangxuan/agt_navigation_runtime/install/bunker_base/lib/pkgconfig/bunker_base.pc'
[40.883s] Level 1:colcon.colcon_core.environment:checking '/home/yangxuan/agt_navigation_runtime/install/bunker_base/lib/python3.10/site-packages'
[40.884s] Level 1:colcon.colcon_core.environment:checking '/home/yangxuan/agt_navigation_runtime/install/bunker_base/bin'
[40.884s] INFO:colcon.colcon_core.shell:Creating package script '/home/yangxuan/agt_navigation_runtime/install/bunker_base/share/bunker_base/package.ps1'
[40.890s] INFO:colcon.colcon_core.shell:Creating package descriptor '/home/yangxuan/agt_navigation_runtime/install/bunker_base/share/bunker_base/package.dsv'
[40.891s] INFO:colcon.colcon_core.shell:Creating package script '/home/yangxuan/agt_navigation_runtime/install/bunker_base/share/bunker_base/package.sh'
[40.892s] INFO:colcon.colcon_core.shell:Creating package script '/home/yangxuan/agt_navigation_runtime/install/bunker_base/share/bunker_base/package.bash'
[40.893s] INFO:colcon.colcon_core.shell:Creating package script '/home/yangxuan/agt_navigation_runtime/install/bunker_base/share/bunker_base/package.zsh'
[40.898s] Level 1:colcon.colcon_core.environment:create_file_with_runtime_dependencies(/home/yangxuan/agt_navigation_runtime/install/bunker_base/share/colcon-core/packages/bunker_base)
[40.900s] Level 1:colcon.colcon_core.environment:create_environment_scripts_only(bunker_base)
[40.905s] Level 1:colcon.colcon_core.environment:checking '/home/yangxuan/agt_navigation_runtime/install/bunker_base' for CMake module files
[40.909s] Level 1:colcon.colcon_core.environment:checking '/home/yangxuan/agt_navigation_runtime/install/bunker_base' for CMake config files
[40.912s] Level 1:colcon.colcon_core.shell:create_environment_hook('bunker_base', 'cmake_prefix_path')
[40.914s] INFO:colcon.colcon_core.shell:Creating environment hook '/home/yangxuan/agt_navigation_runtime/install/bunker_base/share/bunker_base/hook/cmake_prefix_path.ps1'
[40.915s] INFO:colcon.colcon_core.shell:Creating environment descriptor '/home/yangxuan/agt_navigation_runtime/install/bunker_base/share/bunker_base/hook/cmake_prefix_path.dsv'
[40.916s] INFO:colcon.colcon_core.shell:Creating environment hook '/home/yangxuan/agt_navigation_runtime/install/bunker_base/share/bunker_base/hook/cmake_prefix_path.sh'
[40.924s] Level 1:colcon.colcon_core.environment:checking '/home/yangxuan/agt_navigation_runtime/install/bunker_base/lib'
[40.924s] Level 1:colcon.colcon_core.environment:checking '/home/yangxuan/agt_navigation_runtime/install/bunker_base/bin'
[40.925s] Level 1:colcon.colcon_core.environment:checking '/home/yangxuan/agt_navigation_runtime/install/bunker_base/lib/pkgconfig/bunker_base.pc'
[40.925s] Level 1:colcon.colcon_core.environment:checking '/home/yangxuan/agt_navigation_runtime/install/bunker_base/lib/python3.10/site-packages'
[40.926s] Level 1:colcon.colcon_core.environment:checking '/home/yangxuan/agt_navigation_runtime/install/bunker_base/bin'
[40.927s] INFO:colcon.colcon_core.shell:Creating package script '/home/yangxuan/agt_navigation_runtime/install/bunker_base/share/bunker_base/package.ps1'
[40.930s] INFO:colcon.colcon_core.shell:Creating package descriptor '/home/yangxuan/agt_navigation_runtime/install/bunker_base/share/bunker_base/package.dsv'
[40.935s] INFO:colcon.colcon_core.shell:Creating package script '/home/yangxuan/agt_navigation_runtime/install/bunker_base/share/bunker_base/package.sh'
[40.937s] INFO:colcon.colcon_core.shell:Creating package script '/home/yangxuan/agt_navigation_runtime/install/bunker_base/share/bunker_base/package.bash'
[40.938s] INFO:colcon.colcon_core.shell:Creating package script '/home/yangxuan/agt_navigation_runtime/install/bunker_base/share/bunker_base/package.zsh'
[40.939s] Level 1:colcon.colcon_core.environment:create_file_with_runtime_dependencies(/home/yangxuan/agt_navigation_runtime/install/bunker_base/share/colcon-core/packages/bunker_base)
[48.338s] DEBUG:colcon.colcon_core.event_handler.log_command:Invoked command in '/home/yangxuan/agt_navigation_runtime/build/vikit_ros' returned '0': AMENT_PREFIX_PATH=/home/yangxuan/agt_navigation_runtime/install/vikit_common:${AMENT_PREFIX_PATH} CMAKE_PREFIX_PATH=/home/yangxuan/agt_navigation_runtime/install/vikit_common:/opt/ros/humble LD_LIBRARY_PATH=/home/yangxuan/agt_navigation_runtime/install/vikit_common/lib:/usr/lib/x86_64-linux-gnu/gazebo-11/plugins:/opt/ros/humble/opt/rviz_ogre_vendor/lib:/opt/ros/humble/lib/x86_64-linux-gnu:/opt/ros/humble/opt/ortools_vendor/lib:/opt/ros/humble/opt/openvdb_vendor/lib:/opt/ros/humble/lib /usr/bin/cmake --build /home/yangxuan/agt_navigation_runtime/build/vikit_ros -- -j32 -l32
[48.340s] DEBUG:colcon.colcon_core.event_handler.log_command:Invoking command in '/home/yangxuan/agt_navigation_runtime/build/vikit_ros': AMENT_PREFIX_PATH=/home/yangxuan/agt_navigation_runtime/install/vikit_common:${AMENT_PREFIX_PATH} CMAKE_PREFIX_PATH=/home/yangxuan/agt_navigation_runtime/install/vikit_common:/opt/ros/humble LD_LIBRARY_PATH=/home/yangxuan/agt_navigation_runtime/install/vikit_common/lib:/usr/lib/x86_64-linux-gnu/gazebo-11/plugins:/opt/ros/humble/opt/rviz_ogre_vendor/lib:/opt/ros/humble/lib/x86_64-linux-gnu:/opt/ros/humble/opt/ortools_vendor/lib:/opt/ros/humble/opt/openvdb_vendor/lib:/opt/ros/humble/lib /usr/bin/cmake --install /home/yangxuan/agt_navigation_runtime/build/vikit_ros
[48.649s] Level 1:colcon.colcon_core.environment:create_environment_scripts_only(vikit_ros)
[48.649s] Level 1:colcon.colcon_core.environment:checking '/home/yangxuan/agt_navigation_runtime/install/vikit_ros' for CMake module files
[48.650s] DEBUG:colcon.colcon_core.event_handler.log_command:Invoked command in '/home/yangxuan/agt_navigation_runtime/build/vikit_ros' returned '0': AMENT_PREFIX_PATH=/home/yangxuan/agt_navigation_runtime/install/vikit_common:${AMENT_PREFIX_PATH} CMAKE_PREFIX_PATH=/home/yangxuan/agt_navigation_runtime/install/vikit_common:/opt/ros/humble LD_LIBRARY_PATH=/home/yangxuan/agt_navigation_runtime/install/vikit_common/lib:/usr/lib/x86_64-linux-gnu/gazebo-11/plugins:/opt/ros/humble/opt/rviz_ogre_vendor/lib:/opt/ros/humble/lib/x86_64-linux-gnu:/opt/ros/humble/opt/ortools_vendor/lib:/opt/ros/humble/opt/openvdb_vendor/lib:/opt/ros/humble/lib /usr/bin/cmake --install /home/yangxuan/agt_navigation_runtime/build/vikit_ros
[48.650s] Level 1:colcon.colcon_core.environment:checking '/home/yangxuan/agt_navigation_runtime/install/vikit_ros' for CMake config files
[48.650s] Level 1:colcon.colcon_core.shell:create_environment_hook('vikit_ros', 'cmake_prefix_path')
[48.651s] INFO:colcon.colcon_core.shell:Creating environment hook '/home/yangxuan/agt_navigation_runtime/install/vikit_ros/share/vikit_ros/hook/cmake_prefix_path.ps1'
[48.651s] INFO:colcon.colcon_core.shell:Creating environment descriptor '/home/yangxuan/agt_navigation_runtime/install/vikit_ros/share/vikit_ros/hook/cmake_prefix_path.dsv'
[48.651s] INFO:colcon.colcon_core.shell:Creating environment hook '/home/yangxuan/agt_navigation_runtime/install/vikit_ros/share/vikit_ros/hook/cmake_prefix_path.sh'
[48.652s] Level 1:colcon.colcon_core.environment:checking '/home/yangxuan/agt_navigation_runtime/install/vikit_ros/lib'
[48.652s] Level 1:colcon.colcon_core.shell:create_environment_hook('vikit_ros', 'ld_library_path_lib')
[48.652s] INFO:colcon.colcon_core.shell:Creating environment hook '/home/yangxuan/agt_navigation_runtime/install/vikit_ros/share/vikit_ros/hook/ld_library_path_lib.ps1'
[48.652s] INFO:colcon.colcon_core.shell:Creating environment descriptor '/home/yangxuan/agt_navigation_runtime/install/vikit_ros/share/vikit_ros/hook/ld_library_path_lib.dsv'
[48.653s] INFO:colcon.colcon_core.shell:Creating environment hook '/home/yangxuan/agt_navigation_runtime/install/vikit_ros/share/vikit_ros/hook/ld_library_path_lib.sh'
[48.653s] Level 1:colcon.colcon_core.environment:checking '/home/yangxuan/agt_navigation_runtime/install/vikit_ros/bin'
[48.653s] Level 1:colcon.colcon_core.environment:checking '/home/yangxuan/agt_navigation_runtime/install/vikit_ros/lib/pkgconfig/vikit_ros.pc'
[48.653s] Level 1:colcon.colcon_core.environment:checking '/home/yangxuan/agt_navigation_runtime/install/vikit_ros/lib/python3.10/site-packages'
[48.653s] Level 1:colcon.colcon_core.environment:checking '/home/yangxuan/agt_navigation_runtime/install/vikit_ros/bin'
[48.654s] INFO:colcon.colcon_core.shell:Creating package script '/home/yangxuan/agt_navigation_runtime/install/vikit_ros/share/vikit_ros/package.ps1'
[48.654s] INFO:colcon.colcon_core.shell:Creating package descriptor '/home/yangxuan/agt_navigation_runtime/install/vikit_ros/share/vikit_ros/package.dsv'
[48.655s] INFO:colcon.colcon_core.shell:Creating package script '/home/yangxuan/agt_navigation_runtime/install/vikit_ros/share/vikit_ros/package.sh'
[48.655s] INFO:colcon.colcon_core.shell:Creating package script '/home/yangxuan/agt_navigation_runtime/install/vikit_ros/share/vikit_ros/package.bash'
[48.655s] INFO:colcon.colcon_core.shell:Creating package script '/home/yangxuan/agt_navigation_runtime/install/vikit_ros/share/vikit_ros/package.zsh'
[48.655s] Level 1:colcon.colcon_core.environment:create_file_with_runtime_dependencies(/home/yangxuan/agt_navigation_runtime/install/vikit_ros/share/colcon-core/packages/vikit_ros)
[48.656s] Level 1:colcon.colcon_core.environment:create_environment_scripts_only(vikit_ros)
[48.656s] Level 1:colcon.colcon_core.environment:checking '/home/yangxuan/agt_navigation_runtime/install/vikit_ros' for CMake module files
[48.657s] Level 1:colcon.colcon_core.environment:checking '/home/yangxuan/agt_navigation_runtime/install/vikit_ros' for CMake config files
[48.657s] Level 1:colcon.colcon_core.shell:create_environment_hook('vikit_ros', 'cmake_prefix_path')
[48.657s] INFO:colcon.colcon_core.shell:Creating environment hook '/home/yangxuan/agt_navigation_runtime/install/vikit_ros/share/vikit_ros/hook/cmake_prefix_path.ps1'
[48.657s] INFO:colcon.colcon_core.shell:Creating environment descriptor '/home/yangxuan/agt_navigation_runtime/install/vikit_ros/share/vikit_ros/hook/cmake_prefix_path.dsv'
[48.658s] INFO:colcon.colcon_core.shell:Creating environment hook '/home/yangxuan/agt_navigation_runtime/install/vikit_ros/share/vikit_ros/hook/cmake_prefix_path.sh'
[48.658s] Level 1:colcon.colcon_core.environment:checking '/home/yangxuan/agt_navigation_runtime/install/vikit_ros/lib'
[48.658s] Level 1:colcon.colcon_core.shell:create_environment_hook('vikit_ros', 'ld_library_path_lib')
[48.658s] INFO:colcon.colcon_core.shell:Creating environment hook '/home/yangxuan/agt_navigation_runtime/install/vikit_ros/share/vikit_ros/hook/ld_library_path_lib.ps1'
[48.659s] INFO:colcon.colcon_core.shell:Creating environment descriptor '/home/yangxuan/agt_navigation_runtime/install/vikit_ros/share/vikit_ros/hook/ld_library_path_lib.dsv'
[48.659s] INFO:colcon.colcon_core.shell:Creating environment hook '/home/yangxuan/agt_navigation_runtime/install/vikit_ros/share/vikit_ros/hook/ld_library_path_lib.sh'
[48.659s] Level 1:colcon.colcon_core.environment:checking '/home/yangxuan/agt_navigation_runtime/install/vikit_ros/bin'
[48.659s] Level 1:colcon.colcon_core.environment:checking '/home/yangxuan/agt_navigation_runtime/install/vikit_ros/lib/pkgconfig/vikit_ros.pc'
[48.660s] Level 1:colcon.colcon_core.environment:checking '/home/yangxuan/agt_navigation_runtime/install/vikit_ros/lib/python3.10/site-packages'
[48.660s] Level 1:colcon.colcon_core.environment:checking '/home/yangxuan/agt_navigation_runtime/install/vikit_ros/bin'
[48.660s] INFO:colcon.colcon_core.shell:Creating package script '/home/yangxuan/agt_navigation_runtime/install/vikit_ros/share/vikit_ros/package.ps1'
[48.661s] INFO:colcon.colcon_core.shell:Creating package descriptor '/home/yangxuan/agt_navigation_runtime/install/vikit_ros/share/vikit_ros/package.dsv'
[48.661s] INFO:colcon.colcon_core.shell:Creating package script '/home/yangxuan/agt_navigation_runtime/install/vikit_ros/share/vikit_ros/package.sh'
[48.661s] INFO:colcon.colcon_core.shell:Creating package script '/home/yangxuan/agt_navigation_runtime/install/vikit_ros/share/vikit_ros/package.bash'
[48.662s] INFO:colcon.colcon_core.shell:Creating package script '/home/yangxuan/agt_navigation_runtime/install/vikit_ros/share/vikit_ros/package.zsh'
[48.662s] Level 1:colcon.colcon_core.environment:create_file_with_runtime_dependencies(/home/yangxuan/agt_navigation_runtime/install/vikit_ros/share/colcon-core/packages/vikit_ros)
[48.662s] INFO:colcon.colcon_ros.task.ament_cmake.build:Building ROS package in '/home/yangxuan/agt_navigation_runtime/third_party/fast_livo2_ros2' with build type 'ament_cmake'
[48.663s] INFO:colcon.colcon_cmake.task.cmake.build:Building CMake package in '/home/yangxuan/agt_navigation_runtime/third_party/fast_livo2_ros2'
[48.663s] INFO:colcon.colcon_core.shell:Skip shell extension 'powershell' for command environment: Not usable outside of PowerShell
[48.663s] DEBUG:colcon.colcon_core.shell:Skip shell extension 'dsv' for command environment
[48.685s] DEBUG:colcon.colcon_core.event_handler.log_command:Invoking command in '/home/yangxuan/agt_navigation_runtime/build/fast_livo': AMENT_PREFIX_PATH=/home/yangxuan/agt_navigation_runtime/install/vikit_ros:/home/yangxuan/agt_navigation_runtime/install/vikit_common:/home/yangxuan/agt_navigation_runtime/install/livox_ros_driver2:${AMENT_PREFIX_PATH} CMAKE_PREFIX_PATH=/home/yangxuan/agt_navigation_runtime/install/vikit_ros:/home/yangxuan/agt_navigation_runtime/install/vikit_common:/home/yangxuan/agt_navigation_runtime/install/livox_ros_driver2:/opt/ros/humble LD_LIBRARY_PATH=/home/yangxuan/agt_navigation_runtime/install/vikit_ros/lib:/home/yangxuan/agt_navigation_runtime/install/vikit_common/lib:/home/yangxuan/agt_navigation_runtime/install/livox_ros_driver2/lib:/usr/lib/x86_64-linux-gnu/gazebo-11/plugins:/opt/ros/humble/opt/rviz_ogre_vendor/lib:/opt/ros/humble/lib/x86_64-linux-gnu:/opt/ros/humble/opt/ortools_vendor/lib:/opt/ros/humble/opt/openvdb_vendor/lib:/opt/ros/humble/lib PYTHONPATH=/home/yangxuan/agt_navigation_runtime/install/livox_ros_driver2/local/lib/python3.10/dist-packages:${PYTHONPATH} /usr/bin/cmake /home/yangxuan/agt_navigation_runtime/third_party/fast_livo2_ros2 -DAMENT_CMAKE_SYMLINK_INSTALL=1 -DCMAKE_INSTALL_PREFIX=/home/yangxuan/agt_navigation_runtime/install/fast_livo
[49.119s] DEBUG:colcon.colcon_core.event_handler.log_command:Invoked command in '/home/yangxuan/agt_navigation_runtime/build/agt_sensor_monitor' returned '0': CMAKE_PREFIX_PATH=/opt/ros/humble /usr/bin/cmake --build /home/yangxuan/agt_navigation_runtime/build/agt_sensor_monitor -- -j32 -l32
[49.121s] DEBUG:colcon.colcon_core.event_handler.log_command:Invoking command in '/home/yangxuan/agt_navigation_runtime/build/agt_sensor_monitor': CMAKE_PREFIX_PATH=/opt/ros/humble /usr/bin/cmake --install /home/yangxuan/agt_navigation_runtime/build/agt_sensor_monitor
[49.386s] Level 1:colcon.colcon_core.environment:create_environment_scripts_only(agt_sensor_monitor)
[49.387s] Level 1:colcon.colcon_core.environment:checking '/home/yangxuan/agt_navigation_runtime/install/agt_sensor_monitor' for CMake module files
[49.387s] DEBUG:colcon.colcon_core.event_handler.log_command:Invoked command in '/home/yangxuan/agt_navigation_runtime/build/agt_sensor_monitor' returned '0': CMAKE_PREFIX_PATH=/opt/ros/humble /usr/bin/cmake --install /home/yangxuan/agt_navigation_runtime/build/agt_sensor_monitor
[49.388s] Level 1:colcon.colcon_core.environment:checking '/home/yangxuan/agt_navigation_runtime/install/agt_sensor_monitor' for CMake config files
[49.389s] Level 1:colcon.colcon_core.shell:create_environment_hook('agt_sensor_monitor', 'cmake_prefix_path')
[49.389s] INFO:colcon.colcon_core.shell:Creating environment hook '/home/yangxuan/agt_navigation_runtime/install/agt_sensor_monitor/share/agt_sensor_monitor/hook/cmake_prefix_path.ps1'
[49.390s] INFO:colcon.colcon_core.shell:Creating environment descriptor '/home/yangxuan/agt_navigation_runtime/install/agt_sensor_monitor/share/agt_sensor_monitor/hook/cmake_prefix_path.dsv'
[49.390s] INFO:colcon.colcon_core.shell:Creating environment hook '/home/yangxuan/agt_navigation_runtime/install/agt_sensor_monitor/share/agt_sensor_monitor/hook/cmake_prefix_path.sh'
[49.391s] Level 1:colcon.colcon_core.environment:checking '/home/yangxuan/agt_navigation_runtime/install/agt_sensor_monitor/lib'
[49.391s] Level 1:colcon.colcon_core.environment:checking '/home/yangxuan/agt_navigation_runtime/install/agt_sensor_monitor/bin'
[49.391s] Level 1:colcon.colcon_core.environment:checking '/home/yangxuan/agt_navigation_runtime/install/agt_sensor_monitor/lib/pkgconfig/agt_sensor_monitor.pc'
[49.392s] Level 1:colcon.colcon_core.environment:checking '/home/yangxuan/agt_navigation_runtime/install/agt_sensor_monitor/lib/python3.10/site-packages'
[49.392s] Level 1:colcon.colcon_core.environment:checking '/home/yangxuan/agt_navigation_runtime/install/agt_sensor_monitor/bin'
[49.393s] INFO:colcon.colcon_core.shell:Creating package script '/home/yangxuan/agt_navigation_runtime/install/agt_sensor_monitor/share/agt_sensor_monitor/package.ps1'
[49.394s] INFO:colcon.colcon_core.shell:Creating package descriptor '/home/yangxuan/agt_navigation_runtime/install/agt_sensor_monitor/share/agt_sensor_monitor/package.dsv'
[49.394s] INFO:colcon.colcon_core.shell:Creating package script '/home/yangxuan/agt_navigation_runtime/install/agt_sensor_monitor/share/agt_sensor_monitor/package.sh'
[49.395s] INFO:colcon.colcon_core.shell:Creating package script '/home/yangxuan/agt_navigation_runtime/install/agt_sensor_monitor/share/agt_sensor_monitor/package.bash'
[49.395s] INFO:colcon.colcon_core.shell:Creating package script '/home/yangxuan/agt_navigation_runtime/install/agt_sensor_monitor/share/agt_sensor_monitor/package.zsh'
[49.396s] Level 1:colcon.colcon_core.environment:create_file_with_runtime_dependencies(/home/yangxuan/agt_navigation_runtime/install/agt_sensor_monitor/share/colcon-core/packages/agt_sensor_monitor)
[49.396s] Level 1:colcon.colcon_core.environment:create_environment_scripts_only(agt_sensor_monitor)
[49.397s] Level 1:colcon.colcon_core.environment:checking '/home/yangxuan/agt_navigation_runtime/install/agt_sensor_monitor' for CMake module files
[49.398s] Level 1:colcon.colcon_core.environment:checking '/home/yangxuan/agt_navigation_runtime/install/agt_sensor_monitor' for CMake config files
[49.398s] Level 1:colcon.colcon_core.shell:create_environment_hook('agt_sensor_monitor', 'cmake_prefix_path')
[49.398s] INFO:colcon.colcon_core.shell:Creating environment hook '/home/yangxuan/agt_navigation_runtime/install/agt_sensor_monitor/share/agt_sensor_monitor/hook/cmake_prefix_path.ps1'
[49.399s] INFO:colcon.colcon_core.shell:Creating environment descriptor '/home/yangxuan/agt_navigation_runtime/install/agt_sensor_monitor/share/agt_sensor_monitor/hook/cmake_prefix_path.dsv'
[49.399s] INFO:colcon.colcon_core.shell:Creating environment hook '/home/yangxuan/agt_navigation_runtime/install/agt_sensor_monitor/share/agt_sensor_monitor/hook/cmake_prefix_path.sh'
[49.400s] Level 1:colcon.colcon_core.environment:checking '/home/yangxuan/agt_navigation_runtime/install/agt_sensor_monitor/lib'
[49.400s] Level 1:colcon.colcon_core.environment:checking '/home/yangxuan/agt_navigation_runtime/install/agt_sensor_monitor/bin'
[49.401s] Level 1:colcon.colcon_core.environment:checking '/home/yangxuan/agt_navigation_runtime/install/agt_sensor_monitor/lib/pkgconfig/agt_sensor_monitor.pc'
[49.401s] Level 1:colcon.colcon_core.environment:checking '/home/yangxuan/agt_navigation_runtime/install/agt_sensor_monitor/lib/python3.10/site-packages'
[49.401s] Level 1:colcon.colcon_core.environment:checking '/home/yangxuan/agt_navigation_runtime/install/agt_sensor_monitor/bin'
[49.402s] INFO:colcon.colcon_core.shell:Creating package script '/home/yangxuan/agt_navigation_runtime/install/agt_sensor_monitor/share/agt_sensor_monitor/package.ps1'
[49.403s] INFO:colcon.colcon_core.shell:Creating package descriptor '/home/yangxuan/agt_navigation_runtime/install/agt_sensor_monitor/share/agt_sensor_monitor/package.dsv'
[49.404s] INFO:colcon.colcon_core.shell:Creating package script '/home/yangxuan/agt_navigation_runtime/install/agt_sensor_monitor/share/agt_sensor_monitor/package.sh'
[49.404s] INFO:colcon.colcon_core.shell:Creating package script '/home/yangxuan/agt_navigation_runtime/install/agt_sensor_monitor/share/agt_sensor_monitor/package.bash'
[49.405s] INFO:colcon.colcon_core.shell:Creating package script '/home/yangxuan/agt_navigation_runtime/install/agt_sensor_monitor/share/agt_sensor_monitor/package.zsh'
[49.405s] Level 1:colcon.colcon_core.environment:create_file_with_runtime_dependencies(/home/yangxuan/agt_navigation_runtime/install/agt_sensor_monitor/share/colcon-core/packages/agt_sensor_monitor)
[52.082s] DEBUG:colcon.colcon_core.event_handler.log_command:Invoked command in '/home/yangxuan/agt_navigation_runtime/build/ndt_omp_ros2' returned '0': CMAKE_PREFIX_PATH=/opt/ros/humble /usr/bin/cmake --build /home/yangxuan/agt_navigation_runtime/build/ndt_omp_ros2 -- -j32 -l32
[52.084s] DEBUG:colcon.colcon_core.event_handler.log_command:Invoking command in '/home/yangxuan/agt_navigation_runtime/build/ndt_omp_ros2': CMAKE_PREFIX_PATH=/opt/ros/humble /usr/bin/cmake --install /home/yangxuan/agt_navigation_runtime/build/ndt_omp_ros2
[52.382s] Level 1:colcon.colcon_core.environment:create_environment_scripts_only(ndt_omp_ros2)
[52.383s] Level 1:colcon.colcon_core.environment:checking '/home/yangxuan/agt_navigation_runtime/install/ndt_omp_ros2' for CMake module files
[52.383s] DEBUG:colcon.colcon_core.event_handler.log_command:Invoked command in '/home/yangxuan/agt_navigation_runtime/build/ndt_omp_ros2' returned '0': CMAKE_PREFIX_PATH=/opt/ros/humble /usr/bin/cmake --install /home/yangxuan/agt_navigation_runtime/build/ndt_omp_ros2
[52.384s] Level 1:colcon.colcon_core.environment:checking '/home/yangxuan/agt_navigation_runtime/install/ndt_omp_ros2' for CMake config files
[52.384s] Level 1:colcon.colcon_core.shell:create_environment_hook('ndt_omp_ros2', 'cmake_prefix_path')
[52.385s] INFO:colcon.colcon_core.shell:Creating environment hook '/home/yangxuan/agt_navigation_runtime/install/ndt_omp_ros2/share/ndt_omp_ros2/hook/cmake_prefix_path.ps1'
[52.392s] INFO:colcon.colcon_core.shell:Creating environment descriptor '/home/yangxuan/agt_navigation_runtime/install/ndt_omp_ros2/share/ndt_omp_ros2/hook/cmake_prefix_path.dsv'
[52.392s] INFO:colcon.colcon_core.shell:Creating environment hook '/home/yangxuan/agt_navigation_runtime/install/ndt_omp_ros2/share/ndt_omp_ros2/hook/cmake_prefix_path.sh'
[52.392s] Level 1:colcon.colcon_core.environment:checking '/home/yangxuan/agt_navigation_runtime/install/ndt_omp_ros2/lib'
[52.393s] Level 1:colcon.colcon_core.environment:checking '/home/yangxuan/agt_navigation_runtime/install/ndt_omp_ros2/bin'
[52.393s] Level 1:colcon.colcon_core.environment:checking '/home/yangxuan/agt_navigation_runtime/install/ndt_omp_ros2/lib/pkgconfig/ndt_omp_ros2.pc'
[52.393s] Level 1:colcon.colcon_core.environment:checking '/home/yangxuan/agt_navigation_runtime/install/ndt_omp_ros2/lib/python3.10/site-packages'
[52.393s] Level 1:colcon.colcon_core.environment:checking '/home/yangxuan/agt_navigation_runtime/install/ndt_omp_ros2/bin'
[52.393s] INFO:colcon.colcon_core.shell:Creating package script '/home/yangxuan/agt_navigation_runtime/install/ndt_omp_ros2/share/ndt_omp_ros2/package.ps1'
[52.394s] INFO:colcon.colcon_core.shell:Creating package descriptor '/home/yangxuan/agt_navigation_runtime/install/ndt_omp_ros2/share/ndt_omp_ros2/package.dsv'
[52.394s] INFO:colcon.colcon_core.shell:Creating package script '/home/yangxuan/agt_navigation_runtime/install/ndt_omp_ros2/share/ndt_omp_ros2/package.sh'
[52.394s] INFO:colcon.colcon_core.shell:Creating package script '/home/yangxuan/agt_navigation_runtime/install/ndt_omp_ros2/share/ndt_omp_ros2/package.bash'
[52.395s] INFO:colcon.colcon_core.shell:Creating package script '/home/yangxuan/agt_navigation_runtime/install/ndt_omp_ros2/share/ndt_omp_ros2/package.zsh'
[52.395s] Level 1:colcon.colcon_core.environment:create_file_with_runtime_dependencies(/home/yangxuan/agt_navigation_runtime/install/ndt_omp_ros2/share/colcon-core/packages/ndt_omp_ros2)
[52.395s] Level 1:colcon.colcon_core.environment:create_environment_scripts_only(ndt_omp_ros2)
[52.395s] Level 1:colcon.colcon_core.environment:checking '/home/yangxuan/agt_navigation_runtime/install/ndt_omp_ros2' for CMake module files
[52.396s] Level 1:colcon.colcon_core.environment:checking '/home/yangxuan/agt_navigation_runtime/install/ndt_omp_ros2' for CMake config files
[52.396s] Level 1:colcon.colcon_core.shell:create_environment_hook('ndt_omp_ros2', 'cmake_prefix_path')
[52.396s] INFO:colcon.colcon_core.shell:Creating environment hook '/home/yangxuan/agt_navigation_runtime/install/ndt_omp_ros2/share/ndt_omp_ros2/hook/cmake_prefix_path.ps1'
[52.397s] INFO:colcon.colcon_core.shell:Creating environment descriptor '/home/yangxuan/agt_navigation_runtime/install/ndt_omp_ros2/share/ndt_omp_ros2/hook/cmake_prefix_path.dsv'
[52.397s] INFO:colcon.colcon_core.shell:Creating environment hook '/home/yangxuan/agt_navigation_runtime/install/ndt_omp_ros2/share/ndt_omp_ros2/hook/cmake_prefix_path.sh'
[52.397s] Level 1:colcon.colcon_core.environment:checking '/home/yangxuan/agt_navigation_runtime/install/ndt_omp_ros2/lib'
[52.397s] Level 1:colcon.colcon_core.environment:checking '/home/yangxuan/agt_navigation_runtime/install/ndt_omp_ros2/bin'
[52.397s] Level 1:colcon.colcon_core.environment:checking '/home/yangxuan/agt_navigation_runtime/install/ndt_omp_ros2/lib/pkgconfig/ndt_omp_ros2.pc'
[52.398s] Level 1:colcon.colcon_core.environment:checking '/home/yangxuan/agt_navigation_runtime/install/ndt_omp_ros2/lib/python3.10/site-packages'
[52.398s] Level 1:colcon.colcon_core.environment:checking '/home/yangxuan/agt_navigation_runtime/install/ndt_omp_ros2/bin'
[52.398s] INFO:colcon.colcon_core.shell:Creating package script '/home/yangxuan/agt_navigation_runtime/install/ndt_omp_ros2/share/ndt_omp_ros2/package.ps1'
[52.399s] INFO:colcon.colcon_core.shell:Creating package descriptor '/home/yangxuan/agt_navigation_runtime/install/ndt_omp_ros2/share/ndt_omp_ros2/package.dsv'
[52.399s] INFO:colcon.colcon_core.shell:Creating package script '/home/yangxuan/agt_navigation_runtime/install/ndt_omp_ros2/share/ndt_omp_ros2/package.sh'
[52.399s] INFO:colcon.colcon_core.shell:Creating package script '/home/yangxuan/agt_navigation_runtime/install/ndt_omp_ros2/share/ndt_omp_ros2/package.bash'
[52.400s] INFO:colcon.colcon_core.shell:Creating package script '/home/yangxuan/agt_navigation_runtime/install/ndt_omp_ros2/share/ndt_omp_ros2/package.zsh'
[52.400s] Level 1:colcon.colcon_core.environment:create_file_with_runtime_dependencies(/home/yangxuan/agt_navigation_runtime/install/ndt_omp_ros2/share/colcon-core/packages/ndt_omp_ros2)
[52.400s] INFO:colcon.colcon_ros.task.ament_cmake.build:Building ROS package in '/home/yangxuan/agt_navigation_runtime/third_party/relocalization_core' with build type 'ament_cmake'
[52.400s] INFO:colcon.colcon_cmake.task.cmake.build:Building CMake package in '/home/yangxuan/agt_navigation_runtime/third_party/relocalization_core'
[52.400s] INFO:colcon.colcon_core.shell:Skip shell extension 'powershell' for command environment: Not usable outside of PowerShell
[52.400s] DEBUG:colcon.colcon_core.shell:Skip shell extension 'dsv' for command environment
[52.411s] DEBUG:colcon.colcon_core.event_handler.log_command:Invoking command in '/home/yangxuan/agt_navigation_runtime/build/relocalization_core': AMENT_PREFIX_PATH=/home/yangxuan/agt_navigation_runtime/install/ndt_omp_ros2:${AMENT_PREFIX_PATH} CMAKE_PREFIX_PATH=/home/yangxuan/agt_navigation_runtime/install/ndt_omp_ros2:/opt/ros/humble LD_LIBRARY_PATH=/home/yangxuan/agt_navigation_runtime/install/ndt_omp_ros2/lib:${LD_LIBRARY_PATH} /usr/bin/cmake /home/yangxuan/agt_navigation_runtime/third_party/relocalization_core -DAMENT_CMAKE_SYMLINK_INSTALL=1 -DCMAKE_INSTALL_PREFIX=/home/yangxuan/agt_navigation_runtime/install/relocalization_core
[53.560s] DEBUG:colcon.colcon_core.event_handler.log_command:Invoked command in '/home/yangxuan/agt_navigation_runtime/build/fast_livo' returned '0': AMENT_PREFIX_PATH=/home/yangxuan/agt_navigation_runtime/install/vikit_ros:/home/yangxuan/agt_navigation_runtime/install/vikit_common:/home/yangxuan/agt_navigation_runtime/install/livox_ros_driver2:${AMENT_PREFIX_PATH} CMAKE_PREFIX_PATH=/home/yangxuan/agt_navigation_runtime/install/vikit_ros:/home/yangxuan/agt_navigation_runtime/install/vikit_common:/home/yangxuan/agt_navigation_runtime/install/livox_ros_driver2:/opt/ros/humble LD_LIBRARY_PATH=/home/yangxuan/agt_navigation_runtime/install/vikit_ros/lib:/home/yangxuan/agt_navigation_runtime/install/vikit_common/lib:/home/yangxuan/agt_navigation_runtime/install/livox_ros_driver2/lib:/usr/lib/x86_64-linux-gnu/gazebo-11/plugins:/opt/ros/humble/opt/rviz_ogre_vendor/lib:/opt/ros/humble/lib/x86_64-linux-gnu:/opt/ros/humble/opt/ortools_vendor/lib:/opt/ros/humble/opt/openvdb_vendor/lib:/opt/ros/humble/lib PYTHONPATH=/home/yangxuan/agt_navigation_runtime/install/livox_ros_driver2/local/lib/python3.10/dist-packages:${PYTHONPATH} /usr/bin/cmake /home/yangxuan/agt_navigation_runtime/third_party/fast_livo2_ros2 -DAMENT_CMAKE_SYMLINK_INSTALL=1 -DCMAKE_INSTALL_PREFIX=/home/yangxuan/agt_navigation_runtime/install/fast_livo
[53.564s] DEBUG:colcon.colcon_core.event_handler.log_command:Invoking command in '/home/yangxuan/agt_navigation_runtime/build/fast_livo': AMENT_PREFIX_PATH=/home/yangxuan/agt_navigation_runtime/install/vikit_ros:/home/yangxuan/agt_navigation_runtime/install/vikit_common:/home/yangxuan/agt_navigation_runtime/install/livox_ros_driver2:${AMENT_PREFIX_PATH} CMAKE_PREFIX_PATH=/home/yangxuan/agt_navigation_runtime/install/vikit_ros:/home/yangxuan/agt_navigation_runtime/install/vikit_common:/home/yangxuan/agt_navigation_runtime/install/livox_ros_driver2:/opt/ros/humble LD_LIBRARY_PATH=/home/yangxuan/agt_navigation_runtime/install/vikit_ros/lib:/home/yangxuan/agt_navigation_runtime/install/vikit_common/lib:/home/yangxuan/agt_navigation_runtime/install/livox_ros_driver2/lib:/usr/lib/x86_64-linux-gnu/gazebo-11/plugins:/opt/ros/humble/opt/rviz_ogre_vendor/lib:/opt/ros/humble/lib/x86_64-linux-gnu:/opt/ros/humble/opt/ortools_vendor/lib:/opt/ros/humble/opt/openvdb_vendor/lib:/opt/ros/humble/lib PYTHONPATH=/home/yangxuan/agt_navigation_runtime/install/livox_ros_driver2/local/lib/python3.10/dist-packages:${PYTHONPATH} /usr/bin/cmake --build /home/yangxuan/agt_navigation_runtime/build/fast_livo -- -j32 -l32
[56.829s] DEBUG:colcon.colcon_core.event_handler.log_command:Invoked command in '/home/yangxuan/agt_navigation_runtime/build/relocalization_core' returned '0': AMENT_PREFIX_PATH=/home/yangxuan/agt_navigation_runtime/install/ndt_omp_ros2:${AMENT_PREFIX_PATH} CMAKE_PREFIX_PATH=/home/yangxuan/agt_navigation_runtime/install/ndt_omp_ros2:/opt/ros/humble LD_LIBRARY_PATH=/home/yangxuan/agt_navigation_runtime/install/ndt_omp_ros2/lib:${LD_LIBRARY_PATH} /usr/bin/cmake /home/yangxuan/agt_navigation_runtime/third_party/relocalization_core -DAMENT_CMAKE_SYMLINK_INSTALL=1 -DCMAKE_INSTALL_PREFIX=/home/yangxuan/agt_navigation_runtime/install/relocalization_core
[56.832s] DEBUG:colcon.colcon_core.event_handler.log_command:Invoking command in '/home/yangxuan/agt_navigation_runtime/build/relocalization_core': AMENT_PREFIX_PATH=/home/yangxuan/agt_navigation_runtime/install/ndt_omp_ros2:${AMENT_PREFIX_PATH} CMAKE_PREFIX_PATH=/home/yangxuan/agt_navigation_runtime/install/ndt_omp_ros2:/opt/ros/humble LD_LIBRARY_PATH=/home/yangxuan/agt_navigation_runtime/install/ndt_omp_ros2/lib:${LD_LIBRARY_PATH} /usr/bin/cmake --build /home/yangxuan/agt_navigation_runtime/build/relocalization_core -- -j32 -l32
[60.319s] DEBUG:colcon.colcon_core.event_handler.log_command:Invoked command in '/home/yangxuan/agt_navigation_runtime/build/agt_interfaces' returned '0': CMAKE_PREFIX_PATH=/opt/ros/humble /usr/bin/cmake --build /home/yangxuan/agt_navigation_runtime/build/agt_interfaces -- -j32 -l32
[60.321s] DEBUG:colcon.colcon_core.event_handler.log_command:Invoking command in '/home/yangxuan/agt_navigation_runtime/build/agt_interfaces': CMAKE_PREFIX_PATH=/opt/ros/humble /usr/bin/cmake --install /home/yangxuan/agt_navigation_runtime/build/agt_interfaces
[61.375s] DEBUG:colcon.colcon_core.event_handler.log_command:Invoked command in '/home/yangxuan/agt_navigation_runtime/build/agt_sensor_adapters' returned '0': AMENT_PREFIX_PATH=/home/yangxuan/agt_navigation_runtime/install/livox_ros_driver2:${AMENT_PREFIX_PATH} CMAKE_PREFIX_PATH=/home/yangxuan/agt_navigation_runtime/install/livox_ros_driver2:/opt/ros/humble LD_LIBRARY_PATH=/home/yangxuan/agt_navigation_runtime/install/livox_ros_driver2/lib:/usr/lib/x86_64-linux-gnu/gazebo-11/plugins:/opt/ros/humble/opt/rviz_ogre_vendor/lib:/opt/ros/humble/lib/x86_64-linux-gnu:/opt/ros/humble/opt/ortools_vendor/lib:/opt/ros/humble/opt/openvdb_vendor/lib:/opt/ros/humble/lib PYTHONPATH=/home/yangxuan/agt_navigation_runtime/install/livox_ros_driver2/local/lib/python3.10/dist-packages:${PYTHONPATH} /usr/bin/cmake --build /home/yangxuan/agt_navigation_runtime/build/agt_sensor_adapters -- -j32 -l32
[61.378s] DEBUG:colcon.colcon_core.event_handler.log_command:Invoking command in '/home/yangxuan/agt_navigation_runtime/build/agt_sensor_adapters': AMENT_PREFIX_PATH=/home/yangxuan/agt_navigation_runtime/install/livox_ros_driver2:${AMENT_PREFIX_PATH} CMAKE_PREFIX_PATH=/home/yangxuan/agt_navigation_runtime/install/livox_ros_driver2:/opt/ros/humble LD_LIBRARY_PATH=/home/yangxuan/agt_navigation_runtime/install/livox_ros_driver2/lib:/usr/lib/x86_64-linux-gnu/gazebo-11/plugins:/opt/ros/humble/opt/rviz_ogre_vendor/lib:/opt/ros/humble/lib/x86_64-linux-gnu:/opt/ros/humble/opt/ortools_vendor/lib:/opt/ros/humble/opt/openvdb_vendor/lib:/opt/ros/humble/lib PYTHONPATH=/home/yangxuan/agt_navigation_runtime/install/livox_ros_driver2/local/lib/python3.10/dist-packages:${PYTHONPATH} /usr/bin/cmake --install /home/yangxuan/agt_navigation_runtime/build/agt_sensor_adapters
[61.719s] Level 1:colcon.colcon_core.environment:create_environment_scripts_only(agt_sensor_adapters)
[61.719s] Level 1:colcon.colcon_core.environment:checking '/home/yangxuan/agt_navigation_runtime/install/agt_sensor_adapters' for CMake module files
[61.720s] DEBUG:colcon.colcon_core.event_handler.log_command:Invoked command in '/home/yangxuan/agt_navigation_runtime/build/agt_sensor_adapters' returned '0': AMENT_PREFIX_PATH=/home/yangxuan/agt_navigation_runtime/install/livox_ros_driver2:${AMENT_PREFIX_PATH} CMAKE_PREFIX_PATH=/home/yangxuan/agt_navigation_runtime/install/livox_ros_driver2:/opt/ros/humble LD_LIBRARY_PATH=/home/yangxuan/agt_navigation_runtime/install/livox_ros_driver2/lib:/usr/lib/x86_64-linux-gnu/gazebo-11/plugins:/opt/ros/humble/opt/rviz_ogre_vendor/lib:/opt/ros/humble/lib/x86_64-linux-gnu:/opt/ros/humble/opt/ortools_vendor/lib:/opt/ros/humble/opt/openvdb_vendor/lib:/opt/ros/humble/lib PYTHONPATH=/home/yangxuan/agt_navigation_runtime/install/livox_ros_driver2/local/lib/python3.10/dist-packages:${PYTHONPATH} /usr/bin/cmake --install /home/yangxuan/agt_navigation_runtime/build/agt_sensor_adapters
[61.721s] Level 1:colcon.colcon_core.environment:checking '/home/yangxuan/agt_navigation_runtime/install/agt_sensor_adapters' for CMake config files
[61.721s] Level 1:colcon.colcon_core.shell:create_environment_hook('agt_sensor_adapters', 'cmake_prefix_path')
[61.721s] INFO:colcon.colcon_core.shell:Creating environment hook '/home/yangxuan/agt_navigation_runtime/install/agt_sensor_adapters/share/agt_sensor_adapters/hook/cmake_prefix_path.ps1'
[61.722s] INFO:colcon.colcon_core.shell:Creating environment descriptor '/home/yangxuan/agt_navigation_runtime/install/agt_sensor_adapters/share/agt_sensor_adapters/hook/cmake_prefix_path.dsv'
[61.722s] INFO:colcon.colcon_core.shell:Creating environment hook '/home/yangxuan/agt_navigation_runtime/install/agt_sensor_adapters/share/agt_sensor_adapters/hook/cmake_prefix_path.sh'
[61.723s] Level 1:colcon.colcon_core.environment:checking '/home/yangxuan/agt_navigation_runtime/install/agt_sensor_adapters/lib'
[61.724s] Level 1:colcon.colcon_core.environment:checking '/home/yangxuan/agt_navigation_runtime/install/agt_sensor_adapters/bin'
[61.724s] Level 1:colcon.colcon_core.environment:checking '/home/yangxuan/agt_navigation_runtime/install/agt_sensor_adapters/lib/pkgconfig/agt_sensor_adapters.pc'
[61.724s] Level 1:colcon.colcon_core.environment:checking '/home/yangxuan/agt_navigation_runtime/install/agt_sensor_adapters/lib/python3.10/site-packages'
[61.724s] Level 1:colcon.colcon_core.environment:checking '/home/yangxuan/agt_navigation_runtime/install/agt_sensor_adapters/bin'
[61.725s] INFO:colcon.colcon_core.shell:Creating package script '/home/yangxuan/agt_navigation_runtime/install/agt_sensor_adapters/share/agt_sensor_adapters/package.ps1'
[61.726s] INFO:colcon.colcon_core.shell:Creating package descriptor '/home/yangxuan/agt_navigation_runtime/install/agt_sensor_adapters/share/agt_sensor_adapters/package.dsv'
[61.726s] INFO:colcon.colcon_core.shell:Creating package script '/home/yangxuan/agt_navigation_runtime/install/agt_sensor_adapters/share/agt_sensor_adapters/package.sh'
[61.727s] INFO:colcon.colcon_core.shell:Creating package script '/home/yangxuan/agt_navigation_runtime/install/agt_sensor_adapters/share/agt_sensor_adapters/package.bash'
[61.727s] INFO:colcon.colcon_core.shell:Creating package script '/home/yangxuan/agt_navigation_runtime/install/agt_sensor_adapters/share/agt_sensor_adapters/package.zsh'
[61.727s] Level 1:colcon.colcon_core.environment:create_file_with_runtime_dependencies(/home/yangxuan/agt_navigation_runtime/install/agt_sensor_adapters/share/colcon-core/packages/agt_sensor_adapters)
[61.728s] Level 1:colcon.colcon_core.environment:create_environment_scripts_only(agt_sensor_adapters)
[61.729s] Level 1:colcon.colcon_core.environment:checking '/home/yangxuan/agt_navigation_runtime/install/agt_sensor_adapters' for CMake module files
[61.729s] Level 1:colcon.colcon_core.environment:checking '/home/yangxuan/agt_navigation_runtime/install/agt_sensor_adapters' for CMake config files
[61.729s] Level 1:colcon.colcon_core.shell:create_environment_hook('agt_sensor_adapters', 'cmake_prefix_path')
[61.729s] INFO:colcon.colcon_core.shell:Creating environment hook '/home/yangxuan/agt_navigation_runtime/install/agt_sensor_adapters/share/agt_sensor_adapters/hook/cmake_prefix_path.ps1'
[61.730s] INFO:colcon.colcon_core.shell:Creating environment descriptor '/home/yangxuan/agt_navigation_runtime/install/agt_sensor_adapters/share/agt_sensor_adapters/hook/cmake_prefix_path.dsv'
[61.730s] INFO:colcon.colcon_core.shell:Creating environment hook '/home/yangxuan/agt_navigation_runtime/install/agt_sensor_adapters/share/agt_sensor_adapters/hook/cmake_prefix_path.sh'
[61.731s] Level 1:colcon.colcon_core.environment:checking '/home/yangxuan/agt_navigation_runtime/install/agt_sensor_adapters/lib'
[61.731s] Level 1:colcon.colcon_core.environment:checking '/home/yangxuan/agt_navigation_runtime/install/agt_sensor_adapters/bin'
[61.731s] Level 1:colcon.colcon_core.environment:checking '/home/yangxuan/agt_navigation_runtime/install/agt_sensor_adapters/lib/pkgconfig/agt_sensor_adapters.pc'
[61.731s] Level 1:colcon.colcon_core.environment:checking '/home/yangxuan/agt_navigation_runtime/install/agt_sensor_adapters/lib/python3.10/site-packages'
[61.732s] Level 1:colcon.colcon_core.environment:checking '/home/yangxuan/agt_navigation_runtime/install/agt_sensor_adapters/bin'
[61.733s] INFO:colcon.colcon_core.shell:Creating package script '/home/yangxuan/agt_navigation_runtime/install/agt_sensor_adapters/share/agt_sensor_adapters/package.ps1'
[61.734s] INFO:colcon.colcon_core.shell:Creating package descriptor '/home/yangxuan/agt_navigation_runtime/install/agt_sensor_adapters/share/agt_sensor_adapters/package.dsv'
[61.735s] INFO:colcon.colcon_core.shell:Creating package script '/home/yangxuan/agt_navigation_runtime/install/agt_sensor_adapters/share/agt_sensor_adapters/package.sh'
[61.736s] INFO:colcon.colcon_core.shell:Creating package script '/home/yangxuan/agt_navigation_runtime/install/agt_sensor_adapters/share/agt_sensor_adapters/package.bash'
[61.737s] INFO:colcon.colcon_core.shell:Creating package script '/home/yangxuan/agt_navigation_runtime/install/agt_sensor_adapters/share/agt_sensor_adapters/package.zsh'
[61.738s] Level 1:colcon.colcon_core.environment:create_file_with_runtime_dependencies(/home/yangxuan/agt_navigation_runtime/install/agt_sensor_adapters/share/colcon-core/packages/agt_sensor_adapters)
[61.738s] INFO:colcon.colcon_ros.task.ament_cmake.build:Building ROS package in '/home/yangxuan/agt_navigation_runtime/src/agt_mapping' with build type 'ament_cmake'
[61.738s] INFO:colcon.colcon_cmake.task.cmake.build:Building CMake package in '/home/yangxuan/agt_navigation_runtime/src/agt_mapping'
[61.739s] INFO:colcon.colcon_core.shell:Skip shell extension 'powershell' for command environment: Not usable outside of PowerShell
[61.739s] DEBUG:colcon.colcon_core.shell:Skip shell extension 'dsv' for command environment
[61.755s] DEBUG:colcon.colcon_core.event_handler.log_command:Invoking command in '/home/yangxuan/agt_navigation_runtime/build/agt_mapping': AMENT_PREFIX_PATH=/home/yangxuan/agt_navigation_runtime/install/agt_sensor_adapters:/home/yangxuan/agt_navigation_runtime/install/livox_ros_driver2:${AMENT_PREFIX_PATH} CMAKE_PREFIX_PATH=/home/yangxuan/agt_navigation_runtime/install/agt_sensor_adapters:/home/yangxuan/agt_navigation_runtime/install/livox_ros_driver2:/opt/ros/humble LD_LIBRARY_PATH=/home/yangxuan/agt_navigation_runtime/install/livox_ros_driver2/lib:/usr/lib/x86_64-linux-gnu/gazebo-11/plugins:/opt/ros/humble/opt/rviz_ogre_vendor/lib:/opt/ros/humble/lib/x86_64-linux-gnu:/opt/ros/humble/opt/ortools_vendor/lib:/opt/ros/humble/opt/openvdb_vendor/lib:/opt/ros/humble/lib PYTHONPATH=/home/yangxuan/agt_navigation_runtime/install/livox_ros_driver2/local/lib/python3.10/dist-packages:${PYTHONPATH} /usr/bin/cmake /home/yangxuan/agt_navigation_runtime/src/agt_mapping -DAMENT_CMAKE_SYMLINK_INSTALL=1 -DCMAKE_INSTALL_PREFIX=/home/yangxuan/agt_navigation_runtime/install/agt_mapping
[65.021s] DEBUG:colcon.colcon_core.event_handler.log_command:Invoked command in '/home/yangxuan/agt_navigation_runtime/build/agt_mapping' returned '0': AMENT_PREFIX_PATH=/home/yangxuan/agt_navigation_runtime/install/agt_sensor_adapters:/home/yangxuan/agt_navigation_runtime/install/livox_ros_driver2:${AMENT_PREFIX_PATH} CMAKE_PREFIX_PATH=/home/yangxuan/agt_navigation_runtime/install/agt_sensor_adapters:/home/yangxuan/agt_navigation_runtime/install/livox_ros_driver2:/opt/ros/humble LD_LIBRARY_PATH=/home/yangxuan/agt_navigation_runtime/install/livox_ros_driver2/lib:/usr/lib/x86_64-linux-gnu/gazebo-11/plugins:/opt/ros/humble/opt/rviz_ogre_vendor/lib:/opt/ros/humble/lib/x86_64-linux-gnu:/opt/ros/humble/opt/ortools_vendor/lib:/opt/ros/humble/opt/openvdb_vendor/lib:/opt/ros/humble/lib PYTHONPATH=/home/yangxuan/agt_navigation_runtime/install/livox_ros_driver2/local/lib/python3.10/dist-packages:${PYTHONPATH} /usr/bin/cmake /home/yangxuan/agt_navigation_runtime/src/agt_mapping -DAMENT_CMAKE_SYMLINK_INSTALL=1 -DCMAKE_INSTALL_PREFIX=/home/yangxuan/agt_navigation_runtime/install/agt_mapping
[65.023s] DEBUG:colcon.colcon_core.event_handler.log_command:Invoking command in '/home/yangxuan/agt_navigation_runtime/build/agt_mapping': AMENT_PREFIX_PATH=/home/yangxuan/agt_navigation_runtime/install/agt_sensor_adapters:/home/yangxuan/agt_navigation_runtime/install/livox_ros_driver2:${AMENT_PREFIX_PATH} CMAKE_PREFIX_PATH=/home/yangxuan/agt_navigation_runtime/install/agt_sensor_adapters:/home/yangxuan/agt_navigation_runtime/install/livox_ros_driver2:/opt/ros/humble LD_LIBRARY_PATH=/home/yangxuan/agt_navigation_runtime/install/livox_ros_driver2/lib:/usr/lib/x86_64-linux-gnu/gazebo-11/plugins:/opt/ros/humble/opt/rviz_ogre_vendor/lib:/opt/ros/humble/lib/x86_64-linux-gnu:/opt/ros/humble/opt/ortools_vendor/lib:/opt/ros/humble/opt/openvdb_vendor/lib:/opt/ros/humble/lib PYTHONPATH=/home/yangxuan/agt_navigation_runtime/install/livox_ros_driver2/local/lib/python3.10/dist-packages:${PYTHONPATH} /usr/bin/cmake --build /home/yangxuan/agt_navigation_runtime/build/agt_mapping -- -j32 -l32
[65.071s] DEBUG:colcon.colcon_core.event_handler.log_command:Invoked command in '/home/yangxuan/agt_navigation_runtime/build/agt_mapping' returned '0': AMENT_PREFIX_PATH=/home/yangxuan/agt_navigation_runtime/install/agt_sensor_adapters:/home/yangxuan/agt_navigation_runtime/install/livox_ros_driver2:${AMENT_PREFIX_PATH} CMAKE_PREFIX_PATH=/home/yangxuan/agt_navigation_runtime/install/agt_sensor_adapters:/home/yangxuan/agt_navigation_runtime/install/livox_ros_driver2:/opt/ros/humble LD_LIBRARY_PATH=/home/yangxuan/agt_navigation_runtime/install/livox_ros_driver2/lib:/usr/lib/x86_64-linux-gnu/gazebo-11/plugins:/opt/ros/humble/opt/rviz_ogre_vendor/lib:/opt/ros/humble/lib/x86_64-linux-gnu:/opt/ros/humble/opt/ortools_vendor/lib:/opt/ros/humble/opt/openvdb_vendor/lib:/opt/ros/humble/lib PYTHONPATH=/home/yangxuan/agt_navigation_runtime/install/livox_ros_driver2/local/lib/python3.10/dist-packages:${PYTHONPATH} /usr/bin/cmake --build /home/yangxuan/agt_navigation_runtime/build/agt_mapping -- -j32 -l32
[65.074s] DEBUG:colcon.colcon_core.event_handler.log_command:Invoking command in '/home/yangxuan/agt_navigation_runtime/build/agt_mapping': AMENT_PREFIX_PATH=/home/yangxuan/agt_navigation_runtime/install/agt_sensor_adapters:/home/yangxuan/agt_navigation_runtime/install/livox_ros_driver2:${AMENT_PREFIX_PATH} CMAKE_PREFIX_PATH=/home/yangxuan/agt_navigation_runtime/install/agt_sensor_adapters:/home/yangxuan/agt_navigation_runtime/install/livox_ros_driver2:/opt/ros/humble LD_LIBRARY_PATH=/home/yangxuan/agt_navigation_runtime/install/livox_ros_driver2/lib:/usr/lib/x86_64-linux-gnu/gazebo-11/plugins:/opt/ros/humble/opt/rviz_ogre_vendor/lib:/opt/ros/humble/lib/x86_64-linux-gnu:/opt/ros/humble/opt/ortools_vendor/lib:/opt/ros/humble/opt/openvdb_vendor/lib:/opt/ros/humble/lib PYTHONPATH=/home/yangxuan/agt_navigation_runtime/install/livox_ros_driver2/local/lib/python3.10/dist-packages:${PYTHONPATH} /usr/bin/cmake --install /home/yangxuan/agt_navigation_runtime/build/agt_mapping
[65.405s] Level 1:colcon.colcon_core.environment:create_environment_scripts_only(agt_mapping)
[65.406s] Level 1:colcon.colcon_core.environment:checking '/home/yangxuan/agt_navigation_runtime/install/agt_mapping' for CMake module files
[65.407s] DEBUG:colcon.colcon_core.event_handler.log_command:Invoked command in '/home/yangxuan/agt_navigation_runtime/build/agt_mapping' returned '0': AMENT_PREFIX_PATH=/home/yangxuan/agt_navigation_runtime/install/agt_sensor_adapters:/home/yangxuan/agt_navigation_runtime/install/livox_ros_driver2:${AMENT_PREFIX_PATH} CMAKE_PREFIX_PATH=/home/yangxuan/agt_navigation_runtime/install/agt_sensor_adapters:/home/yangxuan/agt_navigation_runtime/install/livox_ros_driver2:/opt/ros/humble LD_LIBRARY_PATH=/home/yangxuan/agt_navigation_runtime/install/livox_ros_driver2/lib:/usr/lib/x86_64-linux-gnu/gazebo-11/plugins:/opt/ros/humble/opt/rviz_ogre_vendor/lib:/opt/ros/humble/lib/x86_64-linux-gnu:/opt/ros/humble/opt/ortools_vendor/lib:/opt/ros/humble/opt/openvdb_vendor/lib:/opt/ros/humble/lib PYTHONPATH=/home/yangxuan/agt_navigation_runtime/install/livox_ros_driver2/local/lib/python3.10/dist-packages:${PYTHONPATH} /usr/bin/cmake --install /home/yangxuan/agt_navigation_runtime/build/agt_mapping
[65.407s] Level 1:colcon.colcon_core.environment:checking '/home/yangxuan/agt_navigation_runtime/install/agt_mapping' for CMake config files
[65.407s] Level 1:colcon.colcon_core.shell:create_environment_hook('agt_mapping', 'cmake_prefix_path')
[65.408s] INFO:colcon.colcon_core.shell:Creating environment hook '/home/yangxuan/agt_navigation_runtime/install/agt_mapping/share/agt_mapping/hook/cmake_prefix_path.ps1'
[65.408s] INFO:colcon.colcon_core.shell:Creating environment descriptor '/home/yangxuan/agt_navigation_runtime/install/agt_mapping/share/agt_mapping/hook/cmake_prefix_path.dsv'
[65.409s] INFO:colcon.colcon_core.shell:Creating environment hook '/home/yangxuan/agt_navigation_runtime/install/agt_mapping/share/agt_mapping/hook/cmake_prefix_path.sh'
[65.409s] Level 1:colcon.colcon_core.environment:checking '/home/yangxuan/agt_navigation_runtime/install/agt_mapping/lib'
[65.409s] Level 1:colcon.colcon_core.environment:checking '/home/yangxuan/agt_navigation_runtime/install/agt_mapping/bin'
[65.409s] Level 1:colcon.colcon_core.environment:checking '/home/yangxuan/agt_navigation_runtime/install/agt_mapping/lib/pkgconfig/agt_mapping.pc'
[65.410s] Level 1:colcon.colcon_core.environment:checking '/home/yangxuan/agt_navigation_runtime/install/agt_mapping/lib/python3.10/site-packages'
[65.410s] Level 1:colcon.colcon_core.environment:checking '/home/yangxuan/agt_navigation_runtime/install/agt_mapping/bin'
[65.410s] INFO:colcon.colcon_core.shell:Creating package script '/home/yangxuan/agt_navigation_runtime/install/agt_mapping/share/agt_mapping/package.ps1'
[65.411s] INFO:colcon.colcon_core.shell:Creating package descriptor '/home/yangxuan/agt_navigation_runtime/install/agt_mapping/share/agt_mapping/package.dsv'
[65.412s] INFO:colcon.colcon_core.shell:Creating package script '/home/yangxuan/agt_navigation_runtime/install/agt_mapping/share/agt_mapping/package.sh'
[65.412s] INFO:colcon.colcon_core.shell:Creating package script '/home/yangxuan/agt_navigation_runtime/install/agt_mapping/share/agt_mapping/package.bash'
[65.413s] INFO:colcon.colcon_core.shell:Creating package script '/home/yangxuan/agt_navigation_runtime/install/agt_mapping/share/agt_mapping/package.zsh'
[65.413s] Level 1:colcon.colcon_core.environment:create_file_with_runtime_dependencies(/home/yangxuan/agt_navigation_runtime/install/agt_mapping/share/colcon-core/packages/agt_mapping)
[65.414s] Level 1:colcon.colcon_core.environment:create_environment_scripts_only(agt_mapping)
[65.414s] Level 1:colcon.colcon_core.environment:checking '/home/yangxuan/agt_navigation_runtime/install/agt_mapping' for CMake module files
[65.414s] Level 1:colcon.colcon_core.environment:checking '/home/yangxuan/agt_navigation_runtime/install/agt_mapping' for CMake config files
[65.415s] Level 1:colcon.colcon_core.shell:create_environment_hook('agt_mapping', 'cmake_prefix_path')
[65.415s] INFO:colcon.colcon_core.shell:Creating environment hook '/home/yangxuan/agt_navigation_runtime/install/agt_mapping/share/agt_mapping/hook/cmake_prefix_path.ps1'
[65.415s] INFO:colcon.colcon_core.shell:Creating environment descriptor '/home/yangxuan/agt_navigation_runtime/install/agt_mapping/share/agt_mapping/hook/cmake_prefix_path.dsv'
[65.416s] INFO:colcon.colcon_core.shell:Creating environment hook '/home/yangxuan/agt_navigation_runtime/install/agt_mapping/share/agt_mapping/hook/cmake_prefix_path.sh'
[65.416s] Level 1:colcon.colcon_core.environment:checking '/home/yangxuan/agt_navigation_runtime/install/agt_mapping/lib'
[65.416s] Level 1:colcon.colcon_core.environment:checking '/home/yangxuan/agt_navigation_runtime/install/agt_mapping/bin'
[65.416s] Level 1:colcon.colcon_core.environment:checking '/home/yangxuan/agt_navigation_runtime/install/agt_mapping/lib/pkgconfig/agt_mapping.pc'
[65.417s] Level 1:colcon.colcon_core.environment:checking '/home/yangxuan/agt_navigation_runtime/install/agt_mapping/lib/python3.10/site-packages'
[65.418s] Level 1:colcon.colcon_core.environment:checking '/home/yangxuan/agt_navigation_runtime/install/agt_mapping/bin'
[65.419s] INFO:colcon.colcon_core.shell:Creating package script '/home/yangxuan/agt_navigation_runtime/install/agt_mapping/share/agt_mapping/package.ps1'
[65.420s] INFO:colcon.colcon_core.shell:Creating package descriptor '/home/yangxuan/agt_navigation_runtime/install/agt_mapping/share/agt_mapping/package.dsv'
[65.421s] INFO:colcon.colcon_core.shell:Creating package script '/home/yangxuan/agt_navigation_runtime/install/agt_mapping/share/agt_mapping/package.sh'
[65.422s] INFO:colcon.colcon_core.shell:Creating package script '/home/yangxuan/agt_navigation_runtime/install/agt_mapping/share/agt_mapping/package.bash'
[65.423s] INFO:colcon.colcon_core.shell:Creating package script '/home/yangxuan/agt_navigation_runtime/install/agt_mapping/share/agt_mapping/package.zsh'
[65.423s] Level 1:colcon.colcon_core.environment:create_file_with_runtime_dependencies(/home/yangxuan/agt_navigation_runtime/install/agt_mapping/share/colcon-core/packages/agt_mapping)
[70.051s] Level 1:colcon.colcon_core.environment:create_environment_scripts_only(agt_interfaces)
[70.051s] DEBUG:colcon.colcon_core.event_handler.log_command:Invoked command in '/home/yangxuan/agt_navigation_runtime/build/agt_interfaces' returned '0': CMAKE_PREFIX_PATH=/opt/ros/humble /usr/bin/cmake --install /home/yangxuan/agt_navigation_runtime/build/agt_interfaces
[70.052s] Level 1:colcon.colcon_core.environment:checking '/home/yangxuan/agt_navigation_runtime/install/agt_interfaces' for CMake module files
[70.052s] Level 1:colcon.colcon_core.environment:checking '/home/yangxuan/agt_navigation_runtime/install/agt_interfaces' for CMake config files
[70.056s] Level 1:colcon.colcon_core.shell:create_environment_hook('agt_interfaces', 'cmake_prefix_path')
[70.056s] INFO:colcon.colcon_core.shell:Creating environment hook '/home/yangxuan/agt_navigation_runtime/install/agt_interfaces/share/agt_interfaces/hook/cmake_prefix_path.ps1'
[70.057s] INFO:colcon.colcon_core.shell:Creating environment descriptor '/home/yangxuan/agt_navigation_runtime/install/agt_interfaces/share/agt_interfaces/hook/cmake_prefix_path.dsv'
[70.057s] INFO:colcon.colcon_core.shell:Creating environment hook '/home/yangxuan/agt_navigation_runtime/install/agt_interfaces/share/agt_interfaces/hook/cmake_prefix_path.sh'
[70.057s] Level 1:colcon.colcon_core.environment:checking '/home/yangxuan/agt_navigation_runtime/install/agt_interfaces/lib'
[70.058s] Level 1:colcon.colcon_core.shell:create_environment_hook('agt_interfaces', 'ld_library_path_lib')
[70.058s] INFO:colcon.colcon_core.shell:Creating environment hook '/home/yangxuan/agt_navigation_runtime/install/agt_interfaces/share/agt_interfaces/hook/ld_library_path_lib.ps1'
[70.058s] INFO:colcon.colcon_core.shell:Creating environment descriptor '/home/yangxuan/agt_navigation_runtime/install/agt_interfaces/share/agt_interfaces/hook/ld_library_path_lib.dsv'
[70.058s] INFO:colcon.colcon_core.shell:Creating environment hook '/home/yangxuan/agt_navigation_runtime/install/agt_interfaces/share/agt_interfaces/hook/ld_library_path_lib.sh'
[70.059s] Level 1:colcon.colcon_core.environment:checking '/home/yangxuan/agt_navigation_runtime/install/agt_interfaces/bin'
[70.059s] Level 1:colcon.colcon_core.environment:checking '/home/yangxuan/agt_navigation_runtime/install/agt_interfaces/lib/pkgconfig/agt_interfaces.pc'
[70.059s] Level 1:colcon.colcon_core.environment:checking '/home/yangxuan/agt_navigation_runtime/install/agt_interfaces/lib/python3.10/site-packages'
[70.059s] Level 1:colcon.colcon_core.environment:checking '/home/yangxuan/agt_navigation_runtime/install/agt_interfaces/bin'
[70.060s] INFO:colcon.colcon_core.shell:Creating package script '/home/yangxuan/agt_navigation_runtime/install/agt_interfaces/share/agt_interfaces/package.ps1'
[70.060s] INFO:colcon.colcon_core.shell:Creating package descriptor '/home/yangxuan/agt_navigation_runtime/install/agt_interfaces/share/agt_interfaces/package.dsv'
[70.060s] INFO:colcon.colcon_core.shell:Creating package script '/home/yangxuan/agt_navigation_runtime/install/agt_interfaces/share/agt_interfaces/package.sh'
[70.061s] INFO:colcon.colcon_core.shell:Creating package script '/home/yangxuan/agt_navigation_runtime/install/agt_interfaces/share/agt_interfaces/package.bash'
[70.061s] INFO:colcon.colcon_core.shell:Creating package script '/home/yangxuan/agt_navigation_runtime/install/agt_interfaces/share/agt_interfaces/package.zsh'
[70.061s] Level 1:colcon.colcon_core.environment:create_file_with_runtime_dependencies(/home/yangxuan/agt_navigation_runtime/install/agt_interfaces/share/colcon-core/packages/agt_interfaces)
[70.062s] Level 1:colcon.colcon_core.environment:create_environment_scripts_only(agt_interfaces)
[70.062s] Level 1:colcon.colcon_core.environment:checking '/home/yangxuan/agt_navigation_runtime/install/agt_interfaces' for CMake module files
[70.063s] Level 1:colcon.colcon_core.environment:checking '/home/yangxuan/agt_navigation_runtime/install/agt_interfaces' for CMake config files
[70.066s] Level 1:colcon.colcon_core.shell:create_environment_hook('agt_interfaces', 'cmake_prefix_path')
[70.066s] INFO:colcon.colcon_core.shell:Creating environment hook '/home/yangxuan/agt_navigation_runtime/install/agt_interfaces/share/agt_interfaces/hook/cmake_prefix_path.ps1'
[70.067s] INFO:colcon.colcon_core.shell:Creating environment descriptor '/home/yangxuan/agt_navigation_runtime/install/agt_interfaces/share/agt_interfaces/hook/cmake_prefix_path.dsv'
[70.067s] INFO:colcon.colcon_core.shell:Creating environment hook '/home/yangxuan/agt_navigation_runtime/install/agt_interfaces/share/agt_interfaces/hook/cmake_prefix_path.sh'
[70.068s] Level 1:colcon.colcon_core.environment:checking '/home/yangxuan/agt_navigation_runtime/install/agt_interfaces/lib'
[70.068s] Level 1:colcon.colcon_core.shell:create_environment_hook('agt_interfaces', 'ld_library_path_lib')
[70.068s] INFO:colcon.colcon_core.shell:Creating environment hook '/home/yangxuan/agt_navigation_runtime/install/agt_interfaces/share/agt_interfaces/hook/ld_library_path_lib.ps1'
[70.068s] INFO:colcon.colcon_core.shell:Creating environment descriptor '/home/yangxuan/agt_navigation_runtime/install/agt_interfaces/share/agt_interfaces/hook/ld_library_path_lib.dsv'
[70.069s] INFO:colcon.colcon_core.shell:Creating environment hook '/home/yangxuan/agt_navigation_runtime/install/agt_interfaces/share/agt_interfaces/hook/ld_library_path_lib.sh'
[70.069s] Level 1:colcon.colcon_core.environment:checking '/home/yangxuan/agt_navigation_runtime/install/agt_interfaces/bin'
[70.069s] Level 1:colcon.colcon_core.environment:checking '/home/yangxuan/agt_navigation_runtime/install/agt_interfaces/lib/pkgconfig/agt_interfaces.pc'
[70.069s] Level 1:colcon.colcon_core.environment:checking '/home/yangxuan/agt_navigation_runtime/install/agt_interfaces/lib/python3.10/site-packages'
[70.069s] Level 1:colcon.colcon_core.environment:checking '/home/yangxuan/agt_navigation_runtime/install/agt_interfaces/bin'
[70.070s] INFO:colcon.colcon_core.shell:Creating package script '/home/yangxuan/agt_navigation_runtime/install/agt_interfaces/share/agt_interfaces/package.ps1'
[70.070s] INFO:colcon.colcon_core.shell:Creating package descriptor '/home/yangxuan/agt_navigation_runtime/install/agt_interfaces/share/agt_interfaces/package.dsv'
[70.071s] INFO:colcon.colcon_core.shell:Creating package script '/home/yangxuan/agt_navigation_runtime/install/agt_interfaces/share/agt_interfaces/package.sh'
[70.073s] INFO:colcon.colcon_core.shell:Creating package script '/home/yangxuan/agt_navigation_runtime/install/agt_interfaces/share/agt_interfaces/package.bash'
[70.073s] INFO:colcon.colcon_core.shell:Creating package script '/home/yangxuan/agt_navigation_runtime/install/agt_interfaces/share/agt_interfaces/package.zsh'
[70.073s] Level 1:colcon.colcon_core.environment:create_file_with_runtime_dependencies(/home/yangxuan/agt_navigation_runtime/install/agt_interfaces/share/colcon-core/packages/agt_interfaces)
[70.074s] INFO:colcon.colcon_ros.task.ament_cmake.build:Building ROS package in '/home/yangxuan/agt_navigation_runtime/src/agt_bt_executor' with build type 'ament_cmake'
[70.074s] INFO:colcon.colcon_cmake.task.cmake.build:Building CMake package in '/home/yangxuan/agt_navigation_runtime/src/agt_bt_executor'
[70.074s] INFO:colcon.colcon_core.shell:Skip shell extension 'powershell' for command environment: Not usable outside of PowerShell
[70.074s] DEBUG:colcon.colcon_core.shell:Skip shell extension 'dsv' for command environment
[70.078s] INFO:colcon.colcon_ros.task.ament_cmake.build:Building ROS package in '/home/yangxuan/agt_navigation_runtime/src/agt_navigation' with build type 'ament_cmake'
[70.078s] INFO:colcon.colcon_cmake.task.cmake.build:Building CMake package in '/home/yangxuan/agt_navigation_runtime/src/agt_navigation'
[70.078s] INFO:colcon.colcon_core.shell:Skip shell extension 'powershell' for command environment: Not usable outside of PowerShell
[70.078s] DEBUG:colcon.colcon_core.shell:Skip shell extension 'dsv' for command environment
[70.081s] INFO:colcon.colcon_ros.task.ament_cmake.build:Building ROS package in '/home/yangxuan/agt_navigation_runtime/src/agt_safety' with build type 'ament_cmake'
[70.081s] INFO:colcon.colcon_cmake.task.cmake.build:Building CMake package in '/home/yangxuan/agt_navigation_runtime/src/agt_safety'
[70.082s] INFO:colcon.colcon_core.shell:Skip shell extension 'powershell' for command environment: Not usable outside of PowerShell
[70.082s] DEBUG:colcon.colcon_core.shell:Skip shell extension 'dsv' for command environment
[70.085s] INFO:colcon.colcon_ros.task.ament_cmake.build:Building ROS package in '/home/yangxuan/agt_navigation_runtime/src/agt_experiment_manager' with build type 'ament_cmake'
[70.086s] INFO:colcon.colcon_cmake.task.cmake.build:Building CMake package in '/home/yangxuan/agt_navigation_runtime/src/agt_experiment_manager'
[70.086s] INFO:colcon.colcon_core.shell:Skip shell extension 'powershell' for command environment: Not usable outside of PowerShell
[70.086s] DEBUG:colcon.colcon_core.shell:Skip shell extension 'dsv' for command environment
[70.093s] DEBUG:colcon.colcon_core.event_handler.log_command:Invoking command in '/home/yangxuan/agt_navigation_runtime/build/agt_bt_executor': AMENT_PREFIX_PATH=/home/yangxuan/agt_navigation_runtime/install/agt_interfaces:${AMENT_PREFIX_PATH} CMAKE_PREFIX_PATH=/home/yangxuan/agt_navigation_runtime/install/agt_interfaces:/opt/ros/humble LD_LIBRARY_PATH=/home/yangxuan/agt_navigation_runtime/install/agt_interfaces/lib:/usr/lib/x86_64-linux-gnu/gazebo-11/plugins:/opt/ros/humble/opt/rviz_ogre_vendor/lib:/opt/ros/humble/lib/x86_64-linux-gnu:/opt/ros/humble/opt/ortools_vendor/lib:/opt/ros/humble/opt/openvdb_vendor/lib:/opt/ros/humble/lib PYTHONPATH=/home/yangxuan/agt_navigation_runtime/install/agt_interfaces/local/lib/python3.10/dist-packages:${PYTHONPATH} /usr/bin/cmake /home/yangxuan/agt_navigation_runtime/src/agt_bt_executor -DAMENT_CMAKE_SYMLINK_INSTALL=1 -DCMAKE_INSTALL_PREFIX=/home/yangxuan/agt_navigation_runtime/install/agt_bt_executor
[70.097s] DEBUG:colcon.colcon_core.event_handler.log_command:Invoking command in '/home/yangxuan/agt_navigation_runtime/build/agt_navigation': AMENT_PREFIX_PATH=/home/yangxuan/agt_navigation_runtime/install/agt_interfaces:${AMENT_PREFIX_PATH} CMAKE_PREFIX_PATH=/home/yangxuan/agt_navigation_runtime/install/agt_interfaces:/opt/ros/humble LD_LIBRARY_PATH=/home/yangxuan/agt_navigation_runtime/install/agt_interfaces/lib:/usr/lib/x86_64-linux-gnu/gazebo-11/plugins:/opt/ros/humble/opt/rviz_ogre_vendor/lib:/opt/ros/humble/lib/x86_64-linux-gnu:/opt/ros/humble/opt/ortools_vendor/lib:/opt/ros/humble/opt/openvdb_vendor/lib:/opt/ros/humble/lib PYTHONPATH=/home/yangxuan/agt_navigation_runtime/install/agt_interfaces/local/lib/python3.10/dist-packages:${PYTHONPATH} /usr/bin/cmake /home/yangxuan/agt_navigation_runtime/src/agt_navigation -DAMENT_CMAKE_SYMLINK_INSTALL=1 -DCMAKE_INSTALL_PREFIX=/home/yangxuan/agt_navigation_runtime/install/agt_navigation
[70.099s] DEBUG:colcon.colcon_core.event_handler.log_command:Invoking command in '/home/yangxuan/agt_navigation_runtime/build/agt_safety': AMENT_PREFIX_PATH=/home/yangxuan/agt_navigation_runtime/install/agt_interfaces:${AMENT_PREFIX_PATH} CMAKE_PREFIX_PATH=/home/yangxuan/agt_navigation_runtime/install/agt_interfaces:/opt/ros/humble LD_LIBRARY_PATH=/home/yangxuan/agt_navigation_runtime/install/agt_interfaces/lib:/usr/lib/x86_64-linux-gnu/gazebo-11/plugins:/opt/ros/humble/opt/rviz_ogre_vendor/lib:/opt/ros/humble/lib/x86_64-linux-gnu:/opt/ros/humble/opt/ortools_vendor/lib:/opt/ros/humble/opt/openvdb_vendor/lib:/opt/ros/humble/lib PYTHONPATH=/home/yangxuan/agt_navigation_runtime/install/agt_interfaces/local/lib/python3.10/dist-packages:${PYTHONPATH} /usr/bin/cmake /home/yangxuan/agt_navigation_runtime/src/agt_safety -DAMENT_CMAKE_SYMLINK_INSTALL=1 -DCMAKE_INSTALL_PREFIX=/home/yangxuan/agt_navigation_runtime/install/agt_safety
[70.102s] DEBUG:colcon.colcon_core.event_handler.log_command:Invoking command in '/home/yangxuan/agt_navigation_runtime/build/agt_experiment_manager': AMENT_PREFIX_PATH=/home/yangxuan/agt_navigation_runtime/install/agt_interfaces:${AMENT_PREFIX_PATH} CMAKE_PREFIX_PATH=/home/yangxuan/agt_navigation_runtime/install/agt_interfaces:/opt/ros/humble LD_LIBRARY_PATH=/home/yangxuan/agt_navigation_runtime/install/agt_interfaces/lib:/usr/lib/x86_64-linux-gnu/gazebo-11/plugins:/opt/ros/humble/opt/rviz_ogre_vendor/lib:/opt/ros/humble/lib/x86_64-linux-gnu:/opt/ros/humble/opt/ortools_vendor/lib:/opt/ros/humble/opt/openvdb_vendor/lib:/opt/ros/humble/lib PYTHONPATH=/home/yangxuan/agt_navigation_runtime/install/agt_interfaces/local/lib/python3.10/dist-packages:${PYTHONPATH} /usr/bin/cmake /home/yangxuan/agt_navigation_runtime/src/agt_experiment_manager -DAMENT_CMAKE_SYMLINK_INSTALL=1 -DCMAKE_INSTALL_PREFIX=/home/yangxuan/agt_navigation_runtime/install/agt_experiment_manager
[72.634s] DEBUG:colcon.colcon_core.event_handler.log_command:Invoked command in '/home/yangxuan/agt_navigation_runtime/build/agt_safety' returned '0': AMENT_PREFIX_PATH=/home/yangxuan/agt_navigation_runtime/install/agt_interfaces:${AMENT_PREFIX_PATH} CMAKE_PREFIX_PATH=/home/yangxuan/agt_navigation_runtime/install/agt_interfaces:/opt/ros/humble LD_LIBRARY_PATH=/home/yangxuan/agt_navigation_runtime/install/agt_interfaces/lib:/usr/lib/x86_64-linux-gnu/gazebo-11/plugins:/opt/ros/humble/opt/rviz_ogre_vendor/lib:/opt/ros/humble/lib/x86_64-linux-gnu:/opt/ros/humble/opt/ortools_vendor/lib:/opt/ros/humble/opt/openvdb_vendor/lib:/opt/ros/humble/lib PYTHONPATH=/home/yangxuan/agt_navigation_runtime/install/agt_interfaces/local/lib/python3.10/dist-packages:${PYTHONPATH} /usr/bin/cmake /home/yangxuan/agt_navigation_runtime/src/agt_safety -DAMENT_CMAKE_SYMLINK_INSTALL=1 -DCMAKE_INSTALL_PREFIX=/home/yangxuan/agt_navigation_runtime/install/agt_safety
[72.636s] DEBUG:colcon.colcon_core.event_handler.log_command:Invoking command in '/home/yangxuan/agt_navigation_runtime/build/agt_safety': AMENT_PREFIX_PATH=/home/yangxuan/agt_navigation_runtime/install/agt_interfaces:${AMENT_PREFIX_PATH} CMAKE_PREFIX_PATH=/home/yangxuan/agt_navigation_runtime/install/agt_interfaces:/opt/ros/humble LD_LIBRARY_PATH=/home/yangxuan/agt_navigation_runtime/install/agt_interfaces/lib:/usr/lib/x86_64-linux-gnu/gazebo-11/plugins:/opt/ros/humble/opt/rviz_ogre_vendor/lib:/opt/ros/humble/lib/x86_64-linux-gnu:/opt/ros/humble/opt/ortools_vendor/lib:/opt/ros/humble/opt/openvdb_vendor/lib:/opt/ros/humble/lib PYTHONPATH=/home/yangxuan/agt_navigation_runtime/install/agt_interfaces/local/lib/python3.10/dist-packages:${PYTHONPATH} /usr/bin/cmake --build /home/yangxuan/agt_navigation_runtime/build/agt_safety -- -j32 -l32
[72.698s] DEBUG:colcon.colcon_core.event_handler.log_command:Invoked command in '/home/yangxuan/agt_navigation_runtime/build/agt_safety' returned '0': AMENT_PREFIX_PATH=/home/yangxuan/agt_navigation_runtime/install/agt_interfaces:${AMENT_PREFIX_PATH} CMAKE_PREFIX_PATH=/home/yangxuan/agt_navigation_runtime/install/agt_interfaces:/opt/ros/humble LD_LIBRARY_PATH=/home/yangxuan/agt_navigation_runtime/install/agt_interfaces/lib:/usr/lib/x86_64-linux-gnu/gazebo-11/plugins:/opt/ros/humble/opt/rviz_ogre_vendor/lib:/opt/ros/humble/lib/x86_64-linux-gnu:/opt/ros/humble/opt/ortools_vendor/lib:/opt/ros/humble/opt/openvdb_vendor/lib:/opt/ros/humble/lib PYTHONPATH=/home/yangxuan/agt_navigation_runtime/install/agt_interfaces/local/lib/python3.10/dist-packages:${PYTHONPATH} /usr/bin/cmake --build /home/yangxuan/agt_navigation_runtime/build/agt_safety -- -j32 -l32
[72.701s] DEBUG:colcon.colcon_core.event_handler.log_command:Invoking command in '/home/yangxuan/agt_navigation_runtime/build/agt_safety': AMENT_PREFIX_PATH=/home/yangxuan/agt_navigation_runtime/install/agt_interfaces:${AMENT_PREFIX_PATH} CMAKE_PREFIX_PATH=/home/yangxuan/agt_navigation_runtime/install/agt_interfaces:/opt/ros/humble LD_LIBRARY_PATH=/home/yangxuan/agt_navigation_runtime/install/agt_interfaces/lib:/usr/lib/x86_64-linux-gnu/gazebo-11/plugins:/opt/ros/humble/opt/rviz_ogre_vendor/lib:/opt/ros/humble/lib/x86_64-linux-gnu:/opt/ros/humble/opt/ortools_vendor/lib:/opt/ros/humble/opt/openvdb_vendor/lib:/opt/ros/humble/lib PYTHONPATH=/home/yangxuan/agt_navigation_runtime/install/agt_interfaces/local/lib/python3.10/dist-packages:${PYTHONPATH} /usr/bin/cmake --install /home/yangxuan/agt_navigation_runtime/build/agt_safety
[72.943s] Level 1:colcon.colcon_core.environment:create_environment_scripts_only(agt_safety)
[72.944s] Level 1:colcon.colcon_core.environment:checking '/home/yangxuan/agt_navigation_runtime/install/agt_safety' for CMake module files
[72.944s] DEBUG:colcon.colcon_core.event_handler.log_command:Invoked command in '/home/yangxuan/agt_navigation_runtime/build/agt_safety' returned '0': AMENT_PREFIX_PATH=/home/yangxuan/agt_navigation_runtime/install/agt_interfaces:${AMENT_PREFIX_PATH} CMAKE_PREFIX_PATH=/home/yangxuan/agt_navigation_runtime/install/agt_interfaces:/opt/ros/humble LD_LIBRARY_PATH=/home/yangxuan/agt_navigation_runtime/install/agt_interfaces/lib:/usr/lib/x86_64-linux-gnu/gazebo-11/plugins:/opt/ros/humble/opt/rviz_ogre_vendor/lib:/opt/ros/humble/lib/x86_64-linux-gnu:/opt/ros/humble/opt/ortools_vendor/lib:/opt/ros/humble/opt/openvdb_vendor/lib:/opt/ros/humble/lib PYTHONPATH=/home/yangxuan/agt_navigation_runtime/install/agt_interfaces/local/lib/python3.10/dist-packages:${PYTHONPATH} /usr/bin/cmake --install /home/yangxuan/agt_navigation_runtime/build/agt_safety
[72.945s] Level 1:colcon.colcon_core.environment:checking '/home/yangxuan/agt_navigation_runtime/install/agt_safety' for CMake config files
[72.945s] Level 1:colcon.colcon_core.shell:create_environment_hook('agt_safety', 'cmake_prefix_path')
[72.945s] INFO:colcon.colcon_core.shell:Creating environment hook '/home/yangxuan/agt_navigation_runtime/install/agt_safety/share/agt_safety/hook/cmake_prefix_path.ps1'
[72.946s] INFO:colcon.colcon_core.shell:Creating environment descriptor '/home/yangxuan/agt_navigation_runtime/install/agt_safety/share/agt_safety/hook/cmake_prefix_path.dsv'
[72.946s] INFO:colcon.colcon_core.shell:Creating environment hook '/home/yangxuan/agt_navigation_runtime/install/agt_safety/share/agt_safety/hook/cmake_prefix_path.sh'
[72.946s] Level 1:colcon.colcon_core.environment:checking '/home/yangxuan/agt_navigation_runtime/install/agt_safety/lib'
[72.946s] Level 1:colcon.colcon_core.environment:checking '/home/yangxuan/agt_navigation_runtime/install/agt_safety/bin'
[72.947s] Level 1:colcon.colcon_core.environment:checking '/home/yangxuan/agt_navigation_runtime/install/agt_safety/lib/pkgconfig/agt_safety.pc'
[72.947s] Level 1:colcon.colcon_core.environment:checking '/home/yangxuan/agt_navigation_runtime/install/agt_safety/lib/python3.10/site-packages'
[72.947s] Level 1:colcon.colcon_core.environment:checking '/home/yangxuan/agt_navigation_runtime/install/agt_safety/bin'
[72.947s] INFO:colcon.colcon_core.shell:Creating package script '/home/yangxuan/agt_navigation_runtime/install/agt_safety/share/agt_safety/package.ps1'
[72.948s] INFO:colcon.colcon_core.shell:Creating package descriptor '/home/yangxuan/agt_navigation_runtime/install/agt_safety/share/agt_safety/package.dsv'
[72.948s] INFO:colcon.colcon_core.shell:Creating package script '/home/yangxuan/agt_navigation_runtime/install/agt_safety/share/agt_safety/package.sh'
[72.949s] INFO:colcon.colcon_core.shell:Creating package script '/home/yangxuan/agt_navigation_runtime/install/agt_safety/share/agt_safety/package.bash'
[72.949s] INFO:colcon.colcon_core.shell:Creating package script '/home/yangxuan/agt_navigation_runtime/install/agt_safety/share/agt_safety/package.zsh'
[72.949s] Level 1:colcon.colcon_core.environment:create_file_with_runtime_dependencies(/home/yangxuan/agt_navigation_runtime/install/agt_safety/share/colcon-core/packages/agt_safety)
[72.950s] Level 1:colcon.colcon_core.environment:create_environment_scripts_only(agt_safety)
[72.950s] Level 1:colcon.colcon_core.environment:checking '/home/yangxuan/agt_navigation_runtime/install/agt_safety' for CMake module files
[72.950s] Level 1:colcon.colcon_core.environment:checking '/home/yangxuan/agt_navigation_runtime/install/agt_safety' for CMake config files
[72.950s] Level 1:colcon.colcon_core.shell:create_environment_hook('agt_safety', 'cmake_prefix_path')
[72.951s] INFO:colcon.colcon_core.shell:Creating environment hook '/home/yangxuan/agt_navigation_runtime/install/agt_safety/share/agt_safety/hook/cmake_prefix_path.ps1'
[72.951s] INFO:colcon.colcon_core.shell:Creating environment descriptor '/home/yangxuan/agt_navigation_runtime/install/agt_safety/share/agt_safety/hook/cmake_prefix_path.dsv'
[72.951s] INFO:colcon.colcon_core.shell:Creating environment hook '/home/yangxuan/agt_navigation_runtime/install/agt_safety/share/agt_safety/hook/cmake_prefix_path.sh'
[72.952s] Level 1:colcon.colcon_core.environment:checking '/home/yangxuan/agt_navigation_runtime/install/agt_safety/lib'
[72.952s] Level 1:colcon.colcon_core.environment:checking '/home/yangxuan/agt_navigation_runtime/install/agt_safety/bin'
[72.952s] Level 1:colcon.colcon_core.environment:checking '/home/yangxuan/agt_navigation_runtime/install/agt_safety/lib/pkgconfig/agt_safety.pc'
[72.953s] Level 1:colcon.colcon_core.environment:checking '/home/yangxuan/agt_navigation_runtime/install/agt_safety/lib/python3.10/site-packages'
[72.953s] Level 1:colcon.colcon_core.environment:checking '/home/yangxuan/agt_navigation_runtime/install/agt_safety/bin'
[72.953s] INFO:colcon.colcon_core.shell:Creating package script '/home/yangxuan/agt_navigation_runtime/install/agt_safety/share/agt_safety/package.ps1'
[72.954s] INFO:colcon.colcon_core.shell:Creating package descriptor '/home/yangxuan/agt_navigation_runtime/install/agt_safety/share/agt_safety/package.dsv'
[72.954s] INFO:colcon.colcon_core.shell:Creating package script '/home/yangxuan/agt_navigation_runtime/install/agt_safety/share/agt_safety/package.sh'
[72.955s] INFO:colcon.colcon_core.shell:Creating package script '/home/yangxuan/agt_navigation_runtime/install/agt_safety/share/agt_safety/package.bash'
[72.955s] INFO:colcon.colcon_core.shell:Creating package script '/home/yangxuan/agt_navigation_runtime/install/agt_safety/share/agt_safety/package.zsh'
[72.955s] Level 1:colcon.colcon_core.environment:create_file_with_runtime_dependencies(/home/yangxuan/agt_navigation_runtime/install/agt_safety/share/colcon-core/packages/agt_safety)
[72.956s] INFO:colcon.colcon_ros.task.ament_cmake.build:Building ROS package in '/home/yangxuan/agt_navigation_runtime/src/agt_chassis' with build type 'ament_cmake'
[72.956s] INFO:colcon.colcon_cmake.task.cmake.build:Building CMake package in '/home/yangxuan/agt_navigation_runtime/src/agt_chassis'
[72.956s] INFO:colcon.colcon_core.shell:Skip shell extension 'powershell' for command environment: Not usable outside of PowerShell
[72.956s] DEBUG:colcon.colcon_core.shell:Skip shell extension 'dsv' for command environment
[72.980s] DEBUG:colcon.colcon_core.event_handler.log_command:Invoking command in '/home/yangxuan/agt_navigation_runtime/build/agt_chassis': AMENT_PREFIX_PATH=/home/yangxuan/agt_navigation_runtime/install/bunker_base:/home/yangxuan/agt_navigation_runtime/install/agt_safety:/home/yangxuan/agt_navigation_runtime/install/ugv_sdk:/home/yangxuan/agt_navigation_runtime/install/bunker_msgs:/home/yangxuan/agt_navigation_runtime/install/agt_interfaces:${AMENT_PREFIX_PATH} CMAKE_PREFIX_PATH=/home/yangxuan/agt_navigation_runtime/install/bunker_base:/home/yangxuan/agt_navigation_runtime/install/agt_safety:/home/yangxuan/agt_navigation_runtime/install/ugv_sdk:/home/yangxuan/agt_navigation_runtime/install/bunker_msgs:/home/yangxuan/agt_navigation_runtime/install/agt_interfaces:/opt/ros/humble LD_LIBRARY_PATH=/home/yangxuan/agt_navigation_runtime/install/ugv_sdk/lib:/home/yangxuan/agt_navigation_runtime/install/bunker_msgs/lib:/home/yangxuan/agt_navigation_runtime/install/agt_interfaces/lib:/usr/lib/x86_64-linux-gnu/gazebo-11/plugins:/opt/ros/humble/opt/rviz_ogre_vendor/lib:/opt/ros/humble/lib/x86_64-linux-gnu:/opt/ros/humble/opt/ortools_vendor/lib:/opt/ros/humble/opt/openvdb_vendor/lib:/opt/ros/humble/lib PYTHONPATH=/home/yangxuan/agt_navigation_runtime/install/bunker_msgs/local/lib/python3.10/dist-packages:/home/yangxuan/agt_navigation_runtime/install/agt_interfaces/local/lib/python3.10/dist-packages:${PYTHONPATH} /usr/bin/cmake /home/yangxuan/agt_navigation_runtime/src/agt_chassis -DAMENT_CMAKE_SYMLINK_INSTALL=1 -DCMAKE_INSTALL_PREFIX=/home/yangxuan/agt_navigation_runtime/install/agt_chassis
[73.926s] DEBUG:colcon.colcon_core.event_handler.log_command:Invoked command in '/home/yangxuan/agt_navigation_runtime/build/agt_chassis' returned '0': AMENT_PREFIX_PATH=/home/yangxuan/agt_navigation_runtime/install/bunker_base:/home/yangxuan/agt_navigation_runtime/install/agt_safety:/home/yangxuan/agt_navigation_runtime/install/ugv_sdk:/home/yangxuan/agt_navigation_runtime/install/bunker_msgs:/home/yangxuan/agt_navigation_runtime/install/agt_interfaces:${AMENT_PREFIX_PATH} CMAKE_PREFIX_PATH=/home/yangxuan/agt_navigation_runtime/install/bunker_base:/home/yangxuan/agt_navigation_runtime/install/agt_safety:/home/yangxuan/agt_navigation_runtime/install/ugv_sdk:/home/yangxuan/agt_navigation_runtime/install/bunker_msgs:/home/yangxuan/agt_navigation_runtime/install/agt_interfaces:/opt/ros/humble LD_LIBRARY_PATH=/home/yangxuan/agt_navigation_runtime/install/ugv_sdk/lib:/home/yangxuan/agt_navigation_runtime/install/bunker_msgs/lib:/home/yangxuan/agt_navigation_runtime/install/agt_interfaces/lib:/usr/lib/x86_64-linux-gnu/gazebo-11/plugins:/opt/ros/humble/opt/rviz_ogre_vendor/lib:/opt/ros/humble/lib/x86_64-linux-gnu:/opt/ros/humble/opt/ortools_vendor/lib:/opt/ros/humble/opt/openvdb_vendor/lib:/opt/ros/humble/lib PYTHONPATH=/home/yangxuan/agt_navigation_runtime/install/bunker_msgs/local/lib/python3.10/dist-packages:/home/yangxuan/agt_navigation_runtime/install/agt_interfaces/local/lib/python3.10/dist-packages:${PYTHONPATH} /usr/bin/cmake /home/yangxuan/agt_navigation_runtime/src/agt_chassis -DAMENT_CMAKE_SYMLINK_INSTALL=1 -DCMAKE_INSTALL_PREFIX=/home/yangxuan/agt_navigation_runtime/install/agt_chassis
[73.929s] DEBUG:colcon.colcon_core.event_handler.log_command:Invoking command in '/home/yangxuan/agt_navigation_runtime/build/agt_chassis': AMENT_PREFIX_PATH=/home/yangxuan/agt_navigation_runtime/install/bunker_base:/home/yangxuan/agt_navigation_runtime/install/agt_safety:/home/yangxuan/agt_navigation_runtime/install/ugv_sdk:/home/yangxuan/agt_navigation_runtime/install/bunker_msgs:/home/yangxuan/agt_navigation_runtime/install/agt_interfaces:${AMENT_PREFIX_PATH} CMAKE_PREFIX_PATH=/home/yangxuan/agt_navigation_runtime/install/bunker_base:/home/yangxuan/agt_navigation_runtime/install/agt_safety:/home/yangxuan/agt_navigation_runtime/install/ugv_sdk:/home/yangxuan/agt_navigation_runtime/install/bunker_msgs:/home/yangxuan/agt_navigation_runtime/install/agt_interfaces:/opt/ros/humble LD_LIBRARY_PATH=/home/yangxuan/agt_navigation_runtime/install/ugv_sdk/lib:/home/yangxuan/agt_navigation_runtime/install/bunker_msgs/lib:/home/yangxuan/agt_navigation_runtime/install/agt_interfaces/lib:/usr/lib/x86_64-linux-gnu/gazebo-11/plugins:/opt/ros/humble/opt/rviz_ogre_vendor/lib:/opt/ros/humble/lib/x86_64-linux-gnu:/opt/ros/humble/opt/ortools_vendor/lib:/opt/ros/humble/opt/openvdb_vendor/lib:/opt/ros/humble/lib PYTHONPATH=/home/yangxuan/agt_navigation_runtime/install/bunker_msgs/local/lib/python3.10/dist-packages:/home/yangxuan/agt_navigation_runtime/install/agt_interfaces/local/lib/python3.10/dist-packages:${PYTHONPATH} /usr/bin/cmake --build /home/yangxuan/agt_navigation_runtime/build/agt_chassis -- -j32 -l32
[73.980s] DEBUG:colcon.colcon_core.event_handler.log_command:Invoked command in '/home/yangxuan/agt_navigation_runtime/build/agt_chassis' returned '0': AMENT_PREFIX_PATH=/home/yangxuan/agt_navigation_runtime/install/bunker_base:/home/yangxuan/agt_navigation_runtime/install/agt_safety:/home/yangxuan/agt_navigation_runtime/install/ugv_sdk:/home/yangxuan/agt_navigation_runtime/install/bunker_msgs:/home/yangxuan/agt_navigation_runtime/install/agt_interfaces:${AMENT_PREFIX_PATH} CMAKE_PREFIX_PATH=/home/yangxuan/agt_navigation_runtime/install/bunker_base:/home/yangxuan/agt_navigation_runtime/install/agt_safety:/home/yangxuan/agt_navigation_runtime/install/ugv_sdk:/home/yangxuan/agt_navigation_runtime/install/bunker_msgs:/home/yangxuan/agt_navigation_runtime/install/agt_interfaces:/opt/ros/humble LD_LIBRARY_PATH=/home/yangxuan/agt_navigation_runtime/install/ugv_sdk/lib:/home/yangxuan/agt_navigation_runtime/install/bunker_msgs/lib:/home/yangxuan/agt_navigation_runtime/install/agt_interfaces/lib:/usr/lib/x86_64-linux-gnu/gazebo-11/plugins:/opt/ros/humble/opt/rviz_ogre_vendor/lib:/opt/ros/humble/lib/x86_64-linux-gnu:/opt/ros/humble/opt/ortools_vendor/lib:/opt/ros/humble/opt/openvdb_vendor/lib:/opt/ros/humble/lib PYTHONPATH=/home/yangxuan/agt_navigation_runtime/install/bunker_msgs/local/lib/python3.10/dist-packages:/home/yangxuan/agt_navigation_runtime/install/agt_interfaces/local/lib/python3.10/dist-packages:${PYTHONPATH} /usr/bin/cmake --build /home/yangxuan/agt_navigation_runtime/build/agt_chassis -- -j32 -l32
[73.982s] DEBUG:colcon.colcon_core.event_handler.log_command:Invoking command in '/home/yangxuan/agt_navigation_runtime/build/agt_chassis': AMENT_PREFIX_PATH=/home/yangxuan/agt_navigation_runtime/install/bunker_base:/home/yangxuan/agt_navigation_runtime/install/agt_safety:/home/yangxuan/agt_navigation_runtime/install/ugv_sdk:/home/yangxuan/agt_navigation_runtime/install/bunker_msgs:/home/yangxuan/agt_navigation_runtime/install/agt_interfaces:${AMENT_PREFIX_PATH} CMAKE_PREFIX_PATH=/home/yangxuan/agt_navigation_runtime/install/bunker_base:/home/yangxuan/agt_navigation_runtime/install/agt_safety:/home/yangxuan/agt_navigation_runtime/install/ugv_sdk:/home/yangxuan/agt_navigation_runtime/install/bunker_msgs:/home/yangxuan/agt_navigation_runtime/install/agt_interfaces:/opt/ros/humble LD_LIBRARY_PATH=/home/yangxuan/agt_navigation_runtime/install/ugv_sdk/lib:/home/yangxuan/agt_navigation_runtime/install/bunker_msgs/lib:/home/yangxuan/agt_navigation_runtime/install/agt_interfaces/lib:/usr/lib/x86_64-linux-gnu/gazebo-11/plugins:/opt/ros/humble/opt/rviz_ogre_vendor/lib:/opt/ros/humble/lib/x86_64-linux-gnu:/opt/ros/humble/opt/ortools_vendor/lib:/opt/ros/humble/opt/openvdb_vendor/lib:/opt/ros/humble/lib PYTHONPATH=/home/yangxuan/agt_navigation_runtime/install/bunker_msgs/local/lib/python3.10/dist-packages:/home/yangxuan/agt_navigation_runtime/install/agt_interfaces/local/lib/python3.10/dist-packages:${PYTHONPATH} /usr/bin/cmake --install /home/yangxuan/agt_navigation_runtime/build/agt_chassis
[74.258s] Level 1:colcon.colcon_core.environment:create_environment_scripts_only(agt_chassis)
[74.258s] Level 1:colcon.colcon_core.environment:checking '/home/yangxuan/agt_navigation_runtime/install/agt_chassis' for CMake module files
[74.259s] DEBUG:colcon.colcon_core.event_handler.log_command:Invoked command in '/home/yangxuan/agt_navigation_runtime/build/agt_chassis' returned '0': AMENT_PREFIX_PATH=/home/yangxuan/agt_navigation_runtime/install/bunker_base:/home/yangxuan/agt_navigation_runtime/install/agt_safety:/home/yangxuan/agt_navigation_runtime/install/ugv_sdk:/home/yangxuan/agt_navigation_runtime/install/bunker_msgs:/home/yangxuan/agt_navigation_runtime/install/agt_interfaces:${AMENT_PREFIX_PATH} CMAKE_PREFIX_PATH=/home/yangxuan/agt_navigation_runtime/install/bunker_base:/home/yangxuan/agt_navigation_runtime/install/agt_safety:/home/yangxuan/agt_navigation_runtime/install/ugv_sdk:/home/yangxuan/agt_navigation_runtime/install/bunker_msgs:/home/yangxuan/agt_navigation_runtime/install/agt_interfaces:/opt/ros/humble LD_LIBRARY_PATH=/home/yangxuan/agt_navigation_runtime/install/ugv_sdk/lib:/home/yangxuan/agt_navigation_runtime/install/bunker_msgs/lib:/home/yangxuan/agt_navigation_runtime/install/agt_interfaces/lib:/usr/lib/x86_64-linux-gnu/gazebo-11/plugins:/opt/ros/humble/opt/rviz_ogre_vendor/lib:/opt/ros/humble/lib/x86_64-linux-gnu:/opt/ros/humble/opt/ortools_vendor/lib:/opt/ros/humble/opt/openvdb_vendor/lib:/opt/ros/humble/lib PYTHONPATH=/home/yangxuan/agt_navigation_runtime/install/bunker_msgs/local/lib/python3.10/dist-packages:/home/yangxuan/agt_navigation_runtime/install/agt_interfaces/local/lib/python3.10/dist-packages:${PYTHONPATH} /usr/bin/cmake --install /home/yangxuan/agt_navigation_runtime/build/agt_chassis
[74.259s] Level 1:colcon.colcon_core.environment:checking '/home/yangxuan/agt_navigation_runtime/install/agt_chassis' for CMake config files
[74.260s] Level 1:colcon.colcon_core.shell:create_environment_hook('agt_chassis', 'cmake_prefix_path')
[74.260s] INFO:colcon.colcon_core.shell:Creating environment hook '/home/yangxuan/agt_navigation_runtime/install/agt_chassis/share/agt_chassis/hook/cmake_prefix_path.ps1'
[74.260s] INFO:colcon.colcon_core.shell:Creating environment descriptor '/home/yangxuan/agt_navigation_runtime/install/agt_chassis/share/agt_chassis/hook/cmake_prefix_path.dsv'
[74.261s] INFO:colcon.colcon_core.shell:Creating environment hook '/home/yangxuan/agt_navigation_runtime/install/agt_chassis/share/agt_chassis/hook/cmake_prefix_path.sh'
[74.261s] Level 1:colcon.colcon_core.environment:checking '/home/yangxuan/agt_navigation_runtime/install/agt_chassis/lib'
[74.261s] Level 1:colcon.colcon_core.environment:checking '/home/yangxuan/agt_navigation_runtime/install/agt_chassis/bin'
[74.261s] Level 1:colcon.colcon_core.environment:checking '/home/yangxuan/agt_navigation_runtime/install/agt_chassis/lib/pkgconfig/agt_chassis.pc'
[74.262s] Level 1:colcon.colcon_core.environment:checking '/home/yangxuan/agt_navigation_runtime/install/agt_chassis/lib/python3.10/site-packages'
[74.262s] Level 1:colcon.colcon_core.environment:checking '/home/yangxuan/agt_navigation_runtime/install/agt_chassis/bin'
[74.262s] INFO:colcon.colcon_core.shell:Creating package script '/home/yangxuan/agt_navigation_runtime/install/agt_chassis/share/agt_chassis/package.ps1'
[74.263s] INFO:colcon.colcon_core.shell:Creating package descriptor '/home/yangxuan/agt_navigation_runtime/install/agt_chassis/share/agt_chassis/package.dsv'
[74.263s] INFO:colcon.colcon_core.shell:Creating package script '/home/yangxuan/agt_navigation_runtime/install/agt_chassis/share/agt_chassis/package.sh'
[74.264s] INFO:colcon.colcon_core.shell:Creating package script '/home/yangxuan/agt_navigation_runtime/install/agt_chassis/share/agt_chassis/package.bash'
[74.264s] INFO:colcon.colcon_core.shell:Creating package script '/home/yangxuan/agt_navigation_runtime/install/agt_chassis/share/agt_chassis/package.zsh'
[74.264s] Level 1:colcon.colcon_core.environment:create_file_with_runtime_dependencies(/home/yangxuan/agt_navigation_runtime/install/agt_chassis/share/colcon-core/packages/agt_chassis)
[74.265s] Level 1:colcon.colcon_core.environment:create_environment_scripts_only(agt_chassis)
[74.265s] Level 1:colcon.colcon_core.environment:checking '/home/yangxuan/agt_navigation_runtime/install/agt_chassis' for CMake module files
[74.265s] Level 1:colcon.colcon_core.environment:checking '/home/yangxuan/agt_navigation_runtime/install/agt_chassis' for CMake config files
[74.266s] Level 1:colcon.colcon_core.shell:create_environment_hook('agt_chassis', 'cmake_prefix_path')
[74.266s] INFO:colcon.colcon_core.shell:Creating environment hook '/home/yangxuan/agt_navigation_runtime/install/agt_chassis/share/agt_chassis/hook/cmake_prefix_path.ps1'
[74.266s] INFO:colcon.colcon_core.shell:Creating environment descriptor '/home/yangxuan/agt_navigation_runtime/install/agt_chassis/share/agt_chassis/hook/cmake_prefix_path.dsv'
[74.267s] INFO:colcon.colcon_core.shell:Creating environment hook '/home/yangxuan/agt_navigation_runtime/install/agt_chassis/share/agt_chassis/hook/cmake_prefix_path.sh'
[74.267s] Level 1:colcon.colcon_core.environment:checking '/home/yangxuan/agt_navigation_runtime/install/agt_chassis/lib'
[74.267s] Level 1:colcon.colcon_core.environment:checking '/home/yangxuan/agt_navigation_runtime/install/agt_chassis/bin'
[74.267s] Level 1:colcon.colcon_core.environment:checking '/home/yangxuan/agt_navigation_runtime/install/agt_chassis/lib/pkgconfig/agt_chassis.pc'
[74.268s] Level 1:colcon.colcon_core.environment:checking '/home/yangxuan/agt_navigation_runtime/install/agt_chassis/lib/python3.10/site-packages'
[74.268s] Level 1:colcon.colcon_core.environment:checking '/home/yangxuan/agt_navigation_runtime/install/agt_chassis/bin'
[74.268s] INFO:colcon.colcon_core.shell:Creating package script '/home/yangxuan/agt_navigation_runtime/install/agt_chassis/share/agt_chassis/package.ps1'
[74.269s] INFO:colcon.colcon_core.shell:Creating package descriptor '/home/yangxuan/agt_navigation_runtime/install/agt_chassis/share/agt_chassis/package.dsv'
[74.269s] INFO:colcon.colcon_core.shell:Creating package script '/home/yangxuan/agt_navigation_runtime/install/agt_chassis/share/agt_chassis/package.sh'
[74.270s] INFO:colcon.colcon_core.shell:Creating package script '/home/yangxuan/agt_navigation_runtime/install/agt_chassis/share/agt_chassis/package.bash'
[74.270s] INFO:colcon.colcon_core.shell:Creating package script '/home/yangxuan/agt_navigation_runtime/install/agt_chassis/share/agt_chassis/package.zsh'
[74.270s] Level 1:colcon.colcon_core.environment:create_file_with_runtime_dependencies(/home/yangxuan/agt_navigation_runtime/install/agt_chassis/share/colcon-core/packages/agt_chassis)
[74.638s] DEBUG:colcon.colcon_core.event_handler.log_command:Invoked command in '/home/yangxuan/agt_navigation_runtime/build/agt_experiment_manager' returned '0': AMENT_PREFIX_PATH=/home/yangxuan/agt_navigation_runtime/install/agt_interfaces:${AMENT_PREFIX_PATH} CMAKE_PREFIX_PATH=/home/yangxuan/agt_navigation_runtime/install/agt_interfaces:/opt/ros/humble LD_LIBRARY_PATH=/home/yangxuan/agt_navigation_runtime/install/agt_interfaces/lib:/usr/lib/x86_64-linux-gnu/gazebo-11/plugins:/opt/ros/humble/opt/rviz_ogre_vendor/lib:/opt/ros/humble/lib/x86_64-linux-gnu:/opt/ros/humble/opt/ortools_vendor/lib:/opt/ros/humble/opt/openvdb_vendor/lib:/opt/ros/humble/lib PYTHONPATH=/home/yangxuan/agt_navigation_runtime/install/agt_interfaces/local/lib/python3.10/dist-packages:${PYTHONPATH} /usr/bin/cmake /home/yangxuan/agt_navigation_runtime/src/agt_experiment_manager -DAMENT_CMAKE_SYMLINK_INSTALL=1 -DCMAKE_INSTALL_PREFIX=/home/yangxuan/agt_navigation_runtime/install/agt_experiment_manager
[74.640s] DEBUG:colcon.colcon_core.event_handler.log_command:Invoking command in '/home/yangxuan/agt_navigation_runtime/build/agt_experiment_manager': AMENT_PREFIX_PATH=/home/yangxuan/agt_navigation_runtime/install/agt_interfaces:${AMENT_PREFIX_PATH} CMAKE_PREFIX_PATH=/home/yangxuan/agt_navigation_runtime/install/agt_interfaces:/opt/ros/humble LD_LIBRARY_PATH=/home/yangxuan/agt_navigation_runtime/install/agt_interfaces/lib:/usr/lib/x86_64-linux-gnu/gazebo-11/plugins:/opt/ros/humble/opt/rviz_ogre_vendor/lib:/opt/ros/humble/lib/x86_64-linux-gnu:/opt/ros/humble/opt/ortools_vendor/lib:/opt/ros/humble/opt/openvdb_vendor/lib:/opt/ros/humble/lib PYTHONPATH=/home/yangxuan/agt_navigation_runtime/install/agt_interfaces/local/lib/python3.10/dist-packages:${PYTHONPATH} /usr/bin/cmake --build /home/yangxuan/agt_navigation_runtime/build/agt_experiment_manager -- -j32 -l32
[75.369s] DEBUG:colcon.colcon_core.event_handler.log_command:Invoked command in '/home/yangxuan/agt_navigation_runtime/build/agt_experiment_manager' returned '0': AMENT_PREFIX_PATH=/home/yangxuan/agt_navigation_runtime/install/agt_interfaces:${AMENT_PREFIX_PATH} CMAKE_PREFIX_PATH=/home/yangxuan/agt_navigation_runtime/install/agt_interfaces:/opt/ros/humble LD_LIBRARY_PATH=/home/yangxuan/agt_navigation_runtime/install/agt_interfaces/lib:/usr/lib/x86_64-linux-gnu/gazebo-11/plugins:/opt/ros/humble/opt/rviz_ogre_vendor/lib:/opt/ros/humble/lib/x86_64-linux-gnu:/opt/ros/humble/opt/ortools_vendor/lib:/opt/ros/humble/opt/openvdb_vendor/lib:/opt/ros/humble/lib PYTHONPATH=/home/yangxuan/agt_navigation_runtime/install/agt_interfaces/local/lib/python3.10/dist-packages:${PYTHONPATH} /usr/bin/cmake --build /home/yangxuan/agt_navigation_runtime/build/agt_experiment_manager -- -j32 -l32
[75.372s] DEBUG:colcon.colcon_core.event_handler.log_command:Invoking command in '/home/yangxuan/agt_navigation_runtime/build/agt_experiment_manager': AMENT_PREFIX_PATH=/home/yangxuan/agt_navigation_runtime/install/agt_interfaces:${AMENT_PREFIX_PATH} CMAKE_PREFIX_PATH=/home/yangxuan/agt_navigation_runtime/install/agt_interfaces:/opt/ros/humble LD_LIBRARY_PATH=/home/yangxuan/agt_navigation_runtime/install/agt_interfaces/lib:/usr/lib/x86_64-linux-gnu/gazebo-11/plugins:/opt/ros/humble/opt/rviz_ogre_vendor/lib:/opt/ros/humble/lib/x86_64-linux-gnu:/opt/ros/humble/opt/ortools_vendor/lib:/opt/ros/humble/opt/openvdb_vendor/lib:/opt/ros/humble/lib PYTHONPATH=/home/yangxuan/agt_navigation_runtime/install/agt_interfaces/local/lib/python3.10/dist-packages:${PYTHONPATH} /usr/bin/cmake --install /home/yangxuan/agt_navigation_runtime/build/agt_experiment_manager
[75.873s] Level 1:colcon.colcon_core.environment:create_environment_scripts_only(agt_experiment_manager)
[75.873s] Level 1:colcon.colcon_core.environment:checking '/home/yangxuan/agt_navigation_runtime/install/agt_experiment_manager' for CMake module files
[75.874s] DEBUG:colcon.colcon_core.event_handler.log_command:Invoked command in '/home/yangxuan/agt_navigation_runtime/build/agt_experiment_manager' returned '0': AMENT_PREFIX_PATH=/home/yangxuan/agt_navigation_runtime/install/agt_interfaces:${AMENT_PREFIX_PATH} CMAKE_PREFIX_PATH=/home/yangxuan/agt_navigation_runtime/install/agt_interfaces:/opt/ros/humble LD_LIBRARY_PATH=/home/yangxuan/agt_navigation_runtime/install/agt_interfaces/lib:/usr/lib/x86_64-linux-gnu/gazebo-11/plugins:/opt/ros/humble/opt/rviz_ogre_vendor/lib:/opt/ros/humble/lib/x86_64-linux-gnu:/opt/ros/humble/opt/ortools_vendor/lib:/opt/ros/humble/opt/openvdb_vendor/lib:/opt/ros/humble/lib PYTHONPATH=/home/yangxuan/agt_navigation_runtime/install/agt_interfaces/local/lib/python3.10/dist-packages:${PYTHONPATH} /usr/bin/cmake --install /home/yangxuan/agt_navigation_runtime/build/agt_experiment_manager
[75.875s] Level 1:colcon.colcon_core.environment:checking '/home/yangxuan/agt_navigation_runtime/install/agt_experiment_manager' for CMake config files
[75.876s] Level 1:colcon.colcon_core.shell:create_environment_hook('agt_experiment_manager', 'cmake_prefix_path')
[75.876s] INFO:colcon.colcon_core.shell:Creating environment hook '/home/yangxuan/agt_navigation_runtime/install/agt_experiment_manager/share/agt_experiment_manager/hook/cmake_prefix_path.ps1'
[75.877s] INFO:colcon.colcon_core.shell:Creating environment descriptor '/home/yangxuan/agt_navigation_runtime/install/agt_experiment_manager/share/agt_experiment_manager/hook/cmake_prefix_path.dsv'
[75.877s] INFO:colcon.colcon_core.shell:Creating environment hook '/home/yangxuan/agt_navigation_runtime/install/agt_experiment_manager/share/agt_experiment_manager/hook/cmake_prefix_path.sh'
[75.878s] Level 1:colcon.colcon_core.environment:checking '/home/yangxuan/agt_navigation_runtime/install/agt_experiment_manager/lib'
[75.878s] Level 1:colcon.colcon_core.environment:checking '/home/yangxuan/agt_navigation_runtime/install/agt_experiment_manager/bin'
[75.878s] Level 1:colcon.colcon_core.environment:checking '/home/yangxuan/agt_navigation_runtime/install/agt_experiment_manager/lib/pkgconfig/agt_experiment_manager.pc'
[75.879s] Level 1:colcon.colcon_core.environment:checking '/home/yangxuan/agt_navigation_runtime/install/agt_experiment_manager/lib/python3.10/site-packages'
[75.879s] Level 1:colcon.colcon_core.environment:checking '/home/yangxuan/agt_navigation_runtime/install/agt_experiment_manager/bin'
[75.880s] INFO:colcon.colcon_core.shell:Creating package script '/home/yangxuan/agt_navigation_runtime/install/agt_experiment_manager/share/agt_experiment_manager/package.ps1'
[75.880s] INFO:colcon.colcon_core.shell:Creating package descriptor '/home/yangxuan/agt_navigation_runtime/install/agt_experiment_manager/share/agt_experiment_manager/package.dsv'
[75.881s] INFO:colcon.colcon_core.shell:Creating package script '/home/yangxuan/agt_navigation_runtime/install/agt_experiment_manager/share/agt_experiment_manager/package.sh'
[75.882s] INFO:colcon.colcon_core.shell:Creating package script '/home/yangxuan/agt_navigation_runtime/install/agt_experiment_manager/share/agt_experiment_manager/package.bash'
[75.882s] INFO:colcon.colcon_core.shell:Creating package script '/home/yangxuan/agt_navigation_runtime/install/agt_experiment_manager/share/agt_experiment_manager/package.zsh'
[75.882s] Level 1:colcon.colcon_core.environment:create_file_with_runtime_dependencies(/home/yangxuan/agt_navigation_runtime/install/agt_experiment_manager/share/colcon-core/packages/agt_experiment_manager)
[75.883s] Level 1:colcon.colcon_core.environment:create_environment_scripts_only(agt_experiment_manager)
[75.884s] Level 1:colcon.colcon_core.environment:checking '/home/yangxuan/agt_navigation_runtime/install/agt_experiment_manager' for CMake module files
[75.885s] Level 1:colcon.colcon_core.environment:checking '/home/yangxuan/agt_navigation_runtime/install/agt_experiment_manager' for CMake config files
[75.885s] Level 1:colcon.colcon_core.shell:create_environment_hook('agt_experiment_manager', 'cmake_prefix_path')
[75.886s] INFO:colcon.colcon_core.shell:Creating environment hook '/home/yangxuan/agt_navigation_runtime/install/agt_experiment_manager/share/agt_experiment_manager/hook/cmake_prefix_path.ps1'
[75.886s] INFO:colcon.colcon_core.shell:Creating environment descriptor '/home/yangxuan/agt_navigation_runtime/install/agt_experiment_manager/share/agt_experiment_manager/hook/cmake_prefix_path.dsv'
[75.887s] INFO:colcon.colcon_core.shell:Creating environment hook '/home/yangxuan/agt_navigation_runtime/install/agt_experiment_manager/share/agt_experiment_manager/hook/cmake_prefix_path.sh'
[75.887s] Level 1:colcon.colcon_core.environment:checking '/home/yangxuan/agt_navigation_runtime/install/agt_experiment_manager/lib'
[75.888s] Level 1:colcon.colcon_core.environment:checking '/home/yangxuan/agt_navigation_runtime/install/agt_experiment_manager/bin'
[75.888s] Level 1:colcon.colcon_core.environment:checking '/home/yangxuan/agt_navigation_runtime/install/agt_experiment_manager/lib/pkgconfig/agt_experiment_manager.pc'
[75.888s] Level 1:colcon.colcon_core.environment:checking '/home/yangxuan/agt_navigation_runtime/install/agt_experiment_manager/lib/python3.10/site-packages'
[75.889s] Level 1:colcon.colcon_core.environment:checking '/home/yangxuan/agt_navigation_runtime/install/agt_experiment_manager/bin'
[75.889s] INFO:colcon.colcon_core.shell:Creating package script '/home/yangxuan/agt_navigation_runtime/install/agt_experiment_manager/share/agt_experiment_manager/package.ps1'
[75.890s] INFO:colcon.colcon_core.shell:Creating package descriptor '/home/yangxuan/agt_navigation_runtime/install/agt_experiment_manager/share/agt_experiment_manager/package.dsv'
[75.891s] INFO:colcon.colcon_core.shell:Creating package script '/home/yangxuan/agt_navigation_runtime/install/agt_experiment_manager/share/agt_experiment_manager/package.sh'
[75.891s] INFO:colcon.colcon_core.shell:Creating package script '/home/yangxuan/agt_navigation_runtime/install/agt_experiment_manager/share/agt_experiment_manager/package.bash'
[75.892s] INFO:colcon.colcon_core.shell:Creating package script '/home/yangxuan/agt_navigation_runtime/install/agt_experiment_manager/share/agt_experiment_manager/package.zsh'
[75.892s] Level 1:colcon.colcon_core.environment:create_file_with_runtime_dependencies(/home/yangxuan/agt_navigation_runtime/install/agt_experiment_manager/share/colcon-core/packages/agt_experiment_manager)
[76.607s] DEBUG:colcon.colcon_core.event_handler.log_command:Invoked command in '/home/yangxuan/agt_navigation_runtime/build/agt_bt_executor' returned '0': AMENT_PREFIX_PATH=/home/yangxuan/agt_navigation_runtime/install/agt_interfaces:${AMENT_PREFIX_PATH} CMAKE_PREFIX_PATH=/home/yangxuan/agt_navigation_runtime/install/agt_interfaces:/opt/ros/humble LD_LIBRARY_PATH=/home/yangxuan/agt_navigation_runtime/install/agt_interfaces/lib:/usr/lib/x86_64-linux-gnu/gazebo-11/plugins:/opt/ros/humble/opt/rviz_ogre_vendor/lib:/opt/ros/humble/lib/x86_64-linux-gnu:/opt/ros/humble/opt/ortools_vendor/lib:/opt/ros/humble/opt/openvdb_vendor/lib:/opt/ros/humble/lib PYTHONPATH=/home/yangxuan/agt_navigation_runtime/install/agt_interfaces/local/lib/python3.10/dist-packages:${PYTHONPATH} /usr/bin/cmake /home/yangxuan/agt_navigation_runtime/src/agt_bt_executor -DAMENT_CMAKE_SYMLINK_INSTALL=1 -DCMAKE_INSTALL_PREFIX=/home/yangxuan/agt_navigation_runtime/install/agt_bt_executor
[76.612s] DEBUG:colcon.colcon_core.event_handler.log_command:Invoking command in '/home/yangxuan/agt_navigation_runtime/build/agt_bt_executor': AMENT_PREFIX_PATH=/home/yangxuan/agt_navigation_runtime/install/agt_interfaces:${AMENT_PREFIX_PATH} CMAKE_PREFIX_PATH=/home/yangxuan/agt_navigation_runtime/install/agt_interfaces:/opt/ros/humble LD_LIBRARY_PATH=/home/yangxuan/agt_navigation_runtime/install/agt_interfaces/lib:/usr/lib/x86_64-linux-gnu/gazebo-11/plugins:/opt/ros/humble/opt/rviz_ogre_vendor/lib:/opt/ros/humble/lib/x86_64-linux-gnu:/opt/ros/humble/opt/ortools_vendor/lib:/opt/ros/humble/opt/openvdb_vendor/lib:/opt/ros/humble/lib PYTHONPATH=/home/yangxuan/agt_navigation_runtime/install/agt_interfaces/local/lib/python3.10/dist-packages:${PYTHONPATH} /usr/bin/cmake --build /home/yangxuan/agt_navigation_runtime/build/agt_bt_executor -- -j32 -l32
[79.521s] DEBUG:colcon.colcon_core.event_handler.log_command:Invoked command in '/home/yangxuan/agt_navigation_runtime/build/relocalization_core' returned '0': AMENT_PREFIX_PATH=/home/yangxuan/agt_navigation_runtime/install/ndt_omp_ros2:${AMENT_PREFIX_PATH} CMAKE_PREFIX_PATH=/home/yangxuan/agt_navigation_runtime/install/ndt_omp_ros2:/opt/ros/humble LD_LIBRARY_PATH=/home/yangxuan/agt_navigation_runtime/install/ndt_omp_ros2/lib:${LD_LIBRARY_PATH} /usr/bin/cmake --build /home/yangxuan/agt_navigation_runtime/build/relocalization_core -- -j32 -l32
[79.525s] DEBUG:colcon.colcon_core.event_handler.log_command:Invoking command in '/home/yangxuan/agt_navigation_runtime/build/relocalization_core': AMENT_PREFIX_PATH=/home/yangxuan/agt_navigation_runtime/install/ndt_omp_ros2:${AMENT_PREFIX_PATH} CMAKE_PREFIX_PATH=/home/yangxuan/agt_navigation_runtime/install/ndt_omp_ros2:/opt/ros/humble LD_LIBRARY_PATH=/home/yangxuan/agt_navigation_runtime/install/ndt_omp_ros2/lib:${LD_LIBRARY_PATH} /usr/bin/cmake --install /home/yangxuan/agt_navigation_runtime/build/relocalization_core
[79.944s] Level 1:colcon.colcon_core.environment:create_environment_scripts_only(relocalization_core)
[79.945s] Level 1:colcon.colcon_core.environment:checking '/home/yangxuan/agt_navigation_runtime/install/relocalization_core' for CMake module files
[79.946s] DEBUG:colcon.colcon_core.event_handler.log_command:Invoked command in '/home/yangxuan/agt_navigation_runtime/build/relocalization_core' returned '0': AMENT_PREFIX_PATH=/home/yangxuan/agt_navigation_runtime/install/ndt_omp_ros2:${AMENT_PREFIX_PATH} CMAKE_PREFIX_PATH=/home/yangxuan/agt_navigation_runtime/install/ndt_omp_ros2:/opt/ros/humble LD_LIBRARY_PATH=/home/yangxuan/agt_navigation_runtime/install/ndt_omp_ros2/lib:${LD_LIBRARY_PATH} /usr/bin/cmake --install /home/yangxuan/agt_navigation_runtime/build/relocalization_core
[79.946s] Level 1:colcon.colcon_core.environment:checking '/home/yangxuan/agt_navigation_runtime/install/relocalization_core' for CMake config files
[79.947s] Level 1:colcon.colcon_core.shell:create_environment_hook('relocalization_core', 'cmake_prefix_path')
[79.947s] INFO:colcon.colcon_core.shell:Creating environment hook '/home/yangxuan/agt_navigation_runtime/install/relocalization_core/share/relocalization_core/hook/cmake_prefix_path.ps1'
[79.948s] INFO:colcon.colcon_core.shell:Creating environment descriptor '/home/yangxuan/agt_navigation_runtime/install/relocalization_core/share/relocalization_core/hook/cmake_prefix_path.dsv'
[79.948s] INFO:colcon.colcon_core.shell:Creating environment hook '/home/yangxuan/agt_navigation_runtime/install/relocalization_core/share/relocalization_core/hook/cmake_prefix_path.sh'
[79.949s] Level 1:colcon.colcon_core.environment:checking '/home/yangxuan/agt_navigation_runtime/install/relocalization_core/lib'
[79.949s] Level 1:colcon.colcon_core.shell:create_environment_hook('relocalization_core', 'ld_library_path_lib')
[79.950s] INFO:colcon.colcon_core.shell:Creating environment hook '/home/yangxuan/agt_navigation_runtime/install/relocalization_core/share/relocalization_core/hook/ld_library_path_lib.ps1'
[79.951s] INFO:colcon.colcon_core.shell:Creating environment descriptor '/home/yangxuan/agt_navigation_runtime/install/relocalization_core/share/relocalization_core/hook/ld_library_path_lib.dsv'
[79.951s] INFO:colcon.colcon_core.shell:Creating environment hook '/home/yangxuan/agt_navigation_runtime/install/relocalization_core/share/relocalization_core/hook/ld_library_path_lib.sh'
[79.952s] Level 1:colcon.colcon_core.environment:checking '/home/yangxuan/agt_navigation_runtime/install/relocalization_core/bin'
[79.952s] Level 1:colcon.colcon_core.environment:checking '/home/yangxuan/agt_navigation_runtime/install/relocalization_core/lib/pkgconfig/relocalization_core.pc'
[79.952s] Level 1:colcon.colcon_core.environment:checking '/home/yangxuan/agt_navigation_runtime/install/relocalization_core/lib/python3.10/site-packages'
[79.953s] Level 1:colcon.colcon_core.environment:checking '/home/yangxuan/agt_navigation_runtime/install/relocalization_core/bin'
[79.953s] INFO:colcon.colcon_core.shell:Creating package script '/home/yangxuan/agt_navigation_runtime/install/relocalization_core/share/relocalization_core/package.ps1'
[79.955s] INFO:colcon.colcon_core.shell:Creating package descriptor '/home/yangxuan/agt_navigation_runtime/install/relocalization_core/share/relocalization_core/package.dsv'
[79.955s] INFO:colcon.colcon_core.shell:Creating package script '/home/yangxuan/agt_navigation_runtime/install/relocalization_core/share/relocalization_core/package.sh'
[79.956s] INFO:colcon.colcon_core.shell:Creating package script '/home/yangxuan/agt_navigation_runtime/install/relocalization_core/share/relocalization_core/package.bash'
[79.956s] INFO:colcon.colcon_core.shell:Creating package script '/home/yangxuan/agt_navigation_runtime/install/relocalization_core/share/relocalization_core/package.zsh'
[79.957s] Level 1:colcon.colcon_core.environment:create_file_with_runtime_dependencies(/home/yangxuan/agt_navigation_runtime/install/relocalization_core/share/colcon-core/packages/relocalization_core)
[79.958s] Level 1:colcon.colcon_core.environment:create_environment_scripts_only(relocalization_core)
[79.958s] Level 1:colcon.colcon_core.environment:checking '/home/yangxuan/agt_navigation_runtime/install/relocalization_core' for CMake module files
[79.959s] Level 1:colcon.colcon_core.environment:checking '/home/yangxuan/agt_navigation_runtime/install/relocalization_core' for CMake config files
[79.960s] Level 1:colcon.colcon_core.shell:create_environment_hook('relocalization_core', 'cmake_prefix_path')
[79.960s] INFO:colcon.colcon_core.shell:Creating environment hook '/home/yangxuan/agt_navigation_runtime/install/relocalization_core/share/relocalization_core/hook/cmake_prefix_path.ps1'
[79.961s] INFO:colcon.colcon_core.shell:Creating environment descriptor '/home/yangxuan/agt_navigation_runtime/install/relocalization_core/share/relocalization_core/hook/cmake_prefix_path.dsv'
[79.961s] INFO:colcon.colcon_core.shell:Creating environment hook '/home/yangxuan/agt_navigation_runtime/install/relocalization_core/share/relocalization_core/hook/cmake_prefix_path.sh'
[79.962s] Level 1:colcon.colcon_core.environment:checking '/home/yangxuan/agt_navigation_runtime/install/relocalization_core/lib'
[79.963s] Level 1:colcon.colcon_core.shell:create_environment_hook('relocalization_core', 'ld_library_path_lib')
[79.963s] INFO:colcon.colcon_core.shell:Creating environment hook '/home/yangxuan/agt_navigation_runtime/install/relocalization_core/share/relocalization_core/hook/ld_library_path_lib.ps1'
[79.964s] INFO:colcon.colcon_core.shell:Creating environment descriptor '/home/yangxuan/agt_navigation_runtime/install/relocalization_core/share/relocalization_core/hook/ld_library_path_lib.dsv'
[79.964s] INFO:colcon.colcon_core.shell:Creating environment hook '/home/yangxuan/agt_navigation_runtime/install/relocalization_core/share/relocalization_core/hook/ld_library_path_lib.sh'
[79.965s] Level 1:colcon.colcon_core.environment:checking '/home/yangxuan/agt_navigation_runtime/install/relocalization_core/bin'
[79.965s] Level 1:colcon.colcon_core.environment:checking '/home/yangxuan/agt_navigation_runtime/install/relocalization_core/lib/pkgconfig/relocalization_core.pc'
[79.965s] Level 1:colcon.colcon_core.environment:checking '/home/yangxuan/agt_navigation_runtime/install/relocalization_core/lib/python3.10/site-packages'
[79.966s] Level 1:colcon.colcon_core.environment:checking '/home/yangxuan/agt_navigation_runtime/install/relocalization_core/bin'
[79.966s] INFO:colcon.colcon_core.shell:Creating package script '/home/yangxuan/agt_navigation_runtime/install/relocalization_core/share/relocalization_core/package.ps1'
[79.968s] INFO:colcon.colcon_core.shell:Creating package descriptor '/home/yangxuan/agt_navigation_runtime/install/relocalization_core/share/relocalization_core/package.dsv'
[79.969s] INFO:colcon.colcon_core.shell:Creating package script '/home/yangxuan/agt_navigation_runtime/install/relocalization_core/share/relocalization_core/package.sh'
[79.969s] INFO:colcon.colcon_core.shell:Creating package script '/home/yangxuan/agt_navigation_runtime/install/relocalization_core/share/relocalization_core/package.bash'
[79.970s] INFO:colcon.colcon_core.shell:Creating package script '/home/yangxuan/agt_navigation_runtime/install/relocalization_core/share/relocalization_core/package.zsh'
[79.971s] Level 1:colcon.colcon_core.environment:create_file_with_runtime_dependencies(/home/yangxuan/agt_navigation_runtime/install/relocalization_core/share/colcon-core/packages/relocalization_core)
[79.971s] INFO:colcon.colcon_ros.task.ament_cmake.build:Building ROS package in '/home/yangxuan/agt_navigation_runtime/src/agt_localization' with build type 'ament_cmake'
[79.971s] INFO:colcon.colcon_cmake.task.cmake.build:Building CMake package in '/home/yangxuan/agt_navigation_runtime/src/agt_localization'
[79.972s] INFO:colcon.colcon_core.shell:Skip shell extension 'powershell' for command environment: Not usable outside of PowerShell
[79.972s] DEBUG:colcon.colcon_core.shell:Skip shell extension 'dsv' for command environment
[79.994s] DEBUG:colcon.colcon_core.event_handler.log_command:Invoking command in '/home/yangxuan/agt_navigation_runtime/build/agt_localization': AMENT_PREFIX_PATH=/home/yangxuan/agt_navigation_runtime/install/relocalization_core:/home/yangxuan/agt_navigation_runtime/install/ndt_omp_ros2:/home/yangxuan/agt_navigation_runtime/install/agt_interfaces:${AMENT_PREFIX_PATH} CMAKE_PREFIX_PATH=/home/yangxuan/agt_navigation_runtime/install/relocalization_core:/home/yangxuan/agt_navigation_runtime/install/ndt_omp_ros2:/home/yangxuan/agt_navigation_runtime/install/agt_interfaces:/opt/ros/humble LD_LIBRARY_PATH=/home/yangxuan/agt_navigation_runtime/install/relocalization_core/lib:/home/yangxuan/agt_navigation_runtime/install/ndt_omp_ros2/lib:/home/yangxuan/agt_navigation_runtime/install/agt_interfaces/lib:/usr/lib/x86_64-linux-gnu/gazebo-11/plugins:/opt/ros/humble/opt/rviz_ogre_vendor/lib:/opt/ros/humble/lib/x86_64-linux-gnu:/opt/ros/humble/opt/ortools_vendor/lib:/opt/ros/humble/opt/openvdb_vendor/lib:/opt/ros/humble/lib PYTHONPATH=/home/yangxuan/agt_navigation_runtime/install/agt_interfaces/local/lib/python3.10/dist-packages:${PYTHONPATH} /usr/bin/cmake /home/yangxuan/agt_navigation_runtime/src/agt_localization -DAMENT_CMAKE_SYMLINK_INSTALL=1 -DCMAKE_INSTALL_PREFIX=/home/yangxuan/agt_navigation_runtime/install/agt_localization
[85.954s] DEBUG:colcon.colcon_core.event_handler.log_command:Invoked command in '/home/yangxuan/agt_navigation_runtime/build/agt_localization' returned '0': AMENT_PREFIX_PATH=/home/yangxuan/agt_navigation_runtime/install/relocalization_core:/home/yangxuan/agt_navigation_runtime/install/ndt_omp_ros2:/home/yangxuan/agt_navigation_runtime/install/agt_interfaces:${AMENT_PREFIX_PATH} CMAKE_PREFIX_PATH=/home/yangxuan/agt_navigation_runtime/install/relocalization_core:/home/yangxuan/agt_navigation_runtime/install/ndt_omp_ros2:/home/yangxuan/agt_navigation_runtime/install/agt_interfaces:/opt/ros/humble LD_LIBRARY_PATH=/home/yangxuan/agt_navigation_runtime/install/relocalization_core/lib:/home/yangxuan/agt_navigation_runtime/install/ndt_omp_ros2/lib:/home/yangxuan/agt_navigation_runtime/install/agt_interfaces/lib:/usr/lib/x86_64-linux-gnu/gazebo-11/plugins:/opt/ros/humble/opt/rviz_ogre_vendor/lib:/opt/ros/humble/lib/x86_64-linux-gnu:/opt/ros/humble/opt/ortools_vendor/lib:/opt/ros/humble/opt/openvdb_vendor/lib:/opt/ros/humble/lib PYTHONPATH=/home/yangxuan/agt_navigation_runtime/install/agt_interfaces/local/lib/python3.10/dist-packages:${PYTHONPATH} /usr/bin/cmake /home/yangxuan/agt_navigation_runtime/src/agt_localization -DAMENT_CMAKE_SYMLINK_INSTALL=1 -DCMAKE_INSTALL_PREFIX=/home/yangxuan/agt_navigation_runtime/install/agt_localization
[85.956s] DEBUG:colcon.colcon_core.event_handler.log_command:Invoking command in '/home/yangxuan/agt_navigation_runtime/build/agt_localization': AMENT_PREFIX_PATH=/home/yangxuan/agt_navigation_runtime/install/relocalization_core:/home/yangxuan/agt_navigation_runtime/install/ndt_omp_ros2:/home/yangxuan/agt_navigation_runtime/install/agt_interfaces:${AMENT_PREFIX_PATH} CMAKE_PREFIX_PATH=/home/yangxuan/agt_navigation_runtime/install/relocalization_core:/home/yangxuan/agt_navigation_runtime/install/ndt_omp_ros2:/home/yangxuan/agt_navigation_runtime/install/agt_interfaces:/opt/ros/humble LD_LIBRARY_PATH=/home/yangxuan/agt_navigation_runtime/install/relocalization_core/lib:/home/yangxuan/agt_navigation_runtime/install/ndt_omp_ros2/lib:/home/yangxuan/agt_navigation_runtime/install/agt_interfaces/lib:/usr/lib/x86_64-linux-gnu/gazebo-11/plugins:/opt/ros/humble/opt/rviz_ogre_vendor/lib:/opt/ros/humble/lib/x86_64-linux-gnu:/opt/ros/humble/opt/ortools_vendor/lib:/opt/ros/humble/opt/openvdb_vendor/lib:/opt/ros/humble/lib PYTHONPATH=/home/yangxuan/agt_navigation_runtime/install/agt_interfaces/local/lib/python3.10/dist-packages:${PYTHONPATH} /usr/bin/cmake --build /home/yangxuan/agt_navigation_runtime/build/agt_localization -- -j32 -l32
[88.096s] DEBUG:colcon.colcon_core.event_handler.log_command:Invoked command in '/home/yangxuan/agt_navigation_runtime/build/agt_navigation' returned '0': AMENT_PREFIX_PATH=/home/yangxuan/agt_navigation_runtime/install/agt_interfaces:${AMENT_PREFIX_PATH} CMAKE_PREFIX_PATH=/home/yangxuan/agt_navigation_runtime/install/agt_interfaces:/opt/ros/humble LD_LIBRARY_PATH=/home/yangxuan/agt_navigation_runtime/install/agt_interfaces/lib:/usr/lib/x86_64-linux-gnu/gazebo-11/plugins:/opt/ros/humble/opt/rviz_ogre_vendor/lib:/opt/ros/humble/lib/x86_64-linux-gnu:/opt/ros/humble/opt/ortools_vendor/lib:/opt/ros/humble/opt/openvdb_vendor/lib:/opt/ros/humble/lib PYTHONPATH=/home/yangxuan/agt_navigation_runtime/install/agt_interfaces/local/lib/python3.10/dist-packages:${PYTHONPATH} /usr/bin/cmake /home/yangxuan/agt_navigation_runtime/src/agt_navigation -DAMENT_CMAKE_SYMLINK_INSTALL=1 -DCMAKE_INSTALL_PREFIX=/home/yangxuan/agt_navigation_runtime/install/agt_navigation
[88.098s] DEBUG:colcon.colcon_core.event_handler.log_command:Invoking command in '/home/yangxuan/agt_navigation_runtime/build/agt_navigation': AMENT_PREFIX_PATH=/home/yangxuan/agt_navigation_runtime/install/agt_interfaces:${AMENT_PREFIX_PATH} CMAKE_PREFIX_PATH=/home/yangxuan/agt_navigation_runtime/install/agt_interfaces:/opt/ros/humble LD_LIBRARY_PATH=/home/yangxuan/agt_navigation_runtime/install/agt_interfaces/lib:/usr/lib/x86_64-linux-gnu/gazebo-11/plugins:/opt/ros/humble/opt/rviz_ogre_vendor/lib:/opt/ros/humble/lib/x86_64-linux-gnu:/opt/ros/humble/opt/ortools_vendor/lib:/opt/ros/humble/opt/openvdb_vendor/lib:/opt/ros/humble/lib PYTHONPATH=/home/yangxuan/agt_navigation_runtime/install/agt_interfaces/local/lib/python3.10/dist-packages:${PYTHONPATH} /usr/bin/cmake --build /home/yangxuan/agt_navigation_runtime/build/agt_navigation -- -j32 -l32
[88.702s] DEBUG:colcon.colcon_core.event_handler.log_command:Invoked command in '/home/yangxuan/agt_navigation_runtime/build/agt_navigation' returned '0': AMENT_PREFIX_PATH=/home/yangxuan/agt_navigation_runtime/install/agt_interfaces:${AMENT_PREFIX_PATH} CMAKE_PREFIX_PATH=/home/yangxuan/agt_navigation_runtime/install/agt_interfaces:/opt/ros/humble LD_LIBRARY_PATH=/home/yangxuan/agt_navigation_runtime/install/agt_interfaces/lib:/usr/lib/x86_64-linux-gnu/gazebo-11/plugins:/opt/ros/humble/opt/rviz_ogre_vendor/lib:/opt/ros/humble/lib/x86_64-linux-gnu:/opt/ros/humble/opt/ortools_vendor/lib:/opt/ros/humble/opt/openvdb_vendor/lib:/opt/ros/humble/lib PYTHONPATH=/home/yangxuan/agt_navigation_runtime/install/agt_interfaces/local/lib/python3.10/dist-packages:${PYTHONPATH} /usr/bin/cmake --build /home/yangxuan/agt_navigation_runtime/build/agt_navigation -- -j32 -l32
[88.705s] DEBUG:colcon.colcon_core.event_handler.log_command:Invoking command in '/home/yangxuan/agt_navigation_runtime/build/agt_navigation': AMENT_PREFIX_PATH=/home/yangxuan/agt_navigation_runtime/install/agt_interfaces:${AMENT_PREFIX_PATH} CMAKE_PREFIX_PATH=/home/yangxuan/agt_navigation_runtime/install/agt_interfaces:/opt/ros/humble LD_LIBRARY_PATH=/home/yangxuan/agt_navigation_runtime/install/agt_interfaces/lib:/usr/lib/x86_64-linux-gnu/gazebo-11/plugins:/opt/ros/humble/opt/rviz_ogre_vendor/lib:/opt/ros/humble/lib/x86_64-linux-gnu:/opt/ros/humble/opt/ortools_vendor/lib:/opt/ros/humble/opt/openvdb_vendor/lib:/opt/ros/humble/lib PYTHONPATH=/home/yangxuan/agt_navigation_runtime/install/agt_interfaces/local/lib/python3.10/dist-packages:${PYTHONPATH} /usr/bin/cmake --install /home/yangxuan/agt_navigation_runtime/build/agt_navigation
[89.554s] Level 1:colcon.colcon_core.environment:create_environment_scripts_only(agt_navigation)
[89.555s] Level 1:colcon.colcon_core.environment:checking '/home/yangxuan/agt_navigation_runtime/install/agt_navigation' for CMake module files
[89.556s] DEBUG:colcon.colcon_core.event_handler.log_command:Invoked command in '/home/yangxuan/agt_navigation_runtime/build/agt_navigation' returned '0': AMENT_PREFIX_PATH=/home/yangxuan/agt_navigation_runtime/install/agt_interfaces:${AMENT_PREFIX_PATH} CMAKE_PREFIX_PATH=/home/yangxuan/agt_navigation_runtime/install/agt_interfaces:/opt/ros/humble LD_LIBRARY_PATH=/home/yangxuan/agt_navigation_runtime/install/agt_interfaces/lib:/usr/lib/x86_64-linux-gnu/gazebo-11/plugins:/opt/ros/humble/opt/rviz_ogre_vendor/lib:/opt/ros/humble/lib/x86_64-linux-gnu:/opt/ros/humble/opt/ortools_vendor/lib:/opt/ros/humble/opt/openvdb_vendor/lib:/opt/ros/humble/lib PYTHONPATH=/home/yangxuan/agt_navigation_runtime/install/agt_interfaces/local/lib/python3.10/dist-packages:${PYTHONPATH} /usr/bin/cmake --install /home/yangxuan/agt_navigation_runtime/build/agt_navigation
[89.556s] Level 1:colcon.colcon_core.environment:checking '/home/yangxuan/agt_navigation_runtime/install/agt_navigation' for CMake config files
[89.557s] Level 1:colcon.colcon_core.shell:create_environment_hook('agt_navigation', 'cmake_prefix_path')
[89.558s] INFO:colcon.colcon_core.shell:Creating environment hook '/home/yangxuan/agt_navigation_runtime/install/agt_navigation/share/agt_navigation/hook/cmake_prefix_path.ps1'
[89.558s] INFO:colcon.colcon_core.shell:Creating environment descriptor '/home/yangxuan/agt_navigation_runtime/install/agt_navigation/share/agt_navigation/hook/cmake_prefix_path.dsv'
[89.559s] INFO:colcon.colcon_core.shell:Creating environment hook '/home/yangxuan/agt_navigation_runtime/install/agt_navigation/share/agt_navigation/hook/cmake_prefix_path.sh'
[89.560s] Level 1:colcon.colcon_core.environment:checking '/home/yangxuan/agt_navigation_runtime/install/agt_navigation/lib'
[89.560s] Level 1:colcon.colcon_core.environment:checking '/home/yangxuan/agt_navigation_runtime/install/agt_navigation/bin'
[89.560s] Level 1:colcon.colcon_core.environment:checking '/home/yangxuan/agt_navigation_runtime/install/agt_navigation/lib/pkgconfig/agt_navigation.pc'
[89.561s] Level 1:colcon.colcon_core.environment:checking '/home/yangxuan/agt_navigation_runtime/install/agt_navigation/lib/python3.10/site-packages'
[89.561s] Level 1:colcon.colcon_core.environment:checking '/home/yangxuan/agt_navigation_runtime/install/agt_navigation/bin'
[89.562s] INFO:colcon.colcon_core.shell:Creating package script '/home/yangxuan/agt_navigation_runtime/install/agt_navigation/share/agt_navigation/package.ps1'
[89.563s] INFO:colcon.colcon_core.shell:Creating package descriptor '/home/yangxuan/agt_navigation_runtime/install/agt_navigation/share/agt_navigation/package.dsv'
[89.563s] INFO:colcon.colcon_core.shell:Creating package script '/home/yangxuan/agt_navigation_runtime/install/agt_navigation/share/agt_navigation/package.sh'
[89.564s] INFO:colcon.colcon_core.shell:Creating package script '/home/yangxuan/agt_navigation_runtime/install/agt_navigation/share/agt_navigation/package.bash'
[89.564s] INFO:colcon.colcon_core.shell:Creating package script '/home/yangxuan/agt_navigation_runtime/install/agt_navigation/share/agt_navigation/package.zsh'
[89.565s] Level 1:colcon.colcon_core.environment:create_file_with_runtime_dependencies(/home/yangxuan/agt_navigation_runtime/install/agt_navigation/share/colcon-core/packages/agt_navigation)
[89.565s] Level 1:colcon.colcon_core.environment:create_environment_scripts_only(agt_navigation)
[89.566s] Level 1:colcon.colcon_core.environment:checking '/home/yangxuan/agt_navigation_runtime/install/agt_navigation' for CMake module files
[89.566s] Level 1:colcon.colcon_core.environment:checking '/home/yangxuan/agt_navigation_runtime/install/agt_navigation' for CMake config files
[89.567s] Level 1:colcon.colcon_core.shell:create_environment_hook('agt_navigation', 'cmake_prefix_path')
[89.567s] INFO:colcon.colcon_core.shell:Creating environment hook '/home/yangxuan/agt_navigation_runtime/install/agt_navigation/share/agt_navigation/hook/cmake_prefix_path.ps1'
[89.567s] INFO:colcon.colcon_core.shell:Creating environment descriptor '/home/yangxuan/agt_navigation_runtime/install/agt_navigation/share/agt_navigation/hook/cmake_prefix_path.dsv'
[89.568s] INFO:colcon.colcon_core.shell:Creating environment hook '/home/yangxuan/agt_navigation_runtime/install/agt_navigation/share/agt_navigation/hook/cmake_prefix_path.sh'
[89.568s] Level 1:colcon.colcon_core.environment:checking '/home/yangxuan/agt_navigation_runtime/install/agt_navigation/lib'
[89.568s] Level 1:colcon.colcon_core.environment:checking '/home/yangxuan/agt_navigation_runtime/install/agt_navigation/bin'
[89.569s] Level 1:colcon.colcon_core.environment:checking '/home/yangxuan/agt_navigation_runtime/install/agt_navigation/lib/pkgconfig/agt_navigation.pc'
[89.569s] Level 1:colcon.colcon_core.environment:checking '/home/yangxuan/agt_navigation_runtime/install/agt_navigation/lib/python3.10/site-packages'
[89.569s] Level 1:colcon.colcon_core.environment:checking '/home/yangxuan/agt_navigation_runtime/install/agt_navigation/bin'
[89.569s] INFO:colcon.colcon_core.shell:Creating package script '/home/yangxuan/agt_navigation_runtime/install/agt_navigation/share/agt_navigation/package.ps1'
[89.570s] INFO:colcon.colcon_core.shell:Creating package descriptor '/home/yangxuan/agt_navigation_runtime/install/agt_navigation/share/agt_navigation/package.dsv'
[89.571s] INFO:colcon.colcon_core.shell:Creating package script '/home/yangxuan/agt_navigation_runtime/install/agt_navigation/share/agt_navigation/package.sh'
[89.571s] INFO:colcon.colcon_core.shell:Creating package script '/home/yangxuan/agt_navigation_runtime/install/agt_navigation/share/agt_navigation/package.bash'
[89.571s] INFO:colcon.colcon_core.shell:Creating package script '/home/yangxuan/agt_navigation_runtime/install/agt_navigation/share/agt_navigation/package.zsh'
[89.572s] Level 1:colcon.colcon_core.environment:create_file_with_runtime_dependencies(/home/yangxuan/agt_navigation_runtime/install/agt_navigation/share/colcon-core/packages/agt_navigation)
[102.636s] DEBUG:colcon.colcon_core.event_handler.log_command:Invoked command in '/home/yangxuan/agt_navigation_runtime/build/agt_bt_executor' returned '0': AMENT_PREFIX_PATH=/home/yangxuan/agt_navigation_runtime/install/agt_interfaces:${AMENT_PREFIX_PATH} CMAKE_PREFIX_PATH=/home/yangxuan/agt_navigation_runtime/install/agt_interfaces:/opt/ros/humble LD_LIBRARY_PATH=/home/yangxuan/agt_navigation_runtime/install/agt_interfaces/lib:/usr/lib/x86_64-linux-gnu/gazebo-11/plugins:/opt/ros/humble/opt/rviz_ogre_vendor/lib:/opt/ros/humble/lib/x86_64-linux-gnu:/opt/ros/humble/opt/ortools_vendor/lib:/opt/ros/humble/opt/openvdb_vendor/lib:/opt/ros/humble/lib PYTHONPATH=/home/yangxuan/agt_navigation_runtime/install/agt_interfaces/local/lib/python3.10/dist-packages:${PYTHONPATH} /usr/bin/cmake --build /home/yangxuan/agt_navigation_runtime/build/agt_bt_executor -- -j32 -l32
[102.639s] DEBUG:colcon.colcon_core.event_handler.log_command:Invoking command in '/home/yangxuan/agt_navigation_runtime/build/agt_bt_executor': AMENT_PREFIX_PATH=/home/yangxuan/agt_navigation_runtime/install/agt_interfaces:${AMENT_PREFIX_PATH} CMAKE_PREFIX_PATH=/home/yangxuan/agt_navigation_runtime/install/agt_interfaces:/opt/ros/humble LD_LIBRARY_PATH=/home/yangxuan/agt_navigation_runtime/install/agt_interfaces/lib:/usr/lib/x86_64-linux-gnu/gazebo-11/plugins:/opt/ros/humble/opt/rviz_ogre_vendor/lib:/opt/ros/humble/lib/x86_64-linux-gnu:/opt/ros/humble/opt/ortools_vendor/lib:/opt/ros/humble/opt/openvdb_vendor/lib:/opt/ros/humble/lib PYTHONPATH=/home/yangxuan/agt_navigation_runtime/install/agt_interfaces/local/lib/python3.10/dist-packages:${PYTHONPATH} /usr/bin/cmake --install /home/yangxuan/agt_navigation_runtime/build/agt_bt_executor
[102.962s] Level 1:colcon.colcon_core.environment:create_environment_scripts_only(agt_bt_executor)
[102.963s] Level 1:colcon.colcon_core.environment:checking '/home/yangxuan/agt_navigation_runtime/install/agt_bt_executor' for CMake module files
[102.963s] DEBUG:colcon.colcon_core.event_handler.log_command:Invoked command in '/home/yangxuan/agt_navigation_runtime/build/agt_bt_executor' returned '0': AMENT_PREFIX_PATH=/home/yangxuan/agt_navigation_runtime/install/agt_interfaces:${AMENT_PREFIX_PATH} CMAKE_PREFIX_PATH=/home/yangxuan/agt_navigation_runtime/install/agt_interfaces:/opt/ros/humble LD_LIBRARY_PATH=/home/yangxuan/agt_navigation_runtime/install/agt_interfaces/lib:/usr/lib/x86_64-linux-gnu/gazebo-11/plugins:/opt/ros/humble/opt/rviz_ogre_vendor/lib:/opt/ros/humble/lib/x86_64-linux-gnu:/opt/ros/humble/opt/ortools_vendor/lib:/opt/ros/humble/opt/openvdb_vendor/lib:/opt/ros/humble/lib PYTHONPATH=/home/yangxuan/agt_navigation_runtime/install/agt_interfaces/local/lib/python3.10/dist-packages:${PYTHONPATH} /usr/bin/cmake --install /home/yangxuan/agt_navigation_runtime/build/agt_bt_executor
[102.964s] Level 1:colcon.colcon_core.environment:checking '/home/yangxuan/agt_navigation_runtime/install/agt_bt_executor' for CMake config files
[102.965s] Level 1:colcon.colcon_core.shell:create_environment_hook('agt_bt_executor', 'cmake_prefix_path')
[102.965s] INFO:colcon.colcon_core.shell:Creating environment hook '/home/yangxuan/agt_navigation_runtime/install/agt_bt_executor/share/agt_bt_executor/hook/cmake_prefix_path.ps1'
[102.966s] INFO:colcon.colcon_core.shell:Creating environment descriptor '/home/yangxuan/agt_navigation_runtime/install/agt_bt_executor/share/agt_bt_executor/hook/cmake_prefix_path.dsv'
[102.966s] INFO:colcon.colcon_core.shell:Creating environment hook '/home/yangxuan/agt_navigation_runtime/install/agt_bt_executor/share/agt_bt_executor/hook/cmake_prefix_path.sh'
[102.967s] Level 1:colcon.colcon_core.environment:checking '/home/yangxuan/agt_navigation_runtime/install/agt_bt_executor/lib'
[102.967s] Level 1:colcon.colcon_core.shell:create_environment_hook('agt_bt_executor', 'ld_library_path_lib')
[102.967s] INFO:colcon.colcon_core.shell:Creating environment hook '/home/yangxuan/agt_navigation_runtime/install/agt_bt_executor/share/agt_bt_executor/hook/ld_library_path_lib.ps1'
[102.968s] INFO:colcon.colcon_core.shell:Creating environment descriptor '/home/yangxuan/agt_navigation_runtime/install/agt_bt_executor/share/agt_bt_executor/hook/ld_library_path_lib.dsv'
[102.968s] INFO:colcon.colcon_core.shell:Creating environment hook '/home/yangxuan/agt_navigation_runtime/install/agt_bt_executor/share/agt_bt_executor/hook/ld_library_path_lib.sh'
[102.969s] Level 1:colcon.colcon_core.environment:checking '/home/yangxuan/agt_navigation_runtime/install/agt_bt_executor/bin'
[102.969s] Level 1:colcon.colcon_core.environment:checking '/home/yangxuan/agt_navigation_runtime/install/agt_bt_executor/lib/pkgconfig/agt_bt_executor.pc'
[102.969s] Level 1:colcon.colcon_core.environment:checking '/home/yangxuan/agt_navigation_runtime/install/agt_bt_executor/lib/python3.10/site-packages'
[102.969s] Level 1:colcon.colcon_core.environment:checking '/home/yangxuan/agt_navigation_runtime/install/agt_bt_executor/bin'
[102.970s] INFO:colcon.colcon_core.shell:Creating package script '/home/yangxuan/agt_navigation_runtime/install/agt_bt_executor/share/agt_bt_executor/package.ps1'
[102.970s] INFO:colcon.colcon_core.shell:Creating package descriptor '/home/yangxuan/agt_navigation_runtime/install/agt_bt_executor/share/agt_bt_executor/package.dsv'
[102.971s] INFO:colcon.colcon_core.shell:Creating package script '/home/yangxuan/agt_navigation_runtime/install/agt_bt_executor/share/agt_bt_executor/package.sh'
[102.971s] INFO:colcon.colcon_core.shell:Creating package script '/home/yangxuan/agt_navigation_runtime/install/agt_bt_executor/share/agt_bt_executor/package.bash'
[102.971s] INFO:colcon.colcon_core.shell:Creating package script '/home/yangxuan/agt_navigation_runtime/install/agt_bt_executor/share/agt_bt_executor/package.zsh'
[102.971s] Level 1:colcon.colcon_core.environment:create_file_with_runtime_dependencies(/home/yangxuan/agt_navigation_runtime/install/agt_bt_executor/share/colcon-core/packages/agt_bt_executor)
[102.972s] Level 1:colcon.colcon_core.environment:create_environment_scripts_only(agt_bt_executor)
[102.972s] Level 1:colcon.colcon_core.environment:checking '/home/yangxuan/agt_navigation_runtime/install/agt_bt_executor' for CMake module files
[102.973s] Level 1:colcon.colcon_core.environment:checking '/home/yangxuan/agt_navigation_runtime/install/agt_bt_executor' for CMake config files
[102.973s] Level 1:colcon.colcon_core.shell:create_environment_hook('agt_bt_executor', 'cmake_prefix_path')
[102.973s] INFO:colcon.colcon_core.shell:Creating environment hook '/home/yangxuan/agt_navigation_runtime/install/agt_bt_executor/share/agt_bt_executor/hook/cmake_prefix_path.ps1'
[102.973s] INFO:colcon.colcon_core.shell:Creating environment descriptor '/home/yangxuan/agt_navigation_runtime/install/agt_bt_executor/share/agt_bt_executor/hook/cmake_prefix_path.dsv'
[102.974s] INFO:colcon.colcon_core.shell:Creating environment hook '/home/yangxuan/agt_navigation_runtime/install/agt_bt_executor/share/agt_bt_executor/hook/cmake_prefix_path.sh'
[102.974s] Level 1:colcon.colcon_core.environment:checking '/home/yangxuan/agt_navigation_runtime/install/agt_bt_executor/lib'
[102.974s] Level 1:colcon.colcon_core.shell:create_environment_hook('agt_bt_executor', 'ld_library_path_lib')
[102.974s] INFO:colcon.colcon_core.shell:Creating environment hook '/home/yangxuan/agt_navigation_runtime/install/agt_bt_executor/share/agt_bt_executor/hook/ld_library_path_lib.ps1'
[102.975s] INFO:colcon.colcon_core.shell:Creating environment descriptor '/home/yangxuan/agt_navigation_runtime/install/agt_bt_executor/share/agt_bt_executor/hook/ld_library_path_lib.dsv'
[102.975s] INFO:colcon.colcon_core.shell:Creating environment hook '/home/yangxuan/agt_navigation_runtime/install/agt_bt_executor/share/agt_bt_executor/hook/ld_library_path_lib.sh'
[102.975s] Level 1:colcon.colcon_core.environment:checking '/home/yangxuan/agt_navigation_runtime/install/agt_bt_executor/bin'
[102.975s] Level 1:colcon.colcon_core.environment:checking '/home/yangxuan/agt_navigation_runtime/install/agt_bt_executor/lib/pkgconfig/agt_bt_executor.pc'
[102.976s] Level 1:colcon.colcon_core.environment:checking '/home/yangxuan/agt_navigation_runtime/install/agt_bt_executor/lib/python3.10/site-packages'
[102.976s] Level 1:colcon.colcon_core.environment:checking '/home/yangxuan/agt_navigation_runtime/install/agt_bt_executor/bin'
[102.976s] INFO:colcon.colcon_core.shell:Creating package script '/home/yangxuan/agt_navigation_runtime/install/agt_bt_executor/share/agt_bt_executor/package.ps1'
[102.977s] INFO:colcon.colcon_core.shell:Creating package descriptor '/home/yangxuan/agt_navigation_runtime/install/agt_bt_executor/share/agt_bt_executor/package.dsv'
[102.977s] INFO:colcon.colcon_core.shell:Creating package script '/home/yangxuan/agt_navigation_runtime/install/agt_bt_executor/share/agt_bt_executor/package.sh'
[102.979s] INFO:colcon.colcon_core.shell:Creating package script '/home/yangxuan/agt_navigation_runtime/install/agt_bt_executor/share/agt_bt_executor/package.bash'
[102.980s] INFO:colcon.colcon_core.shell:Creating package script '/home/yangxuan/agt_navigation_runtime/install/agt_bt_executor/share/agt_bt_executor/package.zsh'
[102.980s] Level 1:colcon.colcon_core.environment:create_file_with_runtime_dependencies(/home/yangxuan/agt_navigation_runtime/install/agt_bt_executor/share/colcon-core/packages/agt_bt_executor)
[102.981s] INFO:colcon.colcon_ros.task.ament_cmake.build:Building ROS package in '/home/yangxuan/agt_navigation_runtime/src/agt_mission_manager' with build type 'ament_cmake'
[102.981s] INFO:colcon.colcon_cmake.task.cmake.build:Building CMake package in '/home/yangxuan/agt_navigation_runtime/src/agt_mission_manager'
[102.981s] INFO:colcon.colcon_core.shell:Skip shell extension 'powershell' for command environment: Not usable outside of PowerShell
[102.981s] DEBUG:colcon.colcon_core.shell:Skip shell extension 'dsv' for command environment
[102.995s] DEBUG:colcon.colcon_core.event_handler.log_command:Invoking command in '/home/yangxuan/agt_navigation_runtime/build/agt_mission_manager': AMENT_PREFIX_PATH=/home/yangxuan/agt_navigation_runtime/install/agt_navigation:/home/yangxuan/agt_navigation_runtime/install/agt_bt_executor:/home/yangxuan/agt_navigation_runtime/install/agt_interfaces:${AMENT_PREFIX_PATH} CMAKE_PREFIX_PATH=/home/yangxuan/agt_navigation_runtime/install/agt_navigation:/home/yangxuan/agt_navigation_runtime/install/agt_bt_executor:/home/yangxuan/agt_navigation_runtime/install/agt_interfaces:/opt/ros/humble LD_LIBRARY_PATH=/home/yangxuan/agt_navigation_runtime/install/agt_bt_executor/lib:/home/yangxuan/agt_navigation_runtime/install/agt_interfaces/lib:/usr/lib/x86_64-linux-gnu/gazebo-11/plugins:/opt/ros/humble/opt/rviz_ogre_vendor/lib:/opt/ros/humble/lib/x86_64-linux-gnu:/opt/ros/humble/opt/ortools_vendor/lib:/opt/ros/humble/opt/openvdb_vendor/lib:/opt/ros/humble/lib PYTHONPATH=/home/yangxuan/agt_navigation_runtime/install/agt_navigation/local/lib/python3.10/dist-packages:/home/yangxuan/agt_navigation_runtime/install/agt_interfaces/local/lib/python3.10/dist-packages:${PYTHONPATH} /usr/bin/cmake /home/yangxuan/agt_navigation_runtime/src/agt_mission_manager -DAMENT_CMAKE_SYMLINK_INSTALL=1 -DCMAKE_INSTALL_PREFIX=/home/yangxuan/agt_navigation_runtime/install/agt_mission_manager
[109.766s] DEBUG:colcon.colcon_core.event_handler.log_command:Invoked command in '/home/yangxuan/agt_navigation_runtime/build/agt_mission_manager' returned '0': AMENT_PREFIX_PATH=/home/yangxuan/agt_navigation_runtime/install/agt_navigation:/home/yangxuan/agt_navigation_runtime/install/agt_bt_executor:/home/yangxuan/agt_navigation_runtime/install/agt_interfaces:${AMENT_PREFIX_PATH} CMAKE_PREFIX_PATH=/home/yangxuan/agt_navigation_runtime/install/agt_navigation:/home/yangxuan/agt_navigation_runtime/install/agt_bt_executor:/home/yangxuan/agt_navigation_runtime/install/agt_interfaces:/opt/ros/humble LD_LIBRARY_PATH=/home/yangxuan/agt_navigation_runtime/install/agt_bt_executor/lib:/home/yangxuan/agt_navigation_runtime/install/agt_interfaces/lib:/usr/lib/x86_64-linux-gnu/gazebo-11/plugins:/opt/ros/humble/opt/rviz_ogre_vendor/lib:/opt/ros/humble/lib/x86_64-linux-gnu:/opt/ros/humble/opt/ortools_vendor/lib:/opt/ros/humble/opt/openvdb_vendor/lib:/opt/ros/humble/lib PYTHONPATH=/home/yangxuan/agt_navigation_runtime/install/agt_navigation/local/lib/python3.10/dist-packages:/home/yangxuan/agt_navigation_runtime/install/agt_interfaces/local/lib/python3.10/dist-packages:${PYTHONPATH} /usr/bin/cmake /home/yangxuan/agt_navigation_runtime/src/agt_mission_manager -DAMENT_CMAKE_SYMLINK_INSTALL=1 -DCMAKE_INSTALL_PREFIX=/home/yangxuan/agt_navigation_runtime/install/agt_mission_manager
[109.768s] DEBUG:colcon.colcon_core.event_handler.log_command:Invoking command in '/home/yangxuan/agt_navigation_runtime/build/agt_mission_manager': AMENT_PREFIX_PATH=/home/yangxuan/agt_navigation_runtime/install/agt_navigation:/home/yangxuan/agt_navigation_runtime/install/agt_bt_executor:/home/yangxuan/agt_navigation_runtime/install/agt_interfaces:${AMENT_PREFIX_PATH} CMAKE_PREFIX_PATH=/home/yangxuan/agt_navigation_runtime/install/agt_navigation:/home/yangxuan/agt_navigation_runtime/install/agt_bt_executor:/home/yangxuan/agt_navigation_runtime/install/agt_interfaces:/opt/ros/humble LD_LIBRARY_PATH=/home/yangxuan/agt_navigation_runtime/install/agt_bt_executor/lib:/home/yangxuan/agt_navigation_runtime/install/agt_interfaces/lib:/usr/lib/x86_64-linux-gnu/gazebo-11/plugins:/opt/ros/humble/opt/rviz_ogre_vendor/lib:/opt/ros/humble/lib/x86_64-linux-gnu:/opt/ros/humble/opt/ortools_vendor/lib:/opt/ros/humble/opt/openvdb_vendor/lib:/opt/ros/humble/lib PYTHONPATH=/home/yangxuan/agt_navigation_runtime/install/agt_navigation/local/lib/python3.10/dist-packages:/home/yangxuan/agt_navigation_runtime/install/agt_interfaces/local/lib/python3.10/dist-packages:${PYTHONPATH} /usr/bin/cmake --build /home/yangxuan/agt_navigation_runtime/build/agt_mission_manager -- -j32 -l32
[110.087s] DEBUG:colcon.colcon_core.event_handler.log_command:Invoked command in '/home/yangxuan/agt_navigation_runtime/build/agt_mission_manager' returned '0': AMENT_PREFIX_PATH=/home/yangxuan/agt_navigation_runtime/install/agt_navigation:/home/yangxuan/agt_navigation_runtime/install/agt_bt_executor:/home/yangxuan/agt_navigation_runtime/install/agt_interfaces:${AMENT_PREFIX_PATH} CMAKE_PREFIX_PATH=/home/yangxuan/agt_navigation_runtime/install/agt_navigation:/home/yangxuan/agt_navigation_runtime/install/agt_bt_executor:/home/yangxuan/agt_navigation_runtime/install/agt_interfaces:/opt/ros/humble LD_LIBRARY_PATH=/home/yangxuan/agt_navigation_runtime/install/agt_bt_executor/lib:/home/yangxuan/agt_navigation_runtime/install/agt_interfaces/lib:/usr/lib/x86_64-linux-gnu/gazebo-11/plugins:/opt/ros/humble/opt/rviz_ogre_vendor/lib:/opt/ros/humble/lib/x86_64-linux-gnu:/opt/ros/humble/opt/ortools_vendor/lib:/opt/ros/humble/opt/openvdb_vendor/lib:/opt/ros/humble/lib PYTHONPATH=/home/yangxuan/agt_navigation_runtime/install/agt_navigation/local/lib/python3.10/dist-packages:/home/yangxuan/agt_navigation_runtime/install/agt_interfaces/local/lib/python3.10/dist-packages:${PYTHONPATH} /usr/bin/cmake --build /home/yangxuan/agt_navigation_runtime/build/agt_mission_manager -- -j32 -l32
[110.089s] DEBUG:colcon.colcon_core.event_handler.log_command:Invoking command in '/home/yangxuan/agt_navigation_runtime/build/agt_mission_manager': AMENT_PREFIX_PATH=/home/yangxuan/agt_navigation_runtime/install/agt_navigation:/home/yangxuan/agt_navigation_runtime/install/agt_bt_executor:/home/yangxuan/agt_navigation_runtime/install/agt_interfaces:${AMENT_PREFIX_PATH} CMAKE_PREFIX_PATH=/home/yangxuan/agt_navigation_runtime/install/agt_navigation:/home/yangxuan/agt_navigation_runtime/install/agt_bt_executor:/home/yangxuan/agt_navigation_runtime/install/agt_interfaces:/opt/ros/humble LD_LIBRARY_PATH=/home/yangxuan/agt_navigation_runtime/install/agt_bt_executor/lib:/home/yangxuan/agt_navigation_runtime/install/agt_interfaces/lib:/usr/lib/x86_64-linux-gnu/gazebo-11/plugins:/opt/ros/humble/opt/rviz_ogre_vendor/lib:/opt/ros/humble/lib/x86_64-linux-gnu:/opt/ros/humble/opt/ortools_vendor/lib:/opt/ros/humble/opt/openvdb_vendor/lib:/opt/ros/humble/lib PYTHONPATH=/home/yangxuan/agt_navigation_runtime/install/agt_navigation/local/lib/python3.10/dist-packages:/home/yangxuan/agt_navigation_runtime/install/agt_interfaces/local/lib/python3.10/dist-packages:${PYTHONPATH} /usr/bin/cmake --install /home/yangxuan/agt_navigation_runtime/build/agt_mission_manager
[110.438s] Level 1:colcon.colcon_core.environment:create_environment_scripts_only(agt_mission_manager)
[110.438s] Level 1:colcon.colcon_core.environment:checking '/home/yangxuan/agt_navigation_runtime/install/agt_mission_manager' for CMake module files
[110.438s] DEBUG:colcon.colcon_core.event_handler.log_command:Invoked command in '/home/yangxuan/agt_navigation_runtime/build/agt_mission_manager' returned '0': AMENT_PREFIX_PATH=/home/yangxuan/agt_navigation_runtime/install/agt_navigation:/home/yangxuan/agt_navigation_runtime/install/agt_bt_executor:/home/yangxuan/agt_navigation_runtime/install/agt_interfaces:${AMENT_PREFIX_PATH} CMAKE_PREFIX_PATH=/home/yangxuan/agt_navigation_runtime/install/agt_navigation:/home/yangxuan/agt_navigation_runtime/install/agt_bt_executor:/home/yangxuan/agt_navigation_runtime/install/agt_interfaces:/opt/ros/humble LD_LIBRARY_PATH=/home/yangxuan/agt_navigation_runtime/install/agt_bt_executor/lib:/home/yangxuan/agt_navigation_runtime/install/agt_interfaces/lib:/usr/lib/x86_64-linux-gnu/gazebo-11/plugins:/opt/ros/humble/opt/rviz_ogre_vendor/lib:/opt/ros/humble/lib/x86_64-linux-gnu:/opt/ros/humble/opt/ortools_vendor/lib:/opt/ros/humble/opt/openvdb_vendor/lib:/opt/ros/humble/lib PYTHONPATH=/home/yangxuan/agt_navigation_runtime/install/agt_navigation/local/lib/python3.10/dist-packages:/home/yangxuan/agt_navigation_runtime/install/agt_interfaces/local/lib/python3.10/dist-packages:${PYTHONPATH} /usr/bin/cmake --install /home/yangxuan/agt_navigation_runtime/build/agt_mission_manager
[110.439s] Level 1:colcon.colcon_core.environment:checking '/home/yangxuan/agt_navigation_runtime/install/agt_mission_manager' for CMake config files
[110.440s] Level 1:colcon.colcon_core.shell:create_environment_hook('agt_mission_manager', 'cmake_prefix_path')
[110.440s] INFO:colcon.colcon_core.shell:Creating environment hook '/home/yangxuan/agt_navigation_runtime/install/agt_mission_manager/share/agt_mission_manager/hook/cmake_prefix_path.ps1'
[110.441s] INFO:colcon.colcon_core.shell:Creating environment descriptor '/home/yangxuan/agt_navigation_runtime/install/agt_mission_manager/share/agt_mission_manager/hook/cmake_prefix_path.dsv'
[110.441s] INFO:colcon.colcon_core.shell:Creating environment hook '/home/yangxuan/agt_navigation_runtime/install/agt_mission_manager/share/agt_mission_manager/hook/cmake_prefix_path.sh'
[110.442s] Level 1:colcon.colcon_core.environment:checking '/home/yangxuan/agt_navigation_runtime/install/agt_mission_manager/lib'
[110.442s] Level 1:colcon.colcon_core.environment:checking '/home/yangxuan/agt_navigation_runtime/install/agt_mission_manager/bin'
[110.442s] Level 1:colcon.colcon_core.environment:checking '/home/yangxuan/agt_navigation_runtime/install/agt_mission_manager/lib/pkgconfig/agt_mission_manager.pc'
[110.443s] Level 1:colcon.colcon_core.environment:checking '/home/yangxuan/agt_navigation_runtime/install/agt_mission_manager/lib/python3.10/site-packages'
[110.443s] Level 1:colcon.colcon_core.environment:checking '/home/yangxuan/agt_navigation_runtime/install/agt_mission_manager/bin'
[110.444s] INFO:colcon.colcon_core.shell:Creating package script '/home/yangxuan/agt_navigation_runtime/install/agt_mission_manager/share/agt_mission_manager/package.ps1'
[110.444s] INFO:colcon.colcon_core.shell:Creating package descriptor '/home/yangxuan/agt_navigation_runtime/install/agt_mission_manager/share/agt_mission_manager/package.dsv'
[110.445s] INFO:colcon.colcon_core.shell:Creating package script '/home/yangxuan/agt_navigation_runtime/install/agt_mission_manager/share/agt_mission_manager/package.sh'
[110.445s] INFO:colcon.colcon_core.shell:Creating package script '/home/yangxuan/agt_navigation_runtime/install/agt_mission_manager/share/agt_mission_manager/package.bash'
[110.446s] INFO:colcon.colcon_core.shell:Creating package script '/home/yangxuan/agt_navigation_runtime/install/agt_mission_manager/share/agt_mission_manager/package.zsh'
[110.446s] Level 1:colcon.colcon_core.environment:create_file_with_runtime_dependencies(/home/yangxuan/agt_navigation_runtime/install/agt_mission_manager/share/colcon-core/packages/agt_mission_manager)
[110.447s] Level 1:colcon.colcon_core.environment:create_environment_scripts_only(agt_mission_manager)
[110.447s] Level 1:colcon.colcon_core.environment:checking '/home/yangxuan/agt_navigation_runtime/install/agt_mission_manager' for CMake module files
[110.448s] Level 1:colcon.colcon_core.environment:checking '/home/yangxuan/agt_navigation_runtime/install/agt_mission_manager' for CMake config files
[110.449s] Level 1:colcon.colcon_core.shell:create_environment_hook('agt_mission_manager', 'cmake_prefix_path')
[110.449s] INFO:colcon.colcon_core.shell:Creating environment hook '/home/yangxuan/agt_navigation_runtime/install/agt_mission_manager/share/agt_mission_manager/hook/cmake_prefix_path.ps1'
[110.449s] INFO:colcon.colcon_core.shell:Creating environment descriptor '/home/yangxuan/agt_navigation_runtime/install/agt_mission_manager/share/agt_mission_manager/hook/cmake_prefix_path.dsv'
[110.450s] INFO:colcon.colcon_core.shell:Creating environment hook '/home/yangxuan/agt_navigation_runtime/install/agt_mission_manager/share/agt_mission_manager/hook/cmake_prefix_path.sh'
[110.451s] Level 1:colcon.colcon_core.environment:checking '/home/yangxuan/agt_navigation_runtime/install/agt_mission_manager/lib'
[110.451s] Level 1:colcon.colcon_core.environment:checking '/home/yangxuan/agt_navigation_runtime/install/agt_mission_manager/bin'
[110.451s] Level 1:colcon.colcon_core.environment:checking '/home/yangxuan/agt_navigation_runtime/install/agt_mission_manager/lib/pkgconfig/agt_mission_manager.pc'
[110.451s] Level 1:colcon.colcon_core.environment:checking '/home/yangxuan/agt_navigation_runtime/install/agt_mission_manager/lib/python3.10/site-packages'
[110.452s] Level 1:colcon.colcon_core.environment:checking '/home/yangxuan/agt_navigation_runtime/install/agt_mission_manager/bin'
[110.453s] INFO:colcon.colcon_core.shell:Creating package script '/home/yangxuan/agt_navigation_runtime/install/agt_mission_manager/share/agt_mission_manager/package.ps1'
[110.453s] INFO:colcon.colcon_core.shell:Creating package descriptor '/home/yangxuan/agt_navigation_runtime/install/agt_mission_manager/share/agt_mission_manager/package.dsv'
[110.454s] INFO:colcon.colcon_core.shell:Creating package script '/home/yangxuan/agt_navigation_runtime/install/agt_mission_manager/share/agt_mission_manager/package.sh'
[110.455s] INFO:colcon.colcon_core.shell:Creating package script '/home/yangxuan/agt_navigation_runtime/install/agt_mission_manager/share/agt_mission_manager/package.bash'
[110.455s] INFO:colcon.colcon_core.shell:Creating package script '/home/yangxuan/agt_navigation_runtime/install/agt_mission_manager/share/agt_mission_manager/package.zsh'
[110.456s] Level 1:colcon.colcon_core.environment:create_file_with_runtime_dependencies(/home/yangxuan/agt_navigation_runtime/install/agt_mission_manager/share/colcon-core/packages/agt_mission_manager)
[113.008s] DEBUG:colcon.colcon_core.event_handler.log_command:Invoked command in '/home/yangxuan/agt_navigation_runtime/build/agt_localization' returned '0': AMENT_PREFIX_PATH=/home/yangxuan/agt_navigation_runtime/install/relocalization_core:/home/yangxuan/agt_navigation_runtime/install/ndt_omp_ros2:/home/yangxuan/agt_navigation_runtime/install/agt_interfaces:${AMENT_PREFIX_PATH} CMAKE_PREFIX_PATH=/home/yangxuan/agt_navigation_runtime/install/relocalization_core:/home/yangxuan/agt_navigation_runtime/install/ndt_omp_ros2:/home/yangxuan/agt_navigation_runtime/install/agt_interfaces:/opt/ros/humble LD_LIBRARY_PATH=/home/yangxuan/agt_navigation_runtime/install/relocalization_core/lib:/home/yangxuan/agt_navigation_runtime/install/ndt_omp_ros2/lib:/home/yangxuan/agt_navigation_runtime/install/agt_interfaces/lib:/usr/lib/x86_64-linux-gnu/gazebo-11/plugins:/opt/ros/humble/opt/rviz_ogre_vendor/lib:/opt/ros/humble/lib/x86_64-linux-gnu:/opt/ros/humble/opt/ortools_vendor/lib:/opt/ros/humble/opt/openvdb_vendor/lib:/opt/ros/humble/lib PYTHONPATH=/home/yangxuan/agt_navigation_runtime/install/agt_interfaces/local/lib/python3.10/dist-packages:${PYTHONPATH} /usr/bin/cmake --build /home/yangxuan/agt_navigation_runtime/build/agt_localization -- -j32 -l32
[113.010s] DEBUG:colcon.colcon_core.event_handler.log_command:Invoking command in '/home/yangxuan/agt_navigation_runtime/build/agt_localization': AMENT_PREFIX_PATH=/home/yangxuan/agt_navigation_runtime/install/relocalization_core:/home/yangxuan/agt_navigation_runtime/install/ndt_omp_ros2:/home/yangxuan/agt_navigation_runtime/install/agt_interfaces:${AMENT_PREFIX_PATH} CMAKE_PREFIX_PATH=/home/yangxuan/agt_navigation_runtime/install/relocalization_core:/home/yangxuan/agt_navigation_runtime/install/ndt_omp_ros2:/home/yangxuan/agt_navigation_runtime/install/agt_interfaces:/opt/ros/humble LD_LIBRARY_PATH=/home/yangxuan/agt_navigation_runtime/install/relocalization_core/lib:/home/yangxuan/agt_navigation_runtime/install/ndt_omp_ros2/lib:/home/yangxuan/agt_navigation_runtime/install/agt_interfaces/lib:/usr/lib/x86_64-linux-gnu/gazebo-11/plugins:/opt/ros/humble/opt/rviz_ogre_vendor/lib:/opt/ros/humble/lib/x86_64-linux-gnu:/opt/ros/humble/opt/ortools_vendor/lib:/opt/ros/humble/opt/openvdb_vendor/lib:/opt/ros/humble/lib PYTHONPATH=/home/yangxuan/agt_navigation_runtime/install/agt_interfaces/local/lib/python3.10/dist-packages:${PYTHONPATH} /usr/bin/cmake --install /home/yangxuan/agt_navigation_runtime/build/agt_localization
[113.444s] Level 1:colcon.colcon_core.environment:create_environment_scripts_only(agt_localization)
[113.444s] Level 1:colcon.colcon_core.environment:checking '/home/yangxuan/agt_navigation_runtime/install/agt_localization' for CMake module files
[113.445s] DEBUG:colcon.colcon_core.event_handler.log_command:Invoked command in '/home/yangxuan/agt_navigation_runtime/build/agt_localization' returned '0': AMENT_PREFIX_PATH=/home/yangxuan/agt_navigation_runtime/install/relocalization_core:/home/yangxuan/agt_navigation_runtime/install/ndt_omp_ros2:/home/yangxuan/agt_navigation_runtime/install/agt_interfaces:${AMENT_PREFIX_PATH} CMAKE_PREFIX_PATH=/home/yangxuan/agt_navigation_runtime/install/relocalization_core:/home/yangxuan/agt_navigation_runtime/install/ndt_omp_ros2:/home/yangxuan/agt_navigation_runtime/install/agt_interfaces:/opt/ros/humble LD_LIBRARY_PATH=/home/yangxuan/agt_navigation_runtime/install/relocalization_core/lib:/home/yangxuan/agt_navigation_runtime/install/ndt_omp_ros2/lib:/home/yangxuan/agt_navigation_runtime/install/agt_interfaces/lib:/usr/lib/x86_64-linux-gnu/gazebo-11/plugins:/opt/ros/humble/opt/rviz_ogre_vendor/lib:/opt/ros/humble/lib/x86_64-linux-gnu:/opt/ros/humble/opt/ortools_vendor/lib:/opt/ros/humble/opt/openvdb_vendor/lib:/opt/ros/humble/lib PYTHONPATH=/home/yangxuan/agt_navigation_runtime/install/agt_interfaces/local/lib/python3.10/dist-packages:${PYTHONPATH} /usr/bin/cmake --install /home/yangxuan/agt_navigation_runtime/build/agt_localization
[113.445s] Level 1:colcon.colcon_core.environment:checking '/home/yangxuan/agt_navigation_runtime/install/agt_localization' for CMake config files
[113.446s] Level 1:colcon.colcon_core.shell:create_environment_hook('agt_localization', 'cmake_prefix_path')
[113.446s] INFO:colcon.colcon_core.shell:Creating environment hook '/home/yangxuan/agt_navigation_runtime/install/agt_localization/share/agt_localization/hook/cmake_prefix_path.ps1'
[113.447s] INFO:colcon.colcon_core.shell:Creating environment descriptor '/home/yangxuan/agt_navigation_runtime/install/agt_localization/share/agt_localization/hook/cmake_prefix_path.dsv'
[113.447s] INFO:colcon.colcon_core.shell:Creating environment hook '/home/yangxuan/agt_navigation_runtime/install/agt_localization/share/agt_localization/hook/cmake_prefix_path.sh'
[113.447s] Level 1:colcon.colcon_core.environment:checking '/home/yangxuan/agt_navigation_runtime/install/agt_localization/lib'
[113.448s] Level 1:colcon.colcon_core.environment:checking '/home/yangxuan/agt_navigation_runtime/install/agt_localization/bin'
[113.448s] Level 1:colcon.colcon_core.environment:checking '/home/yangxuan/agt_navigation_runtime/install/agt_localization/lib/pkgconfig/agt_localization.pc'
[113.448s] Level 1:colcon.colcon_core.environment:checking '/home/yangxuan/agt_navigation_runtime/install/agt_localization/lib/python3.10/site-packages'
[113.448s] Level 1:colcon.colcon_core.environment:checking '/home/yangxuan/agt_navigation_runtime/install/agt_localization/bin'
[113.449s] INFO:colcon.colcon_core.shell:Creating package script '/home/yangxuan/agt_navigation_runtime/install/agt_localization/share/agt_localization/package.ps1'
[113.449s] INFO:colcon.colcon_core.shell:Creating package descriptor '/home/yangxuan/agt_navigation_runtime/install/agt_localization/share/agt_localization/package.dsv'
[113.450s] INFO:colcon.colcon_core.shell:Creating package script '/home/yangxuan/agt_navigation_runtime/install/agt_localization/share/agt_localization/package.sh'
[113.450s] INFO:colcon.colcon_core.shell:Creating package script '/home/yangxuan/agt_navigation_runtime/install/agt_localization/share/agt_localization/package.bash'
[113.451s] INFO:colcon.colcon_core.shell:Creating package script '/home/yangxuan/agt_navigation_runtime/install/agt_localization/share/agt_localization/package.zsh'
[113.451s] Level 1:colcon.colcon_core.environment:create_file_with_runtime_dependencies(/home/yangxuan/agt_navigation_runtime/install/agt_localization/share/colcon-core/packages/agt_localization)
[113.452s] Level 1:colcon.colcon_core.environment:create_environment_scripts_only(agt_localization)
[113.452s] Level 1:colcon.colcon_core.environment:checking '/home/yangxuan/agt_navigation_runtime/install/agt_localization' for CMake module files
[113.453s] Level 1:colcon.colcon_core.environment:checking '/home/yangxuan/agt_navigation_runtime/install/agt_localization' for CMake config files
[113.453s] Level 1:colcon.colcon_core.shell:create_environment_hook('agt_localization', 'cmake_prefix_path')
[113.453s] INFO:colcon.colcon_core.shell:Creating environment hook '/home/yangxuan/agt_navigation_runtime/install/agt_localization/share/agt_localization/hook/cmake_prefix_path.ps1'
[113.454s] INFO:colcon.colcon_core.shell:Creating environment descriptor '/home/yangxuan/agt_navigation_runtime/install/agt_localization/share/agt_localization/hook/cmake_prefix_path.dsv'
[113.454s] INFO:colcon.colcon_core.shell:Creating environment hook '/home/yangxuan/agt_navigation_runtime/install/agt_localization/share/agt_localization/hook/cmake_prefix_path.sh'
[113.455s] Level 1:colcon.colcon_core.environment:checking '/home/yangxuan/agt_navigation_runtime/install/agt_localization/lib'
[113.455s] Level 1:colcon.colcon_core.environment:checking '/home/yangxuan/agt_navigation_runtime/install/agt_localization/bin'
[113.455s] Level 1:colcon.colcon_core.environment:checking '/home/yangxuan/agt_navigation_runtime/install/agt_localization/lib/pkgconfig/agt_localization.pc'
[113.455s] Level 1:colcon.colcon_core.environment:checking '/home/yangxuan/agt_navigation_runtime/install/agt_localization/lib/python3.10/site-packages'
[113.456s] Level 1:colcon.colcon_core.environment:checking '/home/yangxuan/agt_navigation_runtime/install/agt_localization/bin'
[113.456s] INFO:colcon.colcon_core.shell:Creating package script '/home/yangxuan/agt_navigation_runtime/install/agt_localization/share/agt_localization/package.ps1'
[113.457s] INFO:colcon.colcon_core.shell:Creating package descriptor '/home/yangxuan/agt_navigation_runtime/install/agt_localization/share/agt_localization/package.dsv'
[113.457s] INFO:colcon.colcon_core.shell:Creating package script '/home/yangxuan/agt_navigation_runtime/install/agt_localization/share/agt_localization/package.sh'
[113.458s] INFO:colcon.colcon_core.shell:Creating package script '/home/yangxuan/agt_navigation_runtime/install/agt_localization/share/agt_localization/package.bash'
[113.458s] INFO:colcon.colcon_core.shell:Creating package script '/home/yangxuan/agt_navigation_runtime/install/agt_localization/share/agt_localization/package.zsh'
[113.459s] Level 1:colcon.colcon_core.environment:create_file_with_runtime_dependencies(/home/yangxuan/agt_navigation_runtime/install/agt_localization/share/colcon-core/packages/agt_localization)
[124.422s] DEBUG:colcon.colcon_core.event_handler.log_command:Invoked command in '/home/yangxuan/agt_navigation_runtime/build/fast_livo' returned '0': AMENT_PREFIX_PATH=/home/yangxuan/agt_navigation_runtime/install/vikit_ros:/home/yangxuan/agt_navigation_runtime/install/vikit_common:/home/yangxuan/agt_navigation_runtime/install/livox_ros_driver2:${AMENT_PREFIX_PATH} CMAKE_PREFIX_PATH=/home/yangxuan/agt_navigation_runtime/install/vikit_ros:/home/yangxuan/agt_navigation_runtime/install/vikit_common:/home/yangxuan/agt_navigation_runtime/install/livox_ros_driver2:/opt/ros/humble LD_LIBRARY_PATH=/home/yangxuan/agt_navigation_runtime/install/vikit_ros/lib:/home/yangxuan/agt_navigation_runtime/install/vikit_common/lib:/home/yangxuan/agt_navigation_runtime/install/livox_ros_driver2/lib:/usr/lib/x86_64-linux-gnu/gazebo-11/plugins:/opt/ros/humble/opt/rviz_ogre_vendor/lib:/opt/ros/humble/lib/x86_64-linux-gnu:/opt/ros/humble/opt/ortools_vendor/lib:/opt/ros/humble/opt/openvdb_vendor/lib:/opt/ros/humble/lib PYTHONPATH=/home/yangxuan/agt_navigation_runtime/install/livox_ros_driver2/local/lib/python3.10/dist-packages:${PYTHONPATH} /usr/bin/cmake --build /home/yangxuan/agt_navigation_runtime/build/fast_livo -- -j32 -l32
[124.424s] DEBUG:colcon.colcon_core.event_handler.log_command:Invoking command in '/home/yangxuan/agt_navigation_runtime/build/fast_livo': AMENT_PREFIX_PATH=/home/yangxuan/agt_navigation_runtime/install/vikit_ros:/home/yangxuan/agt_navigation_runtime/install/vikit_common:/home/yangxuan/agt_navigation_runtime/install/livox_ros_driver2:${AMENT_PREFIX_PATH} CMAKE_PREFIX_PATH=/home/yangxuan/agt_navigation_runtime/install/vikit_ros:/home/yangxuan/agt_navigation_runtime/install/vikit_common:/home/yangxuan/agt_navigation_runtime/install/livox_ros_driver2:/opt/ros/humble LD_LIBRARY_PATH=/home/yangxuan/agt_navigation_runtime/install/vikit_ros/lib:/home/yangxuan/agt_navigation_runtime/install/vikit_common/lib:/home/yangxuan/agt_navigation_runtime/install/livox_ros_driver2/lib:/usr/lib/x86_64-linux-gnu/gazebo-11/plugins:/opt/ros/humble/opt/rviz_ogre_vendor/lib:/opt/ros/humble/lib/x86_64-linux-gnu:/opt/ros/humble/opt/ortools_vendor/lib:/opt/ros/humble/opt/openvdb_vendor/lib:/opt/ros/humble/lib PYTHONPATH=/home/yangxuan/agt_navigation_runtime/install/livox_ros_driver2/local/lib/python3.10/dist-packages:${PYTHONPATH} /usr/bin/cmake --install /home/yangxuan/agt_navigation_runtime/build/fast_livo
[124.640s] Level 1:colcon.colcon_core.environment:create_environment_scripts_only(fast_livo)
[124.641s] Level 1:colcon.colcon_core.environment:checking '/home/yangxuan/agt_navigation_runtime/install/fast_livo' for CMake module files
[124.642s] DEBUG:colcon.colcon_core.event_handler.log_command:Invoked command in '/home/yangxuan/agt_navigation_runtime/build/fast_livo' returned '0': AMENT_PREFIX_PATH=/home/yangxuan/agt_navigation_runtime/install/vikit_ros:/home/yangxuan/agt_navigation_runtime/install/vikit_common:/home/yangxuan/agt_navigation_runtime/install/livox_ros_driver2:${AMENT_PREFIX_PATH} CMAKE_PREFIX_PATH=/home/yangxuan/agt_navigation_runtime/install/vikit_ros:/home/yangxuan/agt_navigation_runtime/install/vikit_common:/home/yangxuan/agt_navigation_runtime/install/livox_ros_driver2:/opt/ros/humble LD_LIBRARY_PATH=/home/yangxuan/agt_navigation_runtime/install/vikit_ros/lib:/home/yangxuan/agt_navigation_runtime/install/vikit_common/lib:/home/yangxuan/agt_navigation_runtime/install/livox_ros_driver2/lib:/usr/lib/x86_64-linux-gnu/gazebo-11/plugins:/opt/ros/humble/opt/rviz_ogre_vendor/lib:/opt/ros/humble/lib/x86_64-linux-gnu:/opt/ros/humble/opt/ortools_vendor/lib:/opt/ros/humble/opt/openvdb_vendor/lib:/opt/ros/humble/lib PYTHONPATH=/home/yangxuan/agt_navigation_runtime/install/livox_ros_driver2/local/lib/python3.10/dist-packages:${PYTHONPATH} /usr/bin/cmake --install /home/yangxuan/agt_navigation_runtime/build/fast_livo
[124.643s] Level 1:colcon.colcon_core.environment:checking '/home/yangxuan/agt_navigation_runtime/install/fast_livo' for CMake config files
[124.643s] Level 1:colcon.colcon_core.shell:create_environment_hook('fast_livo', 'cmake_prefix_path')
[124.643s] INFO:colcon.colcon_core.shell:Creating environment hook '/home/yangxuan/agt_navigation_runtime/install/fast_livo/share/fast_livo/hook/cmake_prefix_path.ps1'
[124.644s] INFO:colcon.colcon_core.shell:Creating environment descriptor '/home/yangxuan/agt_navigation_runtime/install/fast_livo/share/fast_livo/hook/cmake_prefix_path.dsv'
[124.645s] INFO:colcon.colcon_core.shell:Creating environment hook '/home/yangxuan/agt_navigation_runtime/install/fast_livo/share/fast_livo/hook/cmake_prefix_path.sh'
[124.646s] Level 1:colcon.colcon_core.environment:checking '/home/yangxuan/agt_navigation_runtime/install/fast_livo/lib'
[124.646s] Level 1:colcon.colcon_core.environment:checking '/home/yangxuan/agt_navigation_runtime/install/fast_livo/bin'
[124.646s] Level 1:colcon.colcon_core.environment:checking '/home/yangxuan/agt_navigation_runtime/install/fast_livo/lib/pkgconfig/fast_livo.pc'
[124.647s] Level 1:colcon.colcon_core.environment:checking '/home/yangxuan/agt_navigation_runtime/install/fast_livo/lib/python3.10/site-packages'
[124.647s] Level 1:colcon.colcon_core.environment:checking '/home/yangxuan/agt_navigation_runtime/install/fast_livo/bin'
[124.648s] INFO:colcon.colcon_core.shell:Creating package script '/home/yangxuan/agt_navigation_runtime/install/fast_livo/share/fast_livo/package.ps1'
[124.649s] INFO:colcon.colcon_core.shell:Creating package descriptor '/home/yangxuan/agt_navigation_runtime/install/fast_livo/share/fast_livo/package.dsv'
[124.650s] INFO:colcon.colcon_core.shell:Creating package script '/home/yangxuan/agt_navigation_runtime/install/fast_livo/share/fast_livo/package.sh'
[124.651s] INFO:colcon.colcon_core.shell:Creating package script '/home/yangxuan/agt_navigation_runtime/install/fast_livo/share/fast_livo/package.bash'
[124.651s] INFO:colcon.colcon_core.shell:Creating package script '/home/yangxuan/agt_navigation_runtime/install/fast_livo/share/fast_livo/package.zsh'
[124.652s] Level 1:colcon.colcon_core.environment:create_file_with_runtime_dependencies(/home/yangxuan/agt_navigation_runtime/install/fast_livo/share/colcon-core/packages/fast_livo)
[124.653s] Level 1:colcon.colcon_core.environment:create_environment_scripts_only(fast_livo)
[124.653s] Level 1:colcon.colcon_core.environment:checking '/home/yangxuan/agt_navigation_runtime/install/fast_livo' for CMake module files
[124.654s] Level 1:colcon.colcon_core.environment:checking '/home/yangxuan/agt_navigation_runtime/install/fast_livo' for CMake config files
[124.654s] Level 1:colcon.colcon_core.shell:create_environment_hook('fast_livo', 'cmake_prefix_path')
[124.654s] INFO:colcon.colcon_core.shell:Creating environment hook '/home/yangxuan/agt_navigation_runtime/install/fast_livo/share/fast_livo/hook/cmake_prefix_path.ps1'
[124.654s] INFO:colcon.colcon_core.shell:Creating environment descriptor '/home/yangxuan/agt_navigation_runtime/install/fast_livo/share/fast_livo/hook/cmake_prefix_path.dsv'
[124.655s] INFO:colcon.colcon_core.shell:Creating environment hook '/home/yangxuan/agt_navigation_runtime/install/fast_livo/share/fast_livo/hook/cmake_prefix_path.sh'
[124.655s] Level 1:colcon.colcon_core.environment:checking '/home/yangxuan/agt_navigation_runtime/install/fast_livo/lib'
[124.655s] Level 1:colcon.colcon_core.environment:checking '/home/yangxuan/agt_navigation_runtime/install/fast_livo/bin'
[124.655s] Level 1:colcon.colcon_core.environment:checking '/home/yangxuan/agt_navigation_runtime/install/fast_livo/lib/pkgconfig/fast_livo.pc'
[124.655s] Level 1:colcon.colcon_core.environment:checking '/home/yangxuan/agt_navigation_runtime/install/fast_livo/lib/python3.10/site-packages'
[124.656s] Level 1:colcon.colcon_core.environment:checking '/home/yangxuan/agt_navigation_runtime/install/fast_livo/bin'
[124.656s] INFO:colcon.colcon_core.shell:Creating package script '/home/yangxuan/agt_navigation_runtime/install/fast_livo/share/fast_livo/package.ps1'
[124.656s] INFO:colcon.colcon_core.shell:Creating package descriptor '/home/yangxuan/agt_navigation_runtime/install/fast_livo/share/fast_livo/package.dsv'
[124.657s] INFO:colcon.colcon_core.shell:Creating package script '/home/yangxuan/agt_navigation_runtime/install/fast_livo/share/fast_livo/package.sh'
[124.657s] INFO:colcon.colcon_core.shell:Creating package script '/home/yangxuan/agt_navigation_runtime/install/fast_livo/share/fast_livo/package.bash'
[124.657s] INFO:colcon.colcon_core.shell:Creating package script '/home/yangxuan/agt_navigation_runtime/install/fast_livo/share/fast_livo/package.zsh'
[124.658s] Level 1:colcon.colcon_core.environment:create_file_with_runtime_dependencies(/home/yangxuan/agt_navigation_runtime/install/fast_livo/share/colcon-core/packages/fast_livo)
[124.658s] DEBUG:colcon.colcon_parallel_executor.executor.parallel:closing loop
[124.658s] DEBUG:colcon.colcon_parallel_executor.executor.parallel:loop closed
[124.658s] DEBUG:colcon.colcon_parallel_executor.executor.parallel:run_until_complete finished with '0'
[124.658s] DEBUG:colcon.colcon_core.event_reactor:joining thread
[124.672s] INFO:colcon.colcon_core.plugin_system:Skipping extension 'colcon_notification.desktop_notification.terminal_notifier': Not used on non-Darwin systems
[124.672s] INFO:colcon.colcon_core.plugin_system:Skipping extension 'colcon_notification.desktop_notification.win32': Not used on non-Windows systems
[124.672s] INFO:colcon.colcon_notification.desktop_notification:Sending desktop notification using 'notify2'
[124.686s] DEBUG:colcon.colcon_core.event_reactor:joined thread
[124.686s] INFO:colcon.colcon_core.shell:Creating prefix script '/home/yangxuan/agt_navigation_runtime/install/local_setup.ps1'
[124.687s] INFO:colcon.colcon_core.shell:Creating prefix util module '/home/yangxuan/agt_navigation_runtime/install/_local_setup_util_ps1.py'
[124.689s] INFO:colcon.colcon_core.shell:Creating prefix chain script '/home/yangxuan/agt_navigation_runtime/install/setup.ps1'
[124.690s] INFO:colcon.colcon_core.shell:Creating prefix script '/home/yangxuan/agt_navigation_runtime/install/local_setup.sh'
[124.691s] INFO:colcon.colcon_core.shell:Creating prefix util module '/home/yangxuan/agt_navigation_runtime/install/_local_setup_util_sh.py'
[124.691s] INFO:colcon.colcon_core.shell:Creating prefix chain script '/home/yangxuan/agt_navigation_runtime/install/setup.sh'
[124.692s] INFO:colcon.colcon_core.shell:Creating prefix script '/home/yangxuan/agt_navigation_runtime/install/local_setup.bash'
[124.692s] INFO:colcon.colcon_core.shell:Creating prefix chain script '/home/yangxuan/agt_navigation_runtime/install/setup.bash'
[124.693s] INFO:colcon.colcon_core.shell:Creating prefix script '/home/yangxuan/agt_navigation_runtime/install/local_setup.zsh'
[124.694s] INFO:colcon.colcon_core.shell:Creating prefix chain script '/home/yangxuan/agt_navigation_runtime/install/setup.zsh'
