-- The C compiler identification is GNU 11.4.0
-- The CXX compiler identification is GNU 11.4.0
-- Detecting C compiler ABI info
-- Detecting C compiler ABI info - done
-- Check for working C compiler: /usr/bin/cc - skipped
-- Detecting C compile features
-- Detecting C compile features - done
-- Detecting CXX compiler ABI info
-- Detecting CXX compiler ABI info - done
-- Check for working CXX compiler: /usr/bin/c++ - skipped
-- Detecting CXX compile features
-- Detecting CXX compile features - done
-- Found ament_cmake: 1.3.14 (/opt/ros/humble/share/ament_cmake/cmake)
-- Found Python3: /usr/bin/python3 (found version "3.10.12") found components: Interpreter 
-- Override CMake install command with custom implementation using symlinks instead of copying resources
-- Found action_msgs: 1.2.2 (/opt/ros/humble/share/action_msgs/cmake)
-- Found rosidl_generator_c: 3.1.8 (/opt/ros/humble/share/rosidl_generator_c/cmake)
-- Found rosidl_adapter: 3.1.8 (/opt/ros/humble/share/rosidl_adapter/cmake)
-- Found rosidl_generator_cpp: 3.1.8 (/opt/ros/humble/share/rosidl_generator_cpp/cmake)
-- Using all available rosidl_typesupport_c: rosidl_typesupport_fastrtps_c;rosidl_typesupport_introspection_c
-- Using all available rosidl_typesupport_cpp: rosidl_typesupport_fastrtps_cpp;rosidl_typesupport_introspection_cpp
-- Found geometry_msgs: 4.9.1 (/opt/ros/humble/share/geometry_msgs/cmake)
-- Found nav_msgs: 4.9.1 (/opt/ros/humble/share/nav_msgs/cmake)
-- Found rosidl_default_generators: 1.2.1 (/opt/ros/humble/share/rosidl_default_generators/cmake)
-- Found ament_cmake_ros: 0.10.0 (/opt/ros/humble/share/ament_cmake_ros/cmake)
-- Using all available rosidl_typesupport_c: rosidl_typesupport_fastrtps_c;rosidl_typesupport_introspection_c
-- Using all available rosidl_typesupport_cpp: rosidl_typesupport_fastrtps_cpp;rosidl_typesupport_introspection_cpp
-- Found PythonInterp: /usr/bin/python3 (found suitable version "3.10.12", minimum required is "3.6") 
-- Found python_cmake_module: 0.10.0 (/opt/ros/humble/share/python_cmake_module/cmake)
-- Found PythonLibs: /usr/lib/x86_64-linux-gnu/libpython3.10.so (found suitable version "3.10.12", minimum required is "3.5") 
-- Using PYTHON_EXECUTABLE: /usr/bin/python3
-- Using PYTHON_INCLUDE_DIRS: /usr/include/python3.10
-- Using PYTHON_LIBRARIES: /usr/lib/x86_64-linux-gnu/libpython3.10.so
-- Found PythonExtra: .so  
-- Found gtest sources under '/opt/ros/humble/src/gtest_vendor': C++ tests using 'Google Test' will be built
-- Looking for pthread.h
-- Looking for pthread.h - found
-- Performing Test CMAKE_HAVE_LIBC_PTHREAD
-- Performing Test CMAKE_HAVE_LIBC_PTHREAD - Success
-- Found Threads: TRUE  
-- Configuring done
-- Generating done
-- Build files have been written to: /home/yangxuan/agt_navigation_runtime/build/agt_interfaces
[  0%] [34m[1mGenerating C code for ROS interfaces[0m
[  0%] [32mBuilding CXX object gtest/CMakeFiles/gtest_main.dir/src/gtest_main.cc.o[0m
[  0%] [34m[1mGenerating Rust code for ROS interfaces[0m
[  1%] [32mBuilding CXX object gtest/CMakeFiles/gtest.dir/src/gtest-all.cc.o[0m
[  1%] [34m[1mGenerating C++ code for ROS interfaces[0m
[  1%] Built target ament_cmake_python_symlink_agt_interfaces
running egg_info
creating agt_interfaces.egg-info
writing agt_interfaces.egg-info/PKG-INFO
writing dependency_links to agt_interfaces.egg-info/dependency_links.txt
writing top-level names to agt_interfaces.egg-info/top_level.txt
writing manifest file 'agt_interfaces.egg-info/SOURCES.txt'
reading manifest file 'agt_interfaces.egg-info/SOURCES.txt'
writing manifest file 'agt_interfaces.egg-info/SOURCES.txt'
[  1%] Built target ament_cmake_python_build_agt_interfaces_egg
[  2%] [32m[1mLinking CXX static library libgtest_main.a[0m
[  2%] Built target gtest_main
[  2%] Built target agt_interfaces__rs
[  2%] [32m[1mLinking CXX static library libgtest.a[0m
[  2%] Built target gtest
[  4%] [32mBuilding C object CMakeFiles/agt_interfaces__rosidl_generator_c.dir/rosidl_generator_c/agt_interfaces/msg/detail/component_health__functions.c.o[0m
[  4%] [32mBuilding C object CMakeFiles/agt_interfaces__rosidl_generator_c.dir/rosidl_generator_c/agt_interfaces/msg/detail/mission_event__functions.c.o[0m
[  4%] [32mBuilding C object CMakeFiles/agt_interfaces__rosidl_generator_c.dir/rosidl_generator_c/agt_interfaces/msg/detail/map_version_summary__functions.c.o[0m
[  5%] [32mBuilding C object CMakeFiles/agt_interfaces__rosidl_generator_c.dir/rosidl_generator_c/agt_interfaces/msg/detail/bag_session_summary__functions.c.o[0m
[  5%] [32mBuilding C object CMakeFiles/agt_interfaces__rosidl_generator_c.dir/rosidl_generator_c/agt_interfaces/msg/detail/mission_status__functions.c.o[0m
[  5%] [32mBuilding C object CMakeFiles/agt_interfaces__rosidl_generator_c.dir/rosidl_generator_c/agt_interfaces/msg/detail/localization_status__functions.c.o[0m
[  5%] [32mBuilding C object CMakeFiles/agt_interfaces__rosidl_generator_c.dir/rosidl_generator_c/agt_interfaces/msg/detail/navigation_session_status__functions.c.o[0m
[  5%] [32mBuilding C object CMakeFiles/agt_interfaces__rosidl_generator_c.dir/rosidl_generator_c/agt_interfaces/msg/detail/robot_state__functions.c.o[0m
[  6%] [32mBuilding C object CMakeFiles/agt_interfaces__rosidl_generator_c.dir/rosidl_generator_c/agt_interfaces/msg/detail/semantic_waypoint_array__functions.c.o[0m
[  7%] [32mBuilding C object CMakeFiles/agt_interfaces__rosidl_generator_c.dir/rosidl_generator_c/agt_interfaces/srv/detail/evaluate_task_readiness__functions.c.o[0m
[  7%] [32mBuilding C object CMakeFiles/agt_interfaces__rosidl_generator_c.dir/rosidl_generator_c/agt_interfaces/msg/detail/experiment_summary__functions.c.o[0m
[  7%] [32mBuilding C object CMakeFiles/agt_interfaces__rosidl_generator_c.dir/rosidl_generator_c/agt_interfaces/msg/detail/task_readiness__functions.c.o[0m
[  7%] [32mBuilding C object CMakeFiles/agt_interfaces__rosidl_generator_c.dir/rosidl_generator_c/agt_interfaces/msg/detail/semantic_waypoint__functions.c.o[0m
[  7%] [32mBuilding C object CMakeFiles/agt_interfaces__rosidl_generator_c.dir/rosidl_generator_c/agt_interfaces/msg/detail/system_health__functions.c.o[0m
[  7%] [32mBuilding C object CMakeFiles/agt_interfaces__rosidl_generator_c.dir/rosidl_generator_c/agt_interfaces/srv/detail/get_system_health__functions.c.o[0m
[  7%] [32mBuilding C object CMakeFiles/agt_interfaces__rosidl_generator_c.dir/rosidl_generator_c/agt_interfaces/srv/detail/get_robot_state__functions.c.o[0m
[  8%] [32mBuilding C object CMakeFiles/agt_interfaces__rosidl_generator_c.dir/rosidl_generator_c/agt_interfaces/srv/detail/set_mission_run_state__functions.c.o[0m
[  8%] [32mBuilding C object CMakeFiles/agt_interfaces__rosidl_generator_c.dir/rosidl_generator_c/agt_interfaces/srv/detail/list_map_versions__functions.c.o[0m
[  8%] [32mBuilding C object CMakeFiles/agt_interfaces__rosidl_generator_c.dir/rosidl_generator_c/agt_interfaces/srv/detail/activate_map_version__functions.c.o[0m
[  8%] [32mBuilding C object CMakeFiles/agt_interfaces__rosidl_generator_c.dir/rosidl_generator_c/agt_interfaces/srv/detail/manage_map_version__functions.c.o[0m
[  9%] [32mBuilding C object CMakeFiles/agt_interfaces__rosidl_generator_c.dir/rosidl_generator_c/agt_interfaces/srv/detail/list_task_groups__functions.c.o[0m
[  9%] [32mBuilding C object CMakeFiles/agt_interfaces__rosidl_generator_c.dir/rosidl_generator_c/agt_interfaces/srv/detail/get_navigation_session__functions.c.o[0m
[  9%] [32mBuilding C object CMakeFiles/agt_interfaces__rosidl_generator_c.dir/rosidl_generator_c/agt_interfaces/srv/detail/get_task_group__functions.c.o[0m
[  9%] [32mBuilding C object CMakeFiles/agt_interfaces__rosidl_generator_c.dir/rosidl_generator_c/agt_interfaces/srv/detail/put_task_group__functions.c.o[0m
[  9%] [32mBuilding C object CMakeFiles/agt_interfaces__rosidl_generator_c.dir/rosidl_generator_c/agt_interfaces/srv/detail/manage_bag_session__functions.c.o[0m
[ 10%] [32mBuilding C object CMakeFiles/agt_interfaces__rosidl_generator_c.dir/rosidl_generator_c/agt_interfaces/srv/detail/list_experiments__functions.c.o[0m
[ 12%] [32mBuilding C object CMakeFiles/agt_interfaces__rosidl_generator_c.dir/rosidl_generator_c/agt_interfaces/action/detail/relocalize__functions.c.o[0m
[ 12%] [32mBuilding C object CMakeFiles/agt_interfaces__rosidl_generator_c.dir/rosidl_generator_c/agt_interfaces/srv/detail/list_bag_sessions__functions.c.o[0m
[ 12%] [32mBuilding C object CMakeFiles/agt_interfaces__rosidl_generator_c.dir/rosidl_generator_c/agt_interfaces/srv/detail/archive_task_group__functions.c.o[0m
[ 12%] [32mBuilding C object CMakeFiles/agt_interfaces__rosidl_generator_c.dir/rosidl_generator_c/agt_interfaces/srv/detail/set_localization_mode__functions.c.o[0m
[ 12%] [32mBuilding C object CMakeFiles/agt_interfaces__rosidl_generator_c.dir/rosidl_generator_c/agt_interfaces/action/detail/change_system_mode__functions.c.o[0m
[ 13%] [32mBuilding C object CMakeFiles/agt_interfaces__rosidl_generator_c.dir/rosidl_generator_c/agt_interfaces/action/detail/execute_waypoint_task__functions.c.o[0m
[ 13%] [32mBuilding C object CMakeFiles/agt_interfaces__rosidl_generator_c.dir/rosidl_generator_c/agt_interfaces/action/detail/manage_mapping_session__functions.c.o[0m
[ 13%] [32mBuilding C object CMakeFiles/agt_interfaces__rosidl_generator_c.dir/rosidl_generator_c/agt_interfaces/action/detail/execute_coverage_task__functions.c.o[0m
[ 13%] [32mBuilding C object CMakeFiles/agt_interfaces__rosidl_generator_c.dir/rosidl_generator_c/agt_interfaces/action/detail/optimize_map__functions.c.o[0m
[ 13%] [32mBuilding C object CMakeFiles/agt_interfaces__rosidl_generator_c.dir/rosidl_generator_c/agt_interfaces/action/detail/execute_mission__functions.c.o[0m
[ 14%] [32mBuilding C object CMakeFiles/agt_interfaces__rosidl_generator_c.dir/rosidl_generator_c/agt_interfaces/action/detail/execute_behavior_tree__functions.c.o[0m
[ 14%] [32m[1mLinking C shared library libagt_interfaces__rosidl_generator_c.so[0m
[ 14%] Built target agt_interfaces__rosidl_generator_c
[ 14%] [34m[1mGenerating C introspection for ROS interfaces[0m
[ 15%] [34m[1mGenerating C type support dispatch for ROS interfaces[0m
[ 15%] [34m[1mGenerating C type support for eProsima Fast-RTPS[0m
[ 15%] Built target agt_interfaces__cpp
[ 15%] [34m[1mGenerating C++ type support dispatch for ROS interfaces[0m
[ 15%] [34m[1mGenerating C++ type support for eProsima Fast-RTPS[0m
[ 16%] [34m[1mGenerating C++ introspection for ROS interfaces[0m
[ 17%] [32mBuilding CXX object CMakeFiles/agt_interfaces__rosidl_typesupport_c.dir/rosidl_typesupport_c/agt_interfaces/msg/component_health__type_support.cpp.o[0m
[ 17%] [32mBuilding CXX object CMakeFiles/agt_interfaces__rosidl_typesupport_c.dir/rosidl_typesupport_c/agt_interfaces/msg/mission_status__type_support.cpp.o[0m
[ 17%] [32mBuilding CXX object CMakeFiles/agt_interfaces__rosidl_typesupport_c.dir/rosidl_typesupport_c/agt_interfaces/msg/mission_event__type_support.cpp.o[0m
[ 17%] [32mBuilding CXX object CMakeFiles/agt_interfaces__rosidl_typesupport_c.dir/rosidl_typesupport_c/agt_interfaces/msg/localization_status__type_support.cpp.o[0m
[ 17%] [32mBuilding CXX object CMakeFiles/agt_interfaces__rosidl_typesupport_c.dir/rosidl_typesupport_c/agt_interfaces/msg/map_version_summary__type_support.cpp.o[0m
[ 18%] [32mBuilding CXX object CMakeFiles/agt_interfaces__rosidl_typesupport_c.dir/rosidl_typesupport_c/agt_interfaces/msg/navigation_session_status__type_support.cpp.o[0m
[ 18%] [32mBuilding CXX object CMakeFiles/agt_interfaces__rosidl_typesupport_c.dir/rosidl_typesupport_c/agt_interfaces/msg/bag_session_summary__type_support.cpp.o[0m
[ 18%] [32mBuilding CXX object CMakeFiles/agt_interfaces__rosidl_typesupport_c.dir/rosidl_typesupport_c/agt_interfaces/msg/experiment_summary__type_support.cpp.o[0m
[ 18%] [32mBuilding CXX object CMakeFiles/agt_interfaces__rosidl_typesupport_c.dir/rosidl_typesupport_c/agt_interfaces/msg/semantic_waypoint_array__type_support.cpp.o[0m
[ 18%] [32mBuilding CXX object CMakeFiles/agt_interfaces__rosidl_typesupport_c.dir/rosidl_typesupport_c/agt_interfaces/msg/robot_state__type_support.cpp.o[0m
[ 19%] [32mBuilding CXX object CMakeFiles/agt_interfaces__rosidl_typesupport_c.dir/rosidl_typesupport_c/agt_interfaces/msg/semantic_waypoint__type_support.cpp.o[0m
[ 20%] [32mBuilding CXX object CMakeFiles/agt_interfaces__rosidl_typesupport_c.dir/rosidl_typesupport_c/agt_interfaces/msg/task_readiness__type_support.cpp.o[0m
[ 20%] [32mBuilding CXX object CMakeFiles/agt_interfaces__rosidl_typesupport_c.dir/rosidl_typesupport_c/agt_interfaces/srv/get_system_health__type_support.cpp.o[0m
[ 20%] [32mBuilding CXX object CMakeFiles/agt_interfaces__rosidl_typesupport_c.dir/rosidl_typesupport_c/agt_interfaces/msg/system_health__type_support.cpp.o[0m
[ 20%] [32mBuilding CXX object CMakeFiles/agt_interfaces__rosidl_typesupport_c.dir/rosidl_typesupport_c/agt_interfaces/srv/evaluate_task_readiness__type_support.cpp.o[0m
[ 20%] [32mBuilding CXX object CMakeFiles/agt_interfaces__rosidl_typesupport_c.dir/rosidl_typesupport_c/agt_interfaces/srv/activate_map_version__type_support.cpp.o[0m
[ 20%] [32mBuilding CXX object CMakeFiles/agt_interfaces__rosidl_typesupport_c.dir/rosidl_typesupport_c/agt_interfaces/srv/set_mission_run_state__type_support.cpp.o[0m
[ 21%] [32mBuilding CXX object CMakeFiles/agt_interfaces__rosidl_typesupport_c.dir/rosidl_typesupport_c/agt_interfaces/srv/get_robot_state__type_support.cpp.o[0m
[ 22%] [32mBuilding CXX object CMakeFiles/agt_interfaces__rosidl_typesupport_c.dir/rosidl_typesupport_c/agt_interfaces/srv/list_map_versions__type_support.cpp.o[0m
[ 22%] [32mBuilding CXX object CMakeFiles/agt_interfaces__rosidl_typesupport_c.dir/rosidl_typesupport_c/agt_interfaces/srv/manage_map_version__type_support.cpp.o[0m
[ 22%] [32mBuilding CXX object CMakeFiles/agt_interfaces__rosidl_typesupport_c.dir/rosidl_typesupport_c/agt_interfaces/srv/list_task_groups__type_support.cpp.o[0m
[ 22%] [32mBuilding CXX object CMakeFiles/agt_interfaces__rosidl_typesupport_c.dir/rosidl_typesupport_c/agt_interfaces/srv/archive_task_group__type_support.cpp.o[0m
[ 22%] [32mBuilding CXX object CMakeFiles/agt_interfaces__rosidl_typesupport_c.dir/rosidl_typesupport_c/agt_interfaces/srv/list_experiments__type_support.cpp.o[0m
[ 22%] [32mBuilding CXX object CMakeFiles/agt_interfaces__rosidl_typesupport_c.dir/rosidl_typesupport_c/agt_interfaces/srv/get_task_group__type_support.cpp.o[0m
[ 23%] [32mBuilding CXX object CMakeFiles/agt_interfaces__rosidl_typesupport_c.dir/rosidl_typesupport_c/agt_interfaces/srv/put_task_group__type_support.cpp.o[0m
[ 23%] [32mBuilding CXX object CMakeFiles/agt_interfaces__rosidl_typesupport_c.dir/rosidl_typesupport_c/agt_interfaces/srv/get_navigation_session__type_support.cpp.o[0m
[ 24%] [32mBuilding CXX object CMakeFiles/agt_interfaces__rosidl_typesupport_c.dir/rosidl_typesupport_c/agt_interfaces/srv/list_bag_sessions__type_support.cpp.o[0m
[ 24%] [32mBuilding CXX object CMakeFiles/agt_interfaces__rosidl_typesupport_c.dir/rosidl_typesupport_c/agt_interfaces/action/relocalize__type_support.cpp.o[0m
[ 24%] [32mBuilding CXX object CMakeFiles/agt_interfaces__rosidl_typesupport_c.dir/rosidl_typesupport_c/agt_interfaces/srv/manage_bag_session__type_support.cpp.o[0m
[ 25%] [32mBuilding CXX object CMakeFiles/agt_interfaces__rosidl_typesupport_c.dir/rosidl_typesupport_c/agt_interfaces/srv/set_localization_mode__type_support.cpp.o[0m
[ 26%] [32mBuilding CXX object CMakeFiles/agt_interfaces__rosidl_typesupport_c.dir/rosidl_typesupport_c/agt_interfaces/action/execute_coverage_task__type_support.cpp.o[0m
[ 26%] [32mBuilding CXX object CMakeFiles/agt_interfaces__rosidl_typesupport_c.dir/rosidl_typesupport_c/agt_interfaces/action/change_system_mode__type_support.cpp.o[0m
[ 26%] [32mBuilding CXX object CMakeFiles/agt_interfaces__rosidl_typesupport_c.dir/rosidl_typesupport_c/agt_interfaces/action/execute_waypoint_task__type_support.cpp.o[0m
[ 26%] [32mBuilding CXX object CMakeFiles/agt_interfaces__rosidl_typesupport_c.dir/rosidl_typesupport_c/agt_interfaces/action/optimize_map__type_support.cpp.o[0m
[ 27%] [32mBuilding CXX object CMakeFiles/agt_interfaces__rosidl_typesupport_c.dir/rosidl_typesupport_c/agt_interfaces/action/execute_mission__type_support.cpp.o[0m
[ 27%] [32mBuilding CXX object CMakeFiles/agt_interfaces__rosidl_typesupport_c.dir/rosidl_typesupport_c/agt_interfaces/action/execute_behavior_tree__type_support.cpp.o[0m
[ 27%] [32mBuilding CXX object CMakeFiles/agt_interfaces__rosidl_typesupport_c.dir/rosidl_typesupport_c/agt_interfaces/action/manage_mapping_session__type_support.cpp.o[0m
[ 27%] [32m[1mLinking CXX shared library libagt_interfaces__rosidl_typesupport_c.so[0m
[ 27%] Built target agt_interfaces__rosidl_typesupport_c
[ 27%] [32mBuilding C object CMakeFiles/agt_interfaces__rosidl_typesupport_introspection_c.dir/rosidl_typesupport_introspection_c/agt_interfaces/msg/detail/localization_status__type_support.c.o[0m
[ 28%] [32mBuilding C object CMakeFiles/agt_interfaces__rosidl_typesupport_introspection_c.dir/rosidl_typesupport_introspection_c/agt_interfaces/msg/detail/map_version_summary__type_support.c.o[0m
[ 28%] [32mBuilding C object CMakeFiles/agt_interfaces__rosidl_typesupport_introspection_c.dir/rosidl_typesupport_introspection_c/agt_interfaces/msg/detail/mission_status__type_support.c.o[0m
[ 28%] [32mBuilding C object CMakeFiles/agt_interfaces__rosidl_typesupport_introspection_c.dir/rosidl_typesupport_introspection_c/agt_interfaces/msg/detail/mission_event__type_support.c.o[0m
[ 29%] [32mBuilding C object CMakeFiles/agt_interfaces__rosidl_typesupport_introspection_c.dir/rosidl_typesupport_introspection_c/agt_interfaces/msg/detail/component_health__type_support.c.o[0m
[ 29%] [32mBuilding C object CMakeFiles/agt_interfaces__rosidl_typesupport_introspection_c.dir/rosidl_typesupport_introspection_c/agt_interfaces/msg/detail/bag_session_summary__type_support.c.o[0m
[ 29%] [32mBuilding C object CMakeFiles/agt_interfaces__rosidl_typesupport_introspection_c.dir/rosidl_typesupport_introspection_c/agt_interfaces/msg/detail/robot_state__type_support.c.o[0m
[ 29%] [32mBuilding C object CMakeFiles/agt_interfaces__rosidl_typesupport_introspection_c.dir/rosidl_typesupport_introspection_c/agt_interfaces/msg/detail/navigation_session_status__type_support.c.o[0m
[ 30%] [32mBuilding C object CMakeFiles/agt_interfaces__rosidl_typesupport_introspection_c.dir/rosidl_typesupport_introspection_c/agt_interfaces/msg/detail/experiment_summary__type_support.c.o[0m
[ 31%] [32mBuilding C object CMakeFiles/agt_interfaces__rosidl_typesupport_introspection_c.dir/rosidl_typesupport_introspection_c/agt_interfaces/msg/detail/semantic_waypoint_array__type_support.c.o[0m
[ 31%] [32mBuilding C object CMakeFiles/agt_interfaces__rosidl_typesupport_introspection_c.dir/rosidl_typesupport_introspection_c/agt_interfaces/msg/detail/semantic_waypoint__type_support.c.o[0m
[ 31%] [32mBuilding C object CMakeFiles/agt_interfaces__rosidl_typesupport_introspection_c.dir/rosidl_typesupport_introspection_c/agt_interfaces/msg/detail/system_health__type_support.c.o[0m
[ 31%] [32mBuilding C object CMakeFiles/agt_interfaces__rosidl_typesupport_introspection_c.dir/rosidl_typesupport_introspection_c/agt_interfaces/srv/detail/evaluate_task_readiness__type_support.c.o[0m
[ 31%] [32mBuilding C object CMakeFiles/agt_interfaces__rosidl_typesupport_introspection_c.dir/rosidl_typesupport_introspection_c/agt_interfaces/msg/detail/task_readiness__type_support.c.o[0m
[ 32%] [32mBuilding C object CMakeFiles/agt_interfaces__rosidl_typesupport_introspection_c.dir/rosidl_typesupport_introspection_c/agt_interfaces/srv/detail/get_system_health__type_support.c.o[0m
[ 32%] [32mBuilding C object CMakeFiles/agt_interfaces__rosidl_typesupport_introspection_c.dir/rosidl_typesupport_introspection_c/agt_interfaces/srv/detail/get_robot_state__type_support.c.o[0m
[ 32%] [32mBuilding C object CMakeFiles/agt_interfaces__rosidl_typesupport_introspection_c.dir/rosidl_typesupport_introspection_c/agt_interfaces/srv/detail/set_mission_run_state__type_support.c.o[0m
[ 33%] [32mBuilding C object CMakeFiles/agt_interfaces__rosidl_typesupport_introspection_c.dir/rosidl_typesupport_introspection_c/agt_interfaces/srv/detail/activate_map_version__type_support.c.o[0m
[ 33%] [32mBuilding C object CMakeFiles/agt_interfaces__rosidl_typesupport_introspection_c.dir/rosidl_typesupport_introspection_c/agt_interfaces/srv/detail/list_map_versions__type_support.c.o[0m
[ 34%] [32mBuilding C object CMakeFiles/agt_interfaces__rosidl_typesupport_introspection_c.dir/rosidl_typesupport_introspection_c/agt_interfaces/srv/detail/list_task_groups__type_support.c.o[0m
[ 34%] [32mBuilding C object CMakeFiles/agt_interfaces__rosidl_typesupport_introspection_c.dir/rosidl_typesupport_introspection_c/agt_interfaces/srv/detail/manage_map_version__type_support.c.o[0m
[ 34%] [32mBuilding C object CMakeFiles/agt_interfaces__rosidl_typesupport_introspection_c.dir/rosidl_typesupport_introspection_c/agt_interfaces/srv/detail/list_experiments__type_support.c.o[0m
[ 35%] [32mBuilding C object CMakeFiles/agt_interfaces__rosidl_typesupport_introspection_c.dir/rosidl_typesupport_introspection_c/agt_interfaces/srv/detail/get_task_group__type_support.c.o[0m
[ 35%] [32mBuilding C object CMakeFiles/agt_interfaces__rosidl_typesupport_introspection_c.dir/rosidl_typesupport_introspection_c/agt_interfaces/srv/detail/archive_task_group__type_support.c.o[0m
[ 35%] [32mBuilding C object CMakeFiles/agt_interfaces__rosidl_typesupport_introspection_c.dir/rosidl_typesupport_introspection_c/agt_interfaces/srv/detail/get_navigation_session__type_support.c.o[0m
[ 35%] [32mBuilding C object CMakeFiles/agt_interfaces__rosidl_typesupport_introspection_c.dir/rosidl_typesupport_introspection_c/agt_interfaces/srv/detail/put_task_group__type_support.c.o[0m
[ 35%] [32mBuilding C object CMakeFiles/agt_interfaces__rosidl_typesupport_introspection_c.dir/rosidl_typesupport_introspection_c/agt_interfaces/srv/detail/list_bag_sessions__type_support.c.o[0m
[ 36%] [32mBuilding C object CMakeFiles/agt_interfaces__rosidl_typesupport_introspection_c.dir/rosidl_typesupport_introspection_c/agt_interfaces/srv/detail/manage_bag_session__type_support.c.o[0m
[ 37%] [32mBuilding C object CMakeFiles/agt_interfaces__rosidl_typesupport_introspection_c.dir/rosidl_typesupport_introspection_c/agt_interfaces/action/detail/change_system_mode__type_support.c.o[0m
[ 37%] [32mBuilding C object CMakeFiles/agt_interfaces__rosidl_typesupport_introspection_c.dir/rosidl_typesupport_introspection_c/agt_interfaces/srv/detail/set_localization_mode__type_support.c.o[0m
[ 37%] [32mBuilding C object CMakeFiles/agt_interfaces__rosidl_typesupport_introspection_c.dir/rosidl_typesupport_introspection_c/agt_interfaces/action/detail/manage_mapping_session__type_support.c.o[0m
[ 38%] [32mBuilding C object CMakeFiles/agt_interfaces__rosidl_typesupport_introspection_c.dir/rosidl_typesupport_introspection_c/agt_interfaces/action/detail/execute_waypoint_task__type_support.c.o[0m
[ 38%] [32mBuilding C object CMakeFiles/agt_interfaces__rosidl_typesupport_introspection_c.dir/rosidl_typesupport_introspection_c/agt_interfaces/action/detail/optimize_map__type_support.c.o[0m
[ 38%] [32mBuilding C object CMakeFiles/agt_interfaces__rosidl_typesupport_introspection_c.dir/rosidl_typesupport_introspection_c/agt_interfaces/action/detail/execute_coverage_task__type_support.c.o[0m
[ 38%] [32mBuilding C object CMakeFiles/agt_interfaces__rosidl_typesupport_introspection_c.dir/rosidl_typesupport_introspection_c/agt_interfaces/action/detail/relocalize__type_support.c.o[0m
[ 38%] [32mBuilding C object CMakeFiles/agt_interfaces__rosidl_typesupport_introspection_c.dir/rosidl_typesupport_introspection_c/agt_interfaces/action/detail/execute_mission__type_support.c.o[0m
[ 38%] [32mBuilding C object CMakeFiles/agt_interfaces__rosidl_typesupport_introspection_c.dir/rosidl_typesupport_introspection_c/agt_interfaces/action/detail/execute_behavior_tree__type_support.c.o[0m
[ 39%] [32m[1mLinking C shared library libagt_interfaces__rosidl_typesupport_introspection_c.so[0m
[ 39%] Built target agt_interfaces__rosidl_typesupport_introspection_c
[ 39%] [32mBuilding CXX object CMakeFiles/agt_interfaces__rosidl_typesupport_fastrtps_c.dir/rosidl_typesupport_fastrtps_c/agt_interfaces/msg/detail/component_health__type_support_c.cpp.o[0m
[ 39%] [32mBuilding CXX object CMakeFiles/agt_interfaces__rosidl_typesupport_fastrtps_c.dir/rosidl_typesupport_fastrtps_c/agt_interfaces/msg/detail/mission_event__type_support_c.cpp.o[0m
[ 40%] [32mBuilding CXX object CMakeFiles/agt_interfaces__rosidl_typesupport_fastrtps_c.dir/rosidl_typesupport_fastrtps_c/agt_interfaces/msg/detail/localization_status__type_support_c.cpp.o[0m
[ 40%] [32mBuilding CXX object CMakeFiles/agt_interfaces__rosidl_typesupport_fastrtps_c.dir/rosidl_typesupport_fastrtps_c/agt_interfaces/msg/detail/mission_status__type_support_c.cpp.o[0m
[ 40%] [32mBuilding CXX object CMakeFiles/agt_interfaces__rosidl_typesupport_fastrtps_c.dir/rosidl_typesupport_fastrtps_c/agt_interfaces/msg/detail/navigation_session_status__type_support_c.cpp.o[0m
[ 40%] [32mBuilding CXX object CMakeFiles/agt_interfaces__rosidl_typesupport_fastrtps_c.dir/rosidl_typesupport_fastrtps_c/agt_interfaces/msg/detail/bag_session_summary__type_support_c.cpp.o[0m
[ 41%] [32mBuilding CXX object CMakeFiles/agt_interfaces__rosidl_typesupport_fastrtps_c.dir/rosidl_typesupport_fastrtps_c/agt_interfaces/msg/detail/map_version_summary__type_support_c.cpp.o[0m
[ 41%] [32mBuilding CXX object CMakeFiles/agt_interfaces__rosidl_typesupport_fastrtps_c.dir/rosidl_typesupport_fastrtps_c/agt_interfaces/msg/detail/experiment_summary__type_support_c.cpp.o[0m
[ 42%] [32mBuilding CXX object CMakeFiles/agt_interfaces__rosidl_typesupport_fastrtps_c.dir/rosidl_typesupport_fastrtps_c/agt_interfaces/msg/detail/robot_state__type_support_c.cpp.o[0m
[ 42%] [32mBuilding CXX object CMakeFiles/agt_interfaces__rosidl_typesupport_fastrtps_c.dir/rosidl_typesupport_fastrtps_c/agt_interfaces/msg/detail/semantic_waypoint_array__type_support_c.cpp.o[0m
[ 43%] [32mBuilding CXX object CMakeFiles/agt_interfaces__rosidl_typesupport_fastrtps_c.dir/rosidl_typesupport_fastrtps_c/agt_interfaces/msg/detail/system_health__type_support_c.cpp.o[0m
[ 43%] [32mBuilding CXX object CMakeFiles/agt_interfaces__rosidl_typesupport_fastrtps_c.dir/rosidl_typesupport_fastrtps_c/agt_interfaces/msg/detail/task_readiness__type_support_c.cpp.o[0m
[ 44%] [32mBuilding CXX object CMakeFiles/agt_interfaces__rosidl_typesupport_fastrtps_c.dir/rosidl_typesupport_fastrtps_c/agt_interfaces/srv/detail/get_system_health__type_support_c.cpp.o[0m
[ 44%] [32mBuilding CXX object CMakeFiles/agt_interfaces__rosidl_typesupport_fastrtps_c.dir/rosidl_typesupport_fastrtps_c/agt_interfaces/msg/detail/semantic_waypoint__type_support_c.cpp.o[0m
[ 44%] [32mBuilding CXX object CMakeFiles/agt_interfaces__rosidl_typesupport_fastrtps_c.dir/rosidl_typesupport_fastrtps_c/agt_interfaces/srv/detail/evaluate_task_readiness__type_support_c.cpp.o[0m
[ 44%] [32mBuilding CXX object CMakeFiles/agt_interfaces__rosidl_typesupport_fastrtps_c.dir/rosidl_typesupport_fastrtps_c/agt_interfaces/srv/detail/get_robot_state__type_support_c.cpp.o[0m
[ 44%] [32mBuilding CXX object CMakeFiles/agt_interfaces__rosidl_typesupport_fastrtps_c.dir/rosidl_typesupport_fastrtps_c/agt_interfaces/srv/detail/manage_map_version__type_support_c.cpp.o[0m
[ 44%] [32mBuilding CXX object CMakeFiles/agt_interfaces__rosidl_typesupport_fastrtps_c.dir/rosidl_typesupport_fastrtps_c/agt_interfaces/srv/detail/activate_map_version__type_support_c.cpp.o[0m
[ 44%] [32mBuilding CXX object CMakeFiles/agt_interfaces__rosidl_typesupport_fastrtps_c.dir/rosidl_typesupport_fastrtps_c/agt_interfaces/srv/detail/set_mission_run_state__type_support_c.cpp.o[0m
[ 45%] [32mBuilding CXX object CMakeFiles/agt_interfaces__rosidl_typesupport_fastrtps_c.dir/rosidl_typesupport_fastrtps_c/agt_interfaces/srv/detail/list_map_versions__type_support_c.cpp.o[0m
[ 45%] [32mBuilding CXX object CMakeFiles/agt_interfaces__rosidl_typesupport_fastrtps_c.dir/rosidl_typesupport_fastrtps_c/agt_interfaces/srv/detail/put_task_group__type_support_c.cpp.o[0m
[ 45%] [32mBuilding CXX object CMakeFiles/agt_interfaces__rosidl_typesupport_fastrtps_c.dir/rosidl_typesupport_fastrtps_c/agt_interfaces/srv/detail/list_task_groups__type_support_c.cpp.o[0m
[ 46%] [32mBuilding CXX object CMakeFiles/agt_interfaces__rosidl_typesupport_fastrtps_c.dir/rosidl_typesupport_fastrtps_c/agt_interfaces/srv/detail/get_task_group__type_support_c.cpp.o[0m
[ 46%] [32mBuilding CXX object CMakeFiles/agt_interfaces__rosidl_typesupport_fastrtps_c.dir/rosidl_typesupport_fastrtps_c/agt_interfaces/srv/detail/archive_task_group__type_support_c.cpp.o[0m
[ 48%] [32mBuilding CXX object CMakeFiles/agt_interfaces__rosidl_typesupport_fastrtps_c.dir/rosidl_typesupport_fastrtps_c/agt_interfaces/srv/detail/get_navigation_session__type_support_c.cpp.o[0m
[ 48%] [32mBuilding CXX object CMakeFiles/agt_interfaces__rosidl_typesupport_fastrtps_c.dir/rosidl_typesupport_fastrtps_c/agt_interfaces/srv/detail/manage_bag_session__type_support_c.cpp.o[0m
[ 48%] [32mBuilding CXX object CMakeFiles/agt_interfaces__rosidl_typesupport_fastrtps_c.dir/rosidl_typesupport_fastrtps_c/agt_interfaces/srv/detail/set_localization_mode__type_support_c.cpp.o[0m
[ 48%] [32mBuilding CXX object CMakeFiles/agt_interfaces__rosidl_typesupport_fastrtps_c.dir/rosidl_typesupport_fastrtps_c/agt_interfaces/srv/detail/list_experiments__type_support_c.cpp.o[0m
[ 48%] [32mBuilding CXX object CMakeFiles/agt_interfaces__rosidl_typesupport_fastrtps_c.dir/rosidl_typesupport_fastrtps_c/agt_interfaces/srv/detail/list_bag_sessions__type_support_c.cpp.o[0m
[ 48%] [32mBuilding CXX object CMakeFiles/agt_interfaces__rosidl_typesupport_fastrtps_c.dir/rosidl_typesupport_fastrtps_c/agt_interfaces/action/detail/relocalize__type_support_c.cpp.o[0m
[ 48%] [32mBuilding CXX object CMakeFiles/agt_interfaces__rosidl_typesupport_fastrtps_c.dir/rosidl_typesupport_fastrtps_c/agt_interfaces/action/detail/change_system_mode__type_support_c.cpp.o[0m
[ 49%] [32mBuilding CXX object CMakeFiles/agt_interfaces__rosidl_typesupport_fastrtps_c.dir/rosidl_typesupport_fastrtps_c/agt_interfaces/action/detail/manage_mapping_session__type_support_c.cpp.o[0m
[ 49%] [32mBuilding CXX object CMakeFiles/agt_interfaces__rosidl_typesupport_fastrtps_c.dir/rosidl_typesupport_fastrtps_c/agt_interfaces/action/detail/execute_coverage_task__type_support_c.cpp.o[0m
[ 49%] [32mBuilding CXX object CMakeFiles/agt_interfaces__rosidl_typesupport_fastrtps_c.dir/rosidl_typesupport_fastrtps_c/agt_interfaces/action/detail/execute_waypoint_task__type_support_c.cpp.o[0m
[ 50%] [32mBuilding CXX object CMakeFiles/agt_interfaces__rosidl_typesupport_fastrtps_c.dir/rosidl_typesupport_fastrtps_c/agt_interfaces/action/detail/optimize_map__type_support_c.cpp.o[0m
[ 50%] [32mBuilding CXX object CMakeFiles/agt_interfaces__rosidl_typesupport_fastrtps_c.dir/rosidl_typesupport_fastrtps_c/agt_interfaces/action/detail/execute_mission__type_support_c.cpp.o[0m
[ 50%] [32mBuilding CXX object CMakeFiles/agt_interfaces__rosidl_typesupport_fastrtps_c.dir/rosidl_typesupport_fastrtps_c/agt_interfaces/action/detail/execute_behavior_tree__type_support_c.cpp.o[0m
[ 51%] [32mBuilding CXX object CMakeFiles/agt_interfaces__rosidl_typesupport_introspection_cpp.dir/rosidl_typesupport_introspection_cpp/agt_interfaces/msg/detail/mission_status__type_support.cpp.o[0m
[ 51%] [32mBuilding CXX object CMakeFiles/agt_interfaces__rosidl_typesupport_introspection_cpp.dir/rosidl_typesupport_introspection_cpp/agt_interfaces/msg/detail/mission_event__type_support.cpp.o[0m
[ 51%] [32mBuilding CXX object CMakeFiles/agt_interfaces__rosidl_typesupport_introspection_cpp.dir/rosidl_typesupport_introspection_cpp/agt_interfaces/msg/detail/component_health__type_support.cpp.o[0m
[ 51%] [32mBuilding CXX object CMakeFiles/agt_interfaces__rosidl_typesupport_introspection_cpp.dir/rosidl_typesupport_introspection_cpp/agt_interfaces/msg/detail/experiment_summary__type_support.cpp.o[0m
[ 52%] [32mBuilding CXX object CMakeFiles/agt_interfaces__rosidl_typesupport_introspection_cpp.dir/rosidl_typesupport_introspection_cpp/agt_interfaces/msg/detail/bag_session_summary__type_support.cpp.o[0m
[ 52%] [32mBuilding CXX object CMakeFiles/agt_interfaces__rosidl_typesupport_introspection_cpp.dir/rosidl_typesupport_introspection_cpp/agt_interfaces/msg/detail/localization_status__type_support.cpp.o[0m
[ 52%] [32mBuilding CXX object CMakeFiles/agt_interfaces__rosidl_typesupport_introspection_cpp.dir/rosidl_typesupport_introspection_cpp/agt_interfaces/msg/detail/navigation_session_status__type_support.cpp.o[0m
[ 52%] [32mBuilding CXX object CMakeFiles/agt_interfaces__rosidl_typesupport_introspection_cpp.dir/rosidl_typesupport_introspection_cpp/agt_interfaces/msg/detail/map_version_summary__type_support.cpp.o[0m
[ 52%] [32mBuilding CXX object CMakeFiles/agt_interfaces__rosidl_typesupport_introspection_cpp.dir/rosidl_typesupport_introspection_cpp/agt_interfaces/msg/detail/robot_state__type_support.cpp.o[0m
[ 52%] [32mBuilding CXX object CMakeFiles/agt_interfaces__rosidl_typesupport_introspection_cpp.dir/rosidl_typesupport_introspection_cpp/agt_interfaces/srv/detail/evaluate_task_readiness__type_support.cpp.o[0m
[ 53%] [32mBuilding CXX object CMakeFiles/agt_interfaces__rosidl_typesupport_introspection_cpp.dir/rosidl_typesupport_introspection_cpp/agt_interfaces/msg/detail/task_readiness__type_support.cpp.o[0m
[ 54%] [32mBuilding CXX object CMakeFiles/agt_interfaces__rosidl_typesupport_introspection_cpp.dir/rosidl_typesupport_introspection_cpp/agt_interfaces/msg/detail/semantic_waypoint_array__type_support.cpp.o[0m
[ 54%] [32mBuilding CXX object CMakeFiles/agt_interfaces__rosidl_typesupport_introspection_cpp.dir/rosidl_typesupport_introspection_cpp/agt_interfaces/msg/detail/semantic_waypoint__type_support.cpp.o[0m
[ 54%] [32mBuilding CXX object CMakeFiles/agt_interfaces__rosidl_typesupport_introspection_cpp.dir/rosidl_typesupport_introspection_cpp/agt_interfaces/srv/detail/get_system_health__type_support.cpp.o[0m
[ 54%] [32mBuilding CXX object CMakeFiles/agt_interfaces__rosidl_typesupport_introspection_cpp.dir/rosidl_typesupport_introspection_cpp/agt_interfaces/msg/detail/system_health__type_support.cpp.o[0m
[ 55%] [32mBuilding CXX object CMakeFiles/agt_interfaces__rosidl_typesupport_introspection_cpp.dir/rosidl_typesupport_introspection_cpp/agt_interfaces/srv/detail/get_robot_state__type_support.cpp.o[0m
[ 55%] [32mBuilding CXX object CMakeFiles/agt_interfaces__rosidl_typesupport_introspection_cpp.dir/rosidl_typesupport_introspection_cpp/agt_interfaces/srv/detail/set_mission_run_state__type_support.cpp.o[0m
[ 55%] [32mBuilding CXX object CMakeFiles/agt_interfaces__rosidl_typesupport_introspection_cpp.dir/rosidl_typesupport_introspection_cpp/agt_interfaces/srv/detail/list_task_groups__type_support.cpp.o[0m
[ 55%] [32mBuilding CXX object CMakeFiles/agt_interfaces__rosidl_typesupport_introspection_cpp.dir/rosidl_typesupport_introspection_cpp/agt_interfaces/srv/detail/activate_map_version__type_support.cpp.o[0m
[ 55%] [32mBuilding CXX object CMakeFiles/agt_interfaces__rosidl_typesupport_introspection_cpp.dir/rosidl_typesupport_introspection_cpp/agt_interfaces/srv/detail/list_map_versions__type_support.cpp.o[0m
[ 56%] [32mBuilding CXX object CMakeFiles/agt_interfaces__rosidl_typesupport_introspection_cpp.dir/rosidl_typesupport_introspection_cpp/agt_interfaces/srv/detail/manage_map_version__type_support.cpp.o[0m
[ 56%] [32mBuilding CXX object CMakeFiles/agt_interfaces__rosidl_typesupport_introspection_cpp.dir/rosidl_typesupport_introspection_cpp/agt_interfaces/srv/detail/get_task_group__type_support.cpp.o[0m
[ 57%] [32mBuilding CXX object CMakeFiles/agt_interfaces__rosidl_typesupport_introspection_cpp.dir/rosidl_typesupport_introspection_cpp/agt_interfaces/srv/detail/put_task_group__type_support.cpp.o[0m
[ 57%] [32mBuilding CXX object CMakeFiles/agt_interfaces__rosidl_typesupport_introspection_cpp.dir/rosidl_typesupport_introspection_cpp/agt_interfaces/srv/detail/get_navigation_session__type_support.cpp.o[0m
[ 58%] [32mBuilding CXX object CMakeFiles/agt_interfaces__rosidl_typesupport_introspection_cpp.dir/rosidl_typesupport_introspection_cpp/agt_interfaces/srv/detail/list_bag_sessions__type_support.cpp.o[0m
[ 58%] [32mBuilding CXX object CMakeFiles/agt_interfaces__rosidl_typesupport_introspection_cpp.dir/rosidl_typesupport_introspection_cpp/agt_interfaces/srv/detail/archive_task_group__type_support.cpp.o[0m
[ 58%] [32mBuilding CXX object CMakeFiles/agt_interfaces__rosidl_typesupport_introspection_cpp.dir/rosidl_typesupport_introspection_cpp/agt_interfaces/srv/detail/list_experiments__type_support.cpp.o[0m
[ 58%] [32mBuilding CXX object CMakeFiles/agt_interfaces__rosidl_typesupport_introspection_cpp.dir/rosidl_typesupport_introspection_cpp/agt_interfaces/srv/detail/manage_bag_session__type_support.cpp.o[0m
[ 59%] [32m[1mLinking CXX shared library libagt_interfaces__rosidl_typesupport_fastrtps_c.so[0m
[ 59%] [32mBuilding CXX object CMakeFiles/agt_interfaces__rosidl_typesupport_introspection_cpp.dir/rosidl_typesupport_introspection_cpp/agt_interfaces/srv/detail/set_localization_mode__type_support.cpp.o[0m
[ 60%] [32mBuilding CXX object CMakeFiles/agt_interfaces__rosidl_typesupport_introspection_cpp.dir/rosidl_typesupport_introspection_cpp/agt_interfaces/action/detail/relocalize__type_support.cpp.o[0m
[ 60%] [32mBuilding CXX object CMakeFiles/agt_interfaces__rosidl_typesupport_introspection_cpp.dir/rosidl_typesupport_introspection_cpp/agt_interfaces/action/detail/change_system_mode__type_support.cpp.o[0m
[ 60%] [32mBuilding CXX object CMakeFiles/agt_interfaces__rosidl_typesupport_introspection_cpp.dir/rosidl_typesupport_introspection_cpp/agt_interfaces/action/detail/manage_mapping_session__type_support.cpp.o[0m
[ 60%] Built target agt_interfaces__rosidl_typesupport_fastrtps_c
[ 60%] [32mBuilding CXX object CMakeFiles/agt_interfaces__rosidl_typesupport_introspection_cpp.dir/rosidl_typesupport_introspection_cpp/agt_interfaces/action/detail/execute_waypoint_task__type_support.cpp.o[0m
[ 61%] [32mBuilding CXX object CMakeFiles/agt_interfaces__rosidl_typesupport_introspection_cpp.dir/rosidl_typesupport_introspection_cpp/agt_interfaces/action/detail/execute_coverage_task__type_support.cpp.o[0m
[ 61%] [32mBuilding CXX object CMakeFiles/agt_interfaces__rosidl_typesupport_introspection_cpp.dir/rosidl_typesupport_introspection_cpp/agt_interfaces/action/detail/optimize_map__type_support.cpp.o[0m
[ 62%] [32mBuilding CXX object CMakeFiles/agt_interfaces__rosidl_typesupport_introspection_cpp.dir/rosidl_typesupport_introspection_cpp/agt_interfaces/action/detail/execute_mission__type_support.cpp.o[0m
[ 62%] [32mBuilding CXX object CMakeFiles/agt_interfaces__rosidl_typesupport_cpp.dir/rosidl_typesupport_cpp/agt_interfaces/msg/component_health__type_support.cpp.o[0m
[ 62%] [32mBuilding CXX object CMakeFiles/agt_interfaces__rosidl_typesupport_introspection_cpp.dir/rosidl_typesupport_introspection_cpp/agt_interfaces/action/detail/execute_behavior_tree__type_support.cpp.o[0m
[ 63%] [32mBuilding CXX object CMakeFiles/agt_interfaces__rosidl_typesupport_cpp.dir/rosidl_typesupport_cpp/agt_interfaces/msg/localization_status__type_support.cpp.o[0m
[ 63%] [32mBuilding CXX object CMakeFiles/agt_interfaces__rosidl_typesupport_cpp.dir/rosidl_typesupport_cpp/agt_interfaces/msg/mission_status__type_support.cpp.o[0m
[ 63%] [32mBuilding CXX object CMakeFiles/agt_interfaces__rosidl_typesupport_cpp.dir/rosidl_typesupport_cpp/agt_interfaces/msg/mission_event__type_support.cpp.o[0m
[ 64%] [32mBuilding CXX object CMakeFiles/agt_interfaces__rosidl_typesupport_cpp.dir/rosidl_typesupport_cpp/agt_interfaces/msg/map_version_summary__type_support.cpp.o[0m
[ 64%] [32mBuilding CXX object CMakeFiles/agt_interfaces__rosidl_typesupport_cpp.dir/rosidl_typesupport_cpp/agt_interfaces/msg/navigation_session_status__type_support.cpp.o[0m
[ 64%] [32mBuilding CXX object CMakeFiles/agt_interfaces__rosidl_typesupport_cpp.dir/rosidl_typesupport_cpp/agt_interfaces/msg/bag_session_summary__type_support.cpp.o[0m
[ 65%] [32mBuilding CXX object CMakeFiles/agt_interfaces__rosidl_typesupport_cpp.dir/rosidl_typesupport_cpp/agt_interfaces/msg/experiment_summary__type_support.cpp.o[0m
[ 65%] [32mBuilding CXX object CMakeFiles/agt_interfaces__rosidl_typesupport_cpp.dir/rosidl_typesupport_cpp/agt_interfaces/msg/robot_state__type_support.cpp.o[0m
[ 65%] [32mBuilding CXX object CMakeFiles/agt_interfaces__rosidl_typesupport_cpp.dir/rosidl_typesupport_cpp/agt_interfaces/msg/semantic_waypoint__type_support.cpp.o[0m
[ 66%] [32mBuilding CXX object CMakeFiles/agt_interfaces__rosidl_typesupport_cpp.dir/rosidl_typesupport_cpp/agt_interfaces/msg/semantic_waypoint_array__type_support.cpp.o[0m
[ 66%] [32mBuilding CXX object CMakeFiles/agt_interfaces__rosidl_typesupport_cpp.dir/rosidl_typesupport_cpp/agt_interfaces/msg/system_health__type_support.cpp.o[0m
[ 66%] [32mBuilding CXX object CMakeFiles/agt_interfaces__rosidl_typesupport_cpp.dir/rosidl_typesupport_cpp/agt_interfaces/msg/task_readiness__type_support.cpp.o[0m
[ 66%] [32mBuilding CXX object CMakeFiles/agt_interfaces__rosidl_typesupport_cpp.dir/rosidl_typesupport_cpp/agt_interfaces/srv/evaluate_task_readiness__type_support.cpp.o[0m
[ 67%] [32mBuilding CXX object CMakeFiles/agt_interfaces__rosidl_typesupport_cpp.dir/rosidl_typesupport_cpp/agt_interfaces/srv/get_system_health__type_support.cpp.o[0m
[ 67%] [32mBuilding CXX object CMakeFiles/agt_interfaces__rosidl_typesupport_cpp.dir/rosidl_typesupport_cpp/agt_interfaces/srv/get_robot_state__type_support.cpp.o[0m
[ 67%] [32mBuilding CXX object CMakeFiles/agt_interfaces__rosidl_typesupport_cpp.dir/rosidl_typesupport_cpp/agt_interfaces/srv/set_mission_run_state__type_support.cpp.o[0m
[ 67%] [32mBuilding CXX object CMakeFiles/agt_interfaces__rosidl_typesupport_cpp.dir/rosidl_typesupport_cpp/agt_interfaces/srv/list_map_versions__type_support.cpp.o[0m
[ 68%] [32mBuilding CXX object CMakeFiles/agt_interfaces__rosidl_typesupport_cpp.dir/rosidl_typesupport_cpp/agt_interfaces/srv/activate_map_version__type_support.cpp.o[0m
[ 68%] [32mBuilding CXX object CMakeFiles/agt_interfaces__rosidl_typesupport_cpp.dir/rosidl_typesupport_cpp/agt_interfaces/srv/manage_map_version__type_support.cpp.o[0m
[ 69%] [32mBuilding CXX object CMakeFiles/agt_interfaces__rosidl_typesupport_cpp.dir/rosidl_typesupport_cpp/agt_interfaces/srv/list_task_groups__type_support.cpp.o[0m
[ 69%] [32mBuilding CXX object CMakeFiles/agt_interfaces__rosidl_typesupport_cpp.dir/rosidl_typesupport_cpp/agt_interfaces/srv/get_task_group__type_support.cpp.o[0m
[ 69%] [32mBuilding CXX object CMakeFiles/agt_interfaces__rosidl_typesupport_cpp.dir/rosidl_typesupport_cpp/agt_interfaces/srv/put_task_group__type_support.cpp.o[0m
[ 69%] [32mBuilding CXX object CMakeFiles/agt_interfaces__rosidl_typesupport_cpp.dir/rosidl_typesupport_cpp/agt_interfaces/srv/archive_task_group__type_support.cpp.o[0m
[ 70%] [32mBuilding CXX object CMakeFiles/agt_interfaces__rosidl_typesupport_cpp.dir/rosidl_typesupport_cpp/agt_interfaces/srv/get_navigation_session__type_support.cpp.o[0m
[ 70%] [32mBuilding CXX object CMakeFiles/agt_interfaces__rosidl_typesupport_cpp.dir/rosidl_typesupport_cpp/agt_interfaces/srv/list_bag_sessions__type_support.cpp.o[0m
[ 70%] [32mBuilding CXX object CMakeFiles/agt_interfaces__rosidl_typesupport_cpp.dir/rosidl_typesupport_cpp/agt_interfaces/srv/list_experiments__type_support.cpp.o[0m
[ 71%] [32mBuilding CXX object CMakeFiles/agt_interfaces__rosidl_typesupport_cpp.dir/rosidl_typesupport_cpp/agt_interfaces/srv/manage_bag_session__type_support.cpp.o[0m
[ 71%] [32mBuilding CXX object CMakeFiles/agt_interfaces__rosidl_typesupport_cpp.dir/rosidl_typesupport_cpp/agt_interfaces/srv/set_localization_mode__type_support.cpp.o[0m
[ 71%] [32mBuilding CXX object CMakeFiles/agt_interfaces__rosidl_typesupport_cpp.dir/rosidl_typesupport_cpp/agt_interfaces/action/relocalize__type_support.cpp.o[0m
[ 72%] [32mBuilding CXX object CMakeFiles/agt_interfaces__rosidl_typesupport_cpp.dir/rosidl_typesupport_cpp/agt_interfaces/action/change_system_mode__type_support.cpp.o[0m
[ 72%] [32mBuilding CXX object CMakeFiles/agt_interfaces__rosidl_typesupport_cpp.dir/rosidl_typesupport_cpp/agt_interfaces/action/manage_mapping_session__type_support.cpp.o[0m
[ 72%] [32mBuilding CXX object CMakeFiles/agt_interfaces__rosidl_typesupport_cpp.dir/rosidl_typesupport_cpp/agt_interfaces/action/execute_coverage_task__type_support.cpp.o[0m
[ 72%] [32mBuilding CXX object CMakeFiles/agt_interfaces__rosidl_typesupport_cpp.dir/rosidl_typesupport_cpp/agt_interfaces/action/execute_waypoint_task__type_support.cpp.o[0m
[ 73%] [32mBuilding CXX object CMakeFiles/agt_interfaces__rosidl_typesupport_cpp.dir/rosidl_typesupport_cpp/agt_interfaces/action/optimize_map__type_support.cpp.o[0m
[ 73%] [32mBuilding CXX object CMakeFiles/agt_interfaces__rosidl_typesupport_cpp.dir/rosidl_typesupport_cpp/agt_interfaces/action/execute_mission__type_support.cpp.o[0m
[ 73%] [32mBuilding CXX object CMakeFiles/agt_interfaces__rosidl_typesupport_cpp.dir/rosidl_typesupport_cpp/agt_interfaces/action/execute_behavior_tree__type_support.cpp.o[0m
[ 73%] [32m[1mLinking CXX shared library libagt_interfaces__rosidl_typesupport_introspection_cpp.so[0m
[ 73%] Built target agt_interfaces__rosidl_typesupport_introspection_cpp
[ 74%] [32m[1mLinking CXX shared library libagt_interfaces__rosidl_typesupport_cpp.so[0m
[ 74%] [32mBuilding CXX object CMakeFiles/agt_interfaces__rosidl_typesupport_fastrtps_cpp.dir/rosidl_typesupport_fastrtps_cpp/agt_interfaces/msg/detail/dds_fastrtps/localization_status__type_support.cpp.o[0m
[ 74%] [32mBuilding CXX object CMakeFiles/agt_interfaces__rosidl_typesupport_fastrtps_cpp.dir/rosidl_typesupport_fastrtps_cpp/agt_interfaces/msg/detail/dds_fastrtps/map_version_summary__type_support.cpp.o[0m
[ 74%] [32mBuilding CXX object CMakeFiles/agt_interfaces__rosidl_typesupport_fastrtps_cpp.dir/rosidl_typesupport_fastrtps_cpp/agt_interfaces/msg/detail/dds_fastrtps/mission_status__type_support.cpp.o[0m
[ 76%] [32mBuilding CXX object CMakeFiles/agt_interfaces__rosidl_typesupport_fastrtps_cpp.dir/rosidl_typesupport_fastrtps_cpp/agt_interfaces/msg/detail/dds_fastrtps/navigation_session_status__type_support.cpp.o[0m
[ 76%] [32mBuilding CXX object CMakeFiles/agt_interfaces__rosidl_typesupport_fastrtps_cpp.dir/rosidl_typesupport_fastrtps_cpp/agt_interfaces/msg/detail/dds_fastrtps/robot_state__type_support.cpp.o[0m
[ 76%] [32mBuilding CXX object CMakeFiles/agt_interfaces__rosidl_typesupport_fastrtps_cpp.dir/rosidl_typesupport_fastrtps_cpp/agt_interfaces/msg/detail/dds_fastrtps/mission_event__type_support.cpp.o[0m
[ 76%] [32mBuilding CXX object CMakeFiles/agt_interfaces__rosidl_typesupport_fastrtps_cpp.dir/rosidl_typesupport_fastrtps_cpp/agt_interfaces/msg/detail/dds_fastrtps/bag_session_summary__type_support.cpp.o[0m
[ 76%] [32mBuilding CXX object CMakeFiles/agt_interfaces__rosidl_typesupport_fastrtps_cpp.dir/rosidl_typesupport_fastrtps_cpp/agt_interfaces/msg/detail/dds_fastrtps/semantic_waypoint__type_support.cpp.o[0m
[ 76%] [32mBuilding CXX object CMakeFiles/agt_interfaces__rosidl_typesupport_fastrtps_cpp.dir/rosidl_typesupport_fastrtps_cpp/agt_interfaces/srv/detail/dds_fastrtps/get_system_health__type_support.cpp.o[0m
[ 77%] [32mBuilding CXX object CMakeFiles/agt_interfaces__rosidl_typesupport_fastrtps_cpp.dir/rosidl_typesupport_fastrtps_cpp/agt_interfaces/msg/detail/dds_fastrtps/experiment_summary__type_support.cpp.o[0m
[ 77%] [32mBuilding CXX object CMakeFiles/agt_interfaces__rosidl_typesupport_fastrtps_cpp.dir/rosidl_typesupport_fastrtps_cpp/agt_interfaces/msg/detail/dds_fastrtps/task_readiness__type_support.cpp.o[0m
[ 77%] [32mBuilding CXX object CMakeFiles/agt_interfaces__rosidl_typesupport_fastrtps_cpp.dir/rosidl_typesupport_fastrtps_cpp/agt_interfaces/msg/detail/dds_fastrtps/component_health__type_support.cpp.o[0m
[ 78%] [32mBuilding CXX object CMakeFiles/agt_interfaces__rosidl_typesupport_fastrtps_cpp.dir/rosidl_typesupport_fastrtps_cpp/agt_interfaces/msg/detail/dds_fastrtps/semantic_waypoint_array__type_support.cpp.o[0m
[ 78%] [32mBuilding CXX object CMakeFiles/agt_interfaces__rosidl_typesupport_fastrtps_cpp.dir/rosidl_typesupport_fastrtps_cpp/agt_interfaces/srv/detail/dds_fastrtps/list_map_versions__type_support.cpp.o[0m
[ 78%] [32mBuilding CXX object CMakeFiles/agt_interfaces__rosidl_typesupport_fastrtps_cpp.dir/rosidl_typesupport_fastrtps_cpp/agt_interfaces/srv/detail/dds_fastrtps/get_robot_state__type_support.cpp.o[0m
[ 78%] [32mBuilding CXX object CMakeFiles/agt_interfaces__rosidl_typesupport_fastrtps_cpp.dir/rosidl_typesupport_fastrtps_cpp/agt_interfaces/srv/detail/dds_fastrtps/manage_map_version__type_support.cpp.o[0m
[ 79%] [32mBuilding CXX object CMakeFiles/agt_interfaces__rosidl_typesupport_fastrtps_cpp.dir/rosidl_typesupport_fastrtps_cpp/agt_interfaces/srv/detail/dds_fastrtps/activate_map_version__type_support.cpp.o[0m
[ 79%] [32mBuilding CXX object CMakeFiles/agt_interfaces__rosidl_typesupport_fastrtps_cpp.dir/rosidl_typesupport_fastrtps_cpp/agt_interfaces/srv/detail/dds_fastrtps/evaluate_task_readiness__type_support.cpp.o[0m
[ 77%] [32mBuilding CXX object CMakeFiles/agt_interfaces__rosidl_typesupport_fastrtps_cpp.dir/rosidl_typesupport_fastrtps_cpp/agt_interfaces/msg/detail/dds_fastrtps/system_health__type_support.cpp.o[0m
[ 80%] [32mBuilding CXX object CMakeFiles/agt_interfaces__rosidl_typesupport_fastrtps_cpp.dir/rosidl_typesupport_fastrtps_cpp/agt_interfaces/srv/detail/dds_fastrtps/set_mission_run_state__type_support.cpp.o[0m
[ 80%] [32mBuilding CXX object CMakeFiles/agt_interfaces__rosidl_typesupport_fastrtps_cpp.dir/rosidl_typesupport_fastrtps_cpp/agt_interfaces/srv/detail/dds_fastrtps/get_task_group__type_support.cpp.o[0m
[ 81%] [32mBuilding CXX object CMakeFiles/agt_interfaces__rosidl_typesupport_fastrtps_cpp.dir/rosidl_typesupport_fastrtps_cpp/agt_interfaces/srv/detail/dds_fastrtps/list_task_groups__type_support.cpp.o[0m
[ 81%] [32mBuilding CXX object CMakeFiles/agt_interfaces__rosidl_typesupport_fastrtps_cpp.dir/rosidl_typesupport_fastrtps_cpp/agt_interfaces/srv/detail/dds_fastrtps/put_task_group__type_support.cpp.o[0m
[ 82%] [32mBuilding CXX object CMakeFiles/agt_interfaces__rosidl_typesupport_fastrtps_cpp.dir/rosidl_typesupport_fastrtps_cpp/agt_interfaces/srv/detail/dds_fastrtps/archive_task_group__type_support.cpp.o[0m
[ 82%] [32mBuilding CXX object CMakeFiles/agt_interfaces__rosidl_typesupport_fastrtps_cpp.dir/rosidl_typesupport_fastrtps_cpp/agt_interfaces/srv/detail/dds_fastrtps/get_navigation_session__type_support.cpp.o[0m
[ 82%] [32mBuilding CXX object CMakeFiles/agt_interfaces__rosidl_typesupport_fastrtps_cpp.dir/rosidl_typesupport_fastrtps_cpp/agt_interfaces/srv/detail/dds_fastrtps/list_bag_sessions__type_support.cpp.o[0m
[ 82%] Built target agt_interfaces__rosidl_typesupport_cpp
[ 82%] [32mBuilding CXX object CMakeFiles/test_execute_coverage_task_cpp.dir/test/test_execute_coverage_task.cpp.o[0m
[ 83%] [32mBuilding CXX object CMakeFiles/agt_interfaces__rosidl_typesupport_fastrtps_cpp.dir/rosidl_typesupport_fastrtps_cpp/agt_interfaces/srv/detail/dds_fastrtps/list_experiments__type_support.cpp.o[0m
[ 84%] [32mBuilding CXX object CMakeFiles/agt_interfaces__rosidl_typesupport_fastrtps_cpp.dir/rosidl_typesupport_fastrtps_cpp/agt_interfaces/action/detail/dds_fastrtps/relocalize__type_support.cpp.o[0m
[ 84%] [32mBuilding CXX object CMakeFiles/agt_interfaces__rosidl_typesupport_fastrtps_cpp.dir/rosidl_typesupport_fastrtps_cpp/agt_interfaces/action/detail/dds_fastrtps/change_system_mode__type_support.cpp.o[0m
[ 84%] [32mBuilding CXX object CMakeFiles/agt_interfaces__rosidl_typesupport_fastrtps_cpp.dir/rosidl_typesupport_fastrtps_cpp/agt_interfaces/srv/detail/dds_fastrtps/set_localization_mode__type_support.cpp.o[0m
[ 84%] [32mBuilding CXX object CMakeFiles/agt_interfaces__rosidl_typesupport_fastrtps_cpp.dir/rosidl_typesupport_fastrtps_cpp/agt_interfaces/srv/detail/dds_fastrtps/manage_bag_session__type_support.cpp.o[0m
[ 84%] [32mBuilding CXX object CMakeFiles/agt_interfaces__rosidl_typesupport_fastrtps_cpp.dir/rosidl_typesupport_fastrtps_cpp/agt_interfaces/action/detail/dds_fastrtps/manage_mapping_session__type_support.cpp.o[0m
[ 84%] [32mBuilding CXX object CMakeFiles/test_system_interfaces_cpp.dir/test/test_system_interfaces.cpp.o[0m
[ 85%] [32mBuilding CXX object CMakeFiles/test_localization_interfaces_cpp.dir/test/test_localization_interfaces.cpp.o[0m
[ 85%] [32mBuilding CXX object CMakeFiles/agt_interfaces__rosidl_typesupport_fastrtps_cpp.dir/rosidl_typesupport_fastrtps_cpp/agt_interfaces/action/detail/dds_fastrtps/execute_coverage_task__type_support.cpp.o[0m
[ 86%] [32mBuilding CXX object CMakeFiles/agt_interfaces__rosidl_typesupport_fastrtps_cpp.dir/rosidl_typesupport_fastrtps_cpp/agt_interfaces/action/detail/dds_fastrtps/execute_waypoint_task__type_support.cpp.o[0m
[ 86%] [32mBuilding CXX object CMakeFiles/agt_interfaces__rosidl_typesupport_fastrtps_cpp.dir/rosidl_typesupport_fastrtps_cpp/agt_interfaces/action/detail/dds_fastrtps/optimize_map__type_support.cpp.o[0m
[ 86%] [32mBuilding CXX object CMakeFiles/agt_interfaces__rosidl_typesupport_fastrtps_cpp.dir/rosidl_typesupport_fastrtps_cpp/agt_interfaces/action/detail/dds_fastrtps/execute_mission__type_support.cpp.o[0m
[ 87%] [32mBuilding CXX object CMakeFiles/agt_interfaces__rosidl_typesupport_fastrtps_cpp.dir/rosidl_typesupport_fastrtps_cpp/agt_interfaces/action/detail/dds_fastrtps/execute_behavior_tree__type_support.cpp.o[0m
[ 87%] [32m[1mLinking CXX shared library libagt_interfaces__rosidl_typesupport_fastrtps_cpp.so[0m
[ 87%] [32m[1mLinking CXX executable test_execute_coverage_task_cpp[0m
[ 87%] Built target agt_interfaces__rosidl_typesupport_fastrtps_cpp
[ 87%] Built target agt_interfaces
[ 87%] [34m[1mGenerating Python code for ROS interfaces[0m
[ 87%] Built target test_execute_coverage_task_cpp
[ 87%] [32m[1mLinking CXX executable test_localization_interfaces_cpp[0m
[ 87%] Built target test_localization_interfaces_cpp
[ 88%] [32m[1mLinking CXX executable test_system_interfaces_cpp[0m
[ 88%] Built target test_system_interfaces_cpp
[ 88%] Built target agt_interfaces__py
[ 88%] [32mBuilding C object CMakeFiles/agt_interfaces__rosidl_generator_py.dir/rosidl_generator_py/agt_interfaces/msg/_mission_event_s.c.o[0m
[ 89%] [32mBuilding C object CMakeFiles/agt_interfaces__rosidl_generator_py.dir/rosidl_generator_py/agt_interfaces/msg/_localization_status_s.c.o[0m
[ 89%] [32mBuilding C object CMakeFiles/agt_interfaces__rosidl_generator_py.dir/rosidl_generator_py/agt_interfaces/msg/_component_health_s.c.o[0m
[ 89%] [32mBuilding C object CMakeFiles/agt_interfaces__rosidl_generator_py.dir/rosidl_generator_py/agt_interfaces/msg/_map_version_summary_s.c.o[0m
[ 91%] [32mBuilding C object CMakeFiles/agt_interfaces__rosidl_generator_py.dir/rosidl_generator_py/agt_interfaces/msg/_robot_state_s.c.o[0m
[ 91%] [32mBuilding C object CMakeFiles/agt_interfaces__rosidl_generator_py.dir/rosidl_generator_py/agt_interfaces/msg/_navigation_session_status_s.c.o[0m
[ 91%] [32mBuilding C object CMakeFiles/agt_interfaces__rosidl_generator_py.dir/rosidl_generator_py/agt_interfaces/msg/_semantic_waypoint_s.c.o[0m
[ 91%] [32mBuilding C object CMakeFiles/agt_interfaces__rosidl_generator_py.dir/rosidl_generator_py/agt_interfaces/msg/_experiment_summary_s.c.o[0m
[ 91%] [32mBuilding C object CMakeFiles/agt_interfaces__rosidl_generator_py.dir/rosidl_generator_py/agt_interfaces/msg/_mission_status_s.c.o[0m
[ 91%] [32mBuilding C object CMakeFiles/agt_interfaces__rosidl_generator_py.dir/rosidl_generator_py/agt_interfaces/msg/_semantic_waypoint_array_s.c.o[0m
[ 91%] [32mBuilding C object CMakeFiles/agt_interfaces__rosidl_generator_py.dir/rosidl_generator_py/agt_interfaces/msg/_bag_session_summary_s.c.o[0m
[ 91%] [32mBuilding C object CMakeFiles/agt_interfaces__rosidl_generator_py.dir/rosidl_generator_py/agt_interfaces/srv/_activate_map_version_s.c.o[0m
[ 91%] [32mBuilding C object CMakeFiles/agt_interfaces__rosidl_generator_py.dir/rosidl_generator_py/agt_interfaces/srv/_set_mission_run_state_s.c.o[0m
[ 91%] [32mBuilding C object CMakeFiles/agt_interfaces__rosidl_generator_py.dir/rosidl_generator_py/agt_interfaces/msg/_task_readiness_s.c.o[0m
[ 91%] [32mBuilding C object CMakeFiles/agt_interfaces__rosidl_generator_py.dir/rosidl_generator_py/agt_interfaces/srv/_get_system_health_s.c.o[0m
[ 92%] [32mBuilding C object CMakeFiles/agt_interfaces__rosidl_generator_py.dir/rosidl_generator_py/agt_interfaces/srv/_list_map_versions_s.c.o[0m
[ 92%] [32mBuilding C object CMakeFiles/agt_interfaces__rosidl_generator_py.dir/rosidl_generator_py/agt_interfaces/srv/_manage_map_version_s.c.o[0m
[ 93%] [32mBuilding C object CMakeFiles/agt_interfaces__rosidl_generator_py.dir/rosidl_generator_py/agt_interfaces/msg/_system_health_s.c.o[0m
[ 94%] [32mBuilding C object CMakeFiles/agt_interfaces__rosidl_generator_py.dir/rosidl_generator_py/agt_interfaces/srv/_get_robot_state_s.c.o[0m
[ 94%] [32mBuilding C object CMakeFiles/agt_interfaces__rosidl_generator_py.dir/rosidl_generator_py/agt_interfaces/srv/_evaluate_task_readiness_s.c.o[0m
[ 95%] [32mBuilding C object CMakeFiles/agt_interfaces__rosidl_generator_py.dir/rosidl_generator_py/agt_interfaces/action/_manage_mapping_session_s.c.o[0m
[ 95%] [32mBuilding C object CMakeFiles/agt_interfaces__rosidl_generator_py.dir/rosidl_generator_py/agt_interfaces/action/_change_system_mode_s.c.o[0m
[ 96%] [32mBuilding C object CMakeFiles/agt_interfaces__rosidl_generator_py.dir/rosidl_generator_py/agt_interfaces/srv/_set_localization_mode_s.c.o[0m
[ 96%] [32mBuilding C object CMakeFiles/agt_interfaces__rosidl_generator_py.dir/rosidl_generator_py/agt_interfaces/action/_relocalize_s.c.o[0m
[ 97%] [32mBuilding C object CMakeFiles/agt_interfaces__rosidl_generator_py.dir/rosidl_generator_py/agt_interfaces/srv/_get_task_group_s.c.o[0m
[ 97%] [32mBuilding C object CMakeFiles/agt_interfaces__rosidl_generator_py.dir/rosidl_generator_py/agt_interfaces/srv/_manage_bag_session_s.c.o[0m
[ 97%] [32mBuilding C object CMakeFiles/agt_interfaces__rosidl_generator_py.dir/rosidl_generator_py/agt_interfaces/srv/_list_experiments_s.c.o[0m
[ 97%] [32mBuilding C object CMakeFiles/agt_interfaces__rosidl_generator_py.dir/rosidl_generator_py/agt_interfaces/srv/_list_bag_sessions_s.c.o[0m
[ 97%] [32mBuilding C object CMakeFiles/agt_interfaces__rosidl_generator_py.dir/rosidl_generator_py/agt_interfaces/srv/_list_task_groups_s.c.o[0m
[ 97%] [32mBuilding C object CMakeFiles/agt_interfaces__rosidl_generator_py.dir/rosidl_generator_py/agt_interfaces/srv/_put_task_group_s.c.o[0m
[ 98%] [32mBuilding C object CMakeFiles/agt_interfaces__rosidl_generator_py.dir/rosidl_generator_py/agt_interfaces/srv/_get_navigation_session_s.c.o[0m
[ 98%] [32mBuilding C object CMakeFiles/agt_interfaces__rosidl_generator_py.dir/rosidl_generator_py/agt_interfaces/action/_execute_coverage_task_s.c.o[0m
[ 98%] [32mBuilding C object CMakeFiles/agt_interfaces__rosidl_generator_py.dir/rosidl_generator_py/agt_interfaces/srv/_archive_task_group_s.c.o[0m
[ 98%] [32mBuilding C object CMakeFiles/agt_interfaces__rosidl_generator_py.dir/rosidl_generator_py/agt_interfaces/action/_execute_mission_s.c.o[0m
[ 98%] [32mBuilding C object CMakeFiles/agt_interfaces__rosidl_generator_py.dir/rosidl_generator_py/agt_interfaces/action/_execute_waypoint_task_s.c.o[0m
[ 98%] [32mBuilding C object CMakeFiles/agt_interfaces__rosidl_generator_py.dir/rosidl_generator_py/agt_interfaces/action/_execute_behavior_tree_s.c.o[0m
[ 99%] [32mBuilding C object CMakeFiles/agt_interfaces__rosidl_generator_py.dir/rosidl_generator_py/agt_interfaces/action/_optimize_map_s.c.o[0m
[ 99%] [32m[1mLinking C shared library rosidl_generator_py/agt_interfaces/libagt_interfaces__rosidl_generator_py.so[0m
[ 99%] Built target agt_interfaces__rosidl_generator_py
[ 99%] [32mBuilding C object CMakeFiles/agt_interfaces__rosidl_typesupport_fastrtps_c__pyext.dir/rosidl_generator_py/agt_interfaces/_agt_interfaces_s.ep.rosidl_typesupport_fastrtps_c.c.o[0m
[ 99%] [32mBuilding C object CMakeFiles/agt_interfaces__rosidl_typesupport_introspection_c__pyext.dir/rosidl_generator_py/agt_interfaces/_agt_interfaces_s.ep.rosidl_typesupport_introspection_c.c.o[0m
[100%] [32mBuilding C object CMakeFiles/agt_interfaces__rosidl_typesupport_c__pyext.dir/rosidl_generator_py/agt_interfaces/_agt_interfaces_s.ep.rosidl_typesupport_c.c.o[0m
[100%] [32m[1mLinking C shared library rosidl_generator_py/agt_interfaces/agt_interfaces_s__rosidl_typesupport_c.cpython-310-x86_64-linux-gnu.so[0m
[100%] [32m[1mLinking C shared library rosidl_generator_py/agt_interfaces/agt_interfaces_s__rosidl_typesupport_introspection_c.cpython-310-x86_64-linux-gnu.so[0m
[100%] [32m[1mLinking C shared library rosidl_generator_py/agt_interfaces/agt_interfaces_s__rosidl_typesupport_fastrtps_c.cpython-310-x86_64-linux-gnu.so[0m
[100%] Built target agt_interfaces__rosidl_typesupport_introspection_c__pyext
[100%] Built target agt_interfaces__rosidl_typesupport_c__pyext
[100%] Built target agt_interfaces__rosidl_typesupport_fastrtps_c__pyext
-- Install configuration: ""
-- Execute custom install script
-- Symlinking: /home/yangxuan/agt_navigation_runtime/install/agt_interfaces/share/ament_index/resource_index/rosidl_interfaces/agt_interfaces
-- Symlinking: /home/yangxuan/agt_navigation_runtime/install/agt_interfaces/include/agt_interfaces/agt_interfaces/action/change_system_mode.h
-- Symlinking: /home/yangxuan/agt_navigation_runtime/install/agt_interfaces/include/agt_interfaces/agt_interfaces/action/detail/change_system_mode__functions.h
-- Symlinking: /home/yangxuan/agt_navigation_runtime/install/agt_interfaces/include/agt_interfaces/agt_interfaces/action/detail/change_system_mode__struct.h
-- Symlinking: /home/yangxuan/agt_navigation_runtime/install/agt_interfaces/include/agt_interfaces/agt_interfaces/action/detail/change_system_mode__type_support.h
-- Symlinking: /home/yangxuan/agt_navigation_runtime/install/agt_interfaces/include/agt_interfaces/agt_interfaces/action/detail/execute_behavior_tree__functions.h
-- Symlinking: /home/yangxuan/agt_navigation_runtime/install/agt_interfaces/include/agt_interfaces/agt_interfaces/action/detail/execute_behavior_tree__struct.h
-- Symlinking: /home/yangxuan/agt_navigation_runtime/install/agt_interfaces/include/agt_interfaces/agt_interfaces/action/detail/execute_behavior_tree__type_support.h
-- Symlinking: /home/yangxuan/agt_navigation_runtime/install/agt_interfaces/include/agt_interfaces/agt_interfaces/action/detail/execute_coverage_task__functions.h
-- Symlinking: /home/yangxuan/agt_navigation_runtime/install/agt_interfaces/include/agt_interfaces/agt_interfaces/action/detail/execute_coverage_task__struct.h
-- Symlinking: /home/yangxuan/agt_navigation_runtime/install/agt_interfaces/include/agt_interfaces/agt_interfaces/action/detail/execute_coverage_task__type_support.h
-- Symlinking: /home/yangxuan/agt_navigation_runtime/install/agt_interfaces/include/agt_interfaces/agt_interfaces/action/detail/execute_mission__functions.h
-- Symlinking: /home/yangxuan/agt_navigation_runtime/install/agt_interfaces/include/agt_interfaces/agt_interfaces/action/detail/execute_mission__struct.h
-- Symlinking: /home/yangxuan/agt_navigation_runtime/install/agt_interfaces/include/agt_interfaces/agt_interfaces/action/detail/execute_mission__type_support.h
-- Symlinking: /home/yangxuan/agt_navigation_runtime/install/agt_interfaces/include/agt_interfaces/agt_interfaces/action/detail/execute_waypoint_task__functions.h
-- Symlinking: /home/yangxuan/agt_navigation_runtime/install/agt_interfaces/include/agt_interfaces/agt_interfaces/action/detail/execute_waypoint_task__struct.h
-- Symlinking: /home/yangxuan/agt_navigation_runtime/install/agt_interfaces/include/agt_interfaces/agt_interfaces/action/detail/execute_waypoint_task__type_support.h
-- Symlinking: /home/yangxuan/agt_navigation_runtime/install/agt_interfaces/include/agt_interfaces/agt_interfaces/action/detail/manage_mapping_session__functions.h
-- Symlinking: /home/yangxuan/agt_navigation_runtime/install/agt_interfaces/include/agt_interfaces/agt_interfaces/action/detail/manage_mapping_session__struct.h
-- Symlinking: /home/yangxuan/agt_navigation_runtime/install/agt_interfaces/include/agt_interfaces/agt_interfaces/action/detail/manage_mapping_session__type_support.h
-- Symlinking: /home/yangxuan/agt_navigation_runtime/install/agt_interfaces/include/agt_interfaces/agt_interfaces/action/detail/optimize_map__functions.h
-- Symlinking: /home/yangxuan/agt_navigation_runtime/install/agt_interfaces/include/agt_interfaces/agt_interfaces/action/detail/optimize_map__struct.h
-- Symlinking: /home/yangxuan/agt_navigation_runtime/install/agt_interfaces/include/agt_interfaces/agt_interfaces/action/detail/optimize_map__type_support.h
-- Symlinking: /home/yangxuan/agt_navigation_runtime/install/agt_interfaces/include/agt_interfaces/agt_interfaces/action/detail/relocalize__functions.h
-- Symlinking: /home/yangxuan/agt_navigation_runtime/install/agt_interfaces/include/agt_interfaces/agt_interfaces/action/detail/relocalize__struct.h
-- Symlinking: /home/yangxuan/agt_navigation_runtime/install/agt_interfaces/include/agt_interfaces/agt_interfaces/action/detail/relocalize__type_support.h
-- Symlinking: /home/yangxuan/agt_navigation_runtime/install/agt_interfaces/include/agt_interfaces/agt_interfaces/action/execute_behavior_tree.h
-- Symlinking: /home/yangxuan/agt_navigation_runtime/install/agt_interfaces/include/agt_interfaces/agt_interfaces/action/execute_coverage_task.h
-- Symlinking: /home/yangxuan/agt_navigation_runtime/install/agt_interfaces/include/agt_interfaces/agt_interfaces/action/execute_mission.h
-- Symlinking: /home/yangxuan/agt_navigation_runtime/install/agt_interfaces/include/agt_interfaces/agt_interfaces/action/execute_waypoint_task.h
-- Symlinking: /home/yangxuan/agt_navigation_runtime/install/agt_interfaces/include/agt_interfaces/agt_interfaces/action/manage_mapping_session.h
-- Symlinking: /home/yangxuan/agt_navigation_runtime/install/agt_interfaces/include/agt_interfaces/agt_interfaces/action/optimize_map.h
-- Symlinking: /home/yangxuan/agt_navigation_runtime/install/agt_interfaces/include/agt_interfaces/agt_interfaces/action/relocalize.h
-- Symlinking: /home/yangxuan/agt_navigation_runtime/install/agt_interfaces/include/agt_interfaces/agt_interfaces/msg/bag_session_summary.h
-- Symlinking: /home/yangxuan/agt_navigation_runtime/install/agt_interfaces/include/agt_interfaces/agt_interfaces/msg/component_health.h
-- Symlinking: /home/yangxuan/agt_navigation_runtime/install/agt_interfaces/include/agt_interfaces/agt_interfaces/msg/detail/bag_session_summary__functions.h
-- Symlinking: /home/yangxuan/agt_navigation_runtime/install/agt_interfaces/include/agt_interfaces/agt_interfaces/msg/detail/bag_session_summary__struct.h
-- Symlinking: /home/yangxuan/agt_navigation_runtime/install/agt_interfaces/include/agt_interfaces/agt_interfaces/msg/detail/bag_session_summary__type_support.h
-- Symlinking: /home/yangxuan/agt_navigation_runtime/install/agt_interfaces/include/agt_interfaces/agt_interfaces/msg/detail/component_health__functions.h
-- Symlinking: /home/yangxuan/agt_navigation_runtime/install/agt_interfaces/include/agt_interfaces/agt_interfaces/msg/detail/component_health__struct.h
-- Symlinking: /home/yangxuan/agt_navigation_runtime/install/agt_interfaces/include/agt_interfaces/agt_interfaces/msg/detail/component_health__type_support.h
-- Symlinking: /home/yangxuan/agt_navigation_runtime/install/agt_interfaces/include/agt_interfaces/agt_interfaces/msg/detail/experiment_summary__functions.h
-- Symlinking: /home/yangxuan/agt_navigation_runtime/install/agt_interfaces/include/agt_interfaces/agt_interfaces/msg/detail/experiment_summary__struct.h
-- Symlinking: /home/yangxuan/agt_navigation_runtime/install/agt_interfaces/include/agt_interfaces/agt_interfaces/msg/detail/experiment_summary__type_support.h
-- Symlinking: /home/yangxuan/agt_navigation_runtime/install/agt_interfaces/include/agt_interfaces/agt_interfaces/msg/detail/localization_status__functions.h
-- Symlinking: /home/yangxuan/agt_navigation_runtime/install/agt_interfaces/include/agt_interfaces/agt_interfaces/msg/detail/localization_status__struct.h
-- Symlinking: /home/yangxuan/agt_navigation_runtime/install/agt_interfaces/include/agt_interfaces/agt_interfaces/msg/detail/localization_status__type_support.h
-- Symlinking: /home/yangxuan/agt_navigation_runtime/install/agt_interfaces/include/agt_interfaces/agt_interfaces/msg/detail/map_version_summary__functions.h
-- Symlinking: /home/yangxuan/agt_navigation_runtime/install/agt_interfaces/include/agt_interfaces/agt_interfaces/msg/detail/map_version_summary__struct.h
-- Symlinking: /home/yangxuan/agt_navigation_runtime/install/agt_interfaces/include/agt_interfaces/agt_interfaces/msg/detail/map_version_summary__type_support.h
-- Symlinking: /home/yangxuan/agt_navigation_runtime/install/agt_interfaces/include/agt_interfaces/agt_interfaces/msg/detail/mission_event__functions.h
-- Symlinking: /home/yangxuan/agt_navigation_runtime/install/agt_interfaces/include/agt_interfaces/agt_interfaces/msg/detail/mission_event__struct.h
-- Symlinking: /home/yangxuan/agt_navigation_runtime/install/agt_interfaces/include/agt_interfaces/agt_interfaces/msg/detail/mission_event__type_support.h
-- Symlinking: /home/yangxuan/agt_navigation_runtime/install/agt_interfaces/include/agt_interfaces/agt_interfaces/msg/detail/mission_status__functions.h
-- Symlinking: /home/yangxuan/agt_navigation_runtime/install/agt_interfaces/include/agt_interfaces/agt_interfaces/msg/detail/mission_status__struct.h
-- Symlinking: /home/yangxuan/agt_navigation_runtime/install/agt_interfaces/include/agt_interfaces/agt_interfaces/msg/detail/mission_status__type_support.h
-- Symlinking: /home/yangxuan/agt_navigation_runtime/install/agt_interfaces/include/agt_interfaces/agt_interfaces/msg/detail/navigation_session_status__functions.h
-- Symlinking: /home/yangxuan/agt_navigation_runtime/install/agt_interfaces/include/agt_interfaces/agt_interfaces/msg/detail/navigation_session_status__struct.h
-- Symlinking: /home/yangxuan/agt_navigation_runtime/install/agt_interfaces/include/agt_interfaces/agt_interfaces/msg/detail/navigation_session_status__type_support.h
-- Symlinking: /home/yangxuan/agt_navigation_runtime/install/agt_interfaces/include/agt_interfaces/agt_interfaces/msg/detail/robot_state__functions.h
-- Symlinking: /home/yangxuan/agt_navigation_runtime/install/agt_interfaces/include/agt_interfaces/agt_interfaces/msg/detail/robot_state__struct.h
-- Symlinking: /home/yangxuan/agt_navigation_runtime/install/agt_interfaces/include/agt_interfaces/agt_interfaces/msg/detail/robot_state__type_support.h
-- Symlinking: /home/yangxuan/agt_navigation_runtime/install/agt_interfaces/include/agt_interfaces/agt_interfaces/msg/detail/semantic_waypoint__functions.h
-- Symlinking: /home/yangxuan/agt_navigation_runtime/install/agt_interfaces/include/agt_interfaces/agt_interfaces/msg/detail/semantic_waypoint__struct.h
-- Symlinking: /home/yangxuan/agt_navigation_runtime/install/agt_interfaces/include/agt_interfaces/agt_interfaces/msg/detail/semantic_waypoint__type_support.h
-- Symlinking: /home/yangxuan/agt_navigation_runtime/install/agt_interfaces/include/agt_interfaces/agt_interfaces/msg/detail/semantic_waypoint_array__functions.h
-- Symlinking: /home/yangxuan/agt_navigation_runtime/install/agt_interfaces/include/agt_interfaces/agt_interfaces/msg/detail/semantic_waypoint_array__struct.h
-- Symlinking: /home/yangxuan/agt_navigation_runtime/install/agt_interfaces/include/agt_interfaces/agt_interfaces/msg/detail/semantic_waypoint_array__type_support.h
-- Symlinking: /home/yangxuan/agt_navigation_runtime/install/agt_interfaces/include/agt_interfaces/agt_interfaces/msg/detail/system_health__functions.h
-- Symlinking: /home/yangxuan/agt_navigation_runtime/install/agt_interfaces/include/agt_interfaces/agt_interfaces/msg/detail/system_health__struct.h
-- Symlinking: /home/yangxuan/agt_navigation_runtime/install/agt_interfaces/include/agt_interfaces/agt_interfaces/msg/detail/system_health__type_support.h
-- Symlinking: /home/yangxuan/agt_navigation_runtime/install/agt_interfaces/include/agt_interfaces/agt_interfaces/msg/detail/task_readiness__functions.h
-- Symlinking: /home/yangxuan/agt_navigation_runtime/install/agt_interfaces/include/agt_interfaces/agt_interfaces/msg/detail/task_readiness__struct.h
-- Symlinking: /home/yangxuan/agt_navigation_runtime/install/agt_interfaces/include/agt_interfaces/agt_interfaces/msg/detail/task_readiness__type_support.h
-- Symlinking: /home/yangxuan/agt_navigation_runtime/install/agt_interfaces/include/agt_interfaces/agt_interfaces/msg/experiment_summary.h
-- Symlinking: /home/yangxuan/agt_navigation_runtime/install/agt_interfaces/include/agt_interfaces/agt_interfaces/msg/localization_status.h
-- Symlinking: /home/yangxuan/agt_navigation_runtime/install/agt_interfaces/include/agt_interfaces/agt_interfaces/msg/map_version_summary.h
-- Symlinking: /home/yangxuan/agt_navigation_runtime/install/agt_interfaces/include/agt_interfaces/agt_interfaces/msg/mission_event.h
-- Symlinking: /home/yangxuan/agt_navigation_runtime/install/agt_interfaces/include/agt_interfaces/agt_interfaces/msg/mission_status.h
-- Symlinking: /home/yangxuan/agt_navigation_runtime/install/agt_interfaces/include/agt_interfaces/agt_interfaces/msg/navigation_session_status.h
-- Symlinking: /home/yangxuan/agt_navigation_runtime/install/agt_interfaces/include/agt_interfaces/agt_interfaces/msg/robot_state.h
-- Symlinking: /home/yangxuan/agt_navigation_runtime/install/agt_interfaces/include/agt_interfaces/agt_interfaces/msg/rosidl_generator_c__visibility_control.h
-- Symlinking: /home/yangxuan/agt_navigation_runtime/install/agt_interfaces/include/agt_interfaces/agt_interfaces/msg/semantic_waypoint.h
-- Symlinking: /home/yangxuan/agt_navigation_runtime/install/agt_interfaces/include/agt_interfaces/agt_interfaces/msg/semantic_waypoint_array.h
-- Symlinking: /home/yangxuan/agt_navigation_runtime/install/agt_interfaces/include/agt_interfaces/agt_interfaces/msg/system_health.h
-- Symlinking: /home/yangxuan/agt_navigation_runtime/install/agt_interfaces/include/agt_interfaces/agt_interfaces/msg/task_readiness.h
-- Symlinking: /home/yangxuan/agt_navigation_runtime/install/agt_interfaces/include/agt_interfaces/agt_interfaces/srv/activate_map_version.h
-- Symlinking: /home/yangxuan/agt_navigation_runtime/install/agt_interfaces/include/agt_interfaces/agt_interfaces/srv/archive_task_group.h
-- Symlinking: /home/yangxuan/agt_navigation_runtime/install/agt_interfaces/include/agt_interfaces/agt_interfaces/srv/detail/activate_map_version__functions.h
-- Symlinking: /home/yangxuan/agt_navigation_runtime/install/agt_interfaces/include/agt_interfaces/agt_interfaces/srv/detail/activate_map_version__struct.h
-- Symlinking: /home/yangxuan/agt_navigation_runtime/install/agt_interfaces/include/agt_interfaces/agt_interfaces/srv/detail/activate_map_version__type_support.h
-- Symlinking: /home/yangxuan/agt_navigation_runtime/install/agt_interfaces/include/agt_interfaces/agt_interfaces/srv/detail/archive_task_group__functions.h
-- Symlinking: /home/yangxuan/agt_navigation_runtime/install/agt_interfaces/include/agt_interfaces/agt_interfaces/srv/detail/archive_task_group__struct.h
-- Symlinking: /home/yangxuan/agt_navigation_runtime/install/agt_interfaces/include/agt_interfaces/agt_interfaces/srv/detail/archive_task_group__type_support.h
-- Symlinking: /home/yangxuan/agt_navigation_runtime/install/agt_interfaces/include/agt_interfaces/agt_interfaces/srv/detail/evaluate_task_readiness__functions.h
-- Symlinking: /home/yangxuan/agt_navigation_runtime/install/agt_interfaces/include/agt_interfaces/agt_interfaces/srv/detail/evaluate_task_readiness__struct.h
-- Symlinking: /home/yangxuan/agt_navigation_runtime/install/agt_interfaces/include/agt_interfaces/agt_interfaces/srv/detail/evaluate_task_readiness__type_support.h
-- Symlinking: /home/yangxuan/agt_navigation_runtime/install/agt_interfaces/include/agt_interfaces/agt_interfaces/srv/detail/get_navigation_session__functions.h
-- Symlinking: /home/yangxuan/agt_navigation_runtime/install/agt_interfaces/include/agt_interfaces/agt_interfaces/srv/detail/get_navigation_session__struct.h
-- Symlinking: /home/yangxuan/agt_navigation_runtime/install/agt_interfaces/include/agt_interfaces/agt_interfaces/srv/detail/get_navigation_session__type_support.h
-- Symlinking: /home/yangxuan/agt_navigation_runtime/install/agt_interfaces/include/agt_interfaces/agt_interfaces/srv/detail/get_robot_state__functions.h
-- Symlinking: /home/yangxuan/agt_navigation_runtime/install/agt_interfaces/include/agt_interfaces/agt_interfaces/srv/detail/get_robot_state__struct.h
-- Symlinking: /home/yangxuan/agt_navigation_runtime/install/agt_interfaces/include/agt_interfaces/agt_interfaces/srv/detail/get_robot_state__type_support.h
-- Symlinking: /home/yangxuan/agt_navigation_runtime/install/agt_interfaces/include/agt_interfaces/agt_interfaces/srv/detail/get_system_health__functions.h
-- Symlinking: /home/yangxuan/agt_navigation_runtime/install/agt_interfaces/include/agt_interfaces/agt_interfaces/srv/detail/get_system_health__struct.h
-- Symlinking: /home/yangxuan/agt_navigation_runtime/install/agt_interfaces/include/agt_interfaces/agt_interfaces/srv/detail/get_system_health__type_support.h
-- Symlinking: /home/yangxuan/agt_navigation_runtime/install/agt_interfaces/include/agt_interfaces/agt_interfaces/srv/detail/get_task_group__functions.h
-- Symlinking: /home/yangxuan/agt_navigation_runtime/install/agt_interfaces/include/agt_interfaces/agt_interfaces/srv/detail/get_task_group__struct.h
-- Symlinking: /home/yangxuan/agt_navigation_runtime/install/agt_interfaces/include/agt_interfaces/agt_interfaces/srv/detail/get_task_group__type_support.h
-- Symlinking: /home/yangxuan/agt_navigation_runtime/install/agt_interfaces/include/agt_interfaces/agt_interfaces/srv/detail/list_bag_sessions__functions.h
-- Symlinking: /home/yangxuan/agt_navigation_runtime/install/agt_interfaces/include/agt_interfaces/agt_interfaces/srv/detail/list_bag_sessions__struct.h
-- Symlinking: /home/yangxuan/agt_navigation_runtime/install/agt_interfaces/include/agt_interfaces/agt_interfaces/srv/detail/list_bag_sessions__type_support.h
-- Symlinking: /home/yangxuan/agt_navigation_runtime/install/agt_interfaces/include/agt_interfaces/agt_interfaces/srv/detail/list_experiments__functions.h
-- Symlinking: /home/yangxuan/agt_navigation_runtime/install/agt_interfaces/include/agt_interfaces/agt_interfaces/srv/detail/list_experiments__struct.h
-- Symlinking: /home/yangxuan/agt_navigation_runtime/install/agt_interfaces/include/agt_interfaces/agt_interfaces/srv/detail/list_experiments__type_support.h
-- Symlinking: /home/yangxuan/agt_navigation_runtime/install/agt_interfaces/include/agt_interfaces/agt_interfaces/srv/detail/list_map_versions__functions.h
-- Symlinking: /home/yangxuan/agt_navigation_runtime/install/agt_interfaces/include/agt_interfaces/agt_interfaces/srv/detail/list_map_versions__struct.h
-- Symlinking: /home/yangxuan/agt_navigation_runtime/install/agt_interfaces/include/agt_interfaces/agt_interfaces/srv/detail/list_map_versions__type_support.h
-- Symlinking: /home/yangxuan/agt_navigation_runtime/install/agt_interfaces/include/agt_interfaces/agt_interfaces/srv/detail/list_task_groups__functions.h
-- Symlinking: /home/yangxuan/agt_navigation_runtime/install/agt_interfaces/include/agt_interfaces/agt_interfaces/srv/detail/list_task_groups__struct.h
-- Symlinking: /home/yangxuan/agt_navigation_runtime/install/agt_interfaces/include/agt_interfaces/agt_interfaces/srv/detail/list_task_groups__type_support.h
-- Symlinking: /home/yangxuan/agt_navigation_runtime/install/agt_interfaces/include/agt_interfaces/agt_interfaces/srv/detail/manage_bag_session__functions.h
-- Symlinking: /home/yangxuan/agt_navigation_runtime/install/agt_interfaces/include/agt_interfaces/agt_interfaces/srv/detail/manage_bag_session__struct.h
-- Symlinking: /home/yangxuan/agt_navigation_runtime/install/agt_interfaces/include/agt_interfaces/agt_interfaces/srv/detail/manage_bag_session__type_support.h
-- Symlinking: /home/yangxuan/agt_navigation_runtime/install/agt_interfaces/include/agt_interfaces/agt_interfaces/srv/detail/manage_map_version__functions.h
-- Symlinking: /home/yangxuan/agt_navigation_runtime/install/agt_interfaces/include/agt_interfaces/agt_interfaces/srv/detail/manage_map_version__struct.h
-- Symlinking: /home/yangxuan/agt_navigation_runtime/install/agt_interfaces/include/agt_interfaces/agt_interfaces/srv/detail/manage_map_version__type_support.h
-- Symlinking: /home/yangxuan/agt_navigation_runtime/install/agt_interfaces/include/agt_interfaces/agt_interfaces/srv/detail/put_task_group__functions.h
-- Symlinking: /home/yangxuan/agt_navigation_runtime/install/agt_interfaces/include/agt_interfaces/agt_interfaces/srv/detail/put_task_group__struct.h
-- Symlinking: /home/yangxuan/agt_navigation_runtime/install/agt_interfaces/include/agt_interfaces/agt_interfaces/srv/detail/put_task_group__type_support.h
-- Symlinking: /home/yangxuan/agt_navigation_runtime/install/agt_interfaces/include/agt_interfaces/agt_interfaces/srv/detail/set_localization_mode__functions.h
-- Symlinking: /home/yangxuan/agt_navigation_runtime/install/agt_interfaces/include/agt_interfaces/agt_interfaces/srv/detail/set_localization_mode__struct.h
-- Symlinking: /home/yangxuan/agt_navigation_runtime/install/agt_interfaces/include/agt_interfaces/agt_interfaces/srv/detail/set_localization_mode__type_support.h
-- Symlinking: /home/yangxuan/agt_navigation_runtime/install/agt_interfaces/include/agt_interfaces/agt_interfaces/srv/detail/set_mission_run_state__functions.h
-- Symlinking: /home/yangxuan/agt_navigation_runtime/install/agt_interfaces/include/agt_interfaces/agt_interfaces/srv/detail/set_mission_run_state__struct.h
-- Symlinking: /home/yangxuan/agt_navigation_runtime/install/agt_interfaces/include/agt_interfaces/agt_interfaces/srv/detail/set_mission_run_state__type_support.h
-- Symlinking: /home/yangxuan/agt_navigation_runtime/install/agt_interfaces/include/agt_interfaces/agt_interfaces/srv/evaluate_task_readiness.h
-- Symlinking: /home/yangxuan/agt_navigation_runtime/install/agt_interfaces/include/agt_interfaces/agt_interfaces/srv/get_navigation_session.h
-- Symlinking: /home/yangxuan/agt_navigation_runtime/install/agt_interfaces/include/agt_interfaces/agt_interfaces/srv/get_robot_state.h
-- Symlinking: /home/yangxuan/agt_navigation_runtime/install/agt_interfaces/include/agt_interfaces/agt_interfaces/srv/get_system_health.h
-- Symlinking: /home/yangxuan/agt_navigation_runtime/install/agt_interfaces/include/agt_interfaces/agt_interfaces/srv/get_task_group.h
-- Symlinking: /home/yangxuan/agt_navigation_runtime/install/agt_interfaces/include/agt_interfaces/agt_interfaces/srv/list_bag_sessions.h
-- Symlinking: /home/yangxuan/agt_navigation_runtime/install/agt_interfaces/include/agt_interfaces/agt_interfaces/srv/list_experiments.h
-- Symlinking: /home/yangxuan/agt_navigation_runtime/install/agt_interfaces/include/agt_interfaces/agt_interfaces/srv/list_map_versions.h
-- Symlinking: /home/yangxuan/agt_navigation_runtime/install/agt_interfaces/include/agt_interfaces/agt_interfaces/srv/list_task_groups.h
-- Symlinking: /home/yangxuan/agt_navigation_runtime/install/agt_interfaces/include/agt_interfaces/agt_interfaces/srv/manage_bag_session.h
-- Symlinking: /home/yangxuan/agt_navigation_runtime/install/agt_interfaces/include/agt_interfaces/agt_interfaces/srv/manage_map_version.h
-- Symlinking: /home/yangxuan/agt_navigation_runtime/install/agt_interfaces/include/agt_interfaces/agt_interfaces/srv/put_task_group.h
-- Symlinking: /home/yangxuan/agt_navigation_runtime/install/agt_interfaces/include/agt_interfaces/agt_interfaces/srv/set_localization_mode.h
-- Symlinking: /home/yangxuan/agt_navigation_runtime/install/agt_interfaces/include/agt_interfaces/agt_interfaces/srv/set_mission_run_state.h
-- Symlinking: /home/yangxuan/agt_navigation_runtime/install/agt_interfaces/share/agt_interfaces/environment/library_path.sh
-- Symlinking: /home/yangxuan/agt_navigation_runtime/install/agt_interfaces/share/agt_interfaces/environment/library_path.dsv
-- Symlinking: /home/yangxuan/agt_navigation_runtime/install/agt_interfaces/include/agt_interfaces/agt_interfaces/action/detail/change_system_mode__rosidl_typesupport_fastrtps_c.h
-- Symlinking: /home/yangxuan/agt_navigation_runtime/install/agt_interfaces/include/agt_interfaces/agt_interfaces/action/detail/execute_behavior_tree__rosidl_typesupport_fastrtps_c.h
-- Symlinking: /home/yangxuan/agt_navigation_runtime/install/agt_interfaces/include/agt_interfaces/agt_interfaces/action/detail/execute_coverage_task__rosidl_typesupport_fastrtps_c.h
-- Symlinking: /home/yangxuan/agt_navigation_runtime/install/agt_interfaces/include/agt_interfaces/agt_interfaces/action/detail/execute_mission__rosidl_typesupport_fastrtps_c.h
-- Symlinking: /home/yangxuan/agt_navigation_runtime/install/agt_interfaces/include/agt_interfaces/agt_interfaces/action/detail/execute_waypoint_task__rosidl_typesupport_fastrtps_c.h
-- Symlinking: /home/yangxuan/agt_navigation_runtime/install/agt_interfaces/include/agt_interfaces/agt_interfaces/action/detail/manage_mapping_session__rosidl_typesupport_fastrtps_c.h
-- Symlinking: /home/yangxuan/agt_navigation_runtime/install/agt_interfaces/include/agt_interfaces/agt_interfaces/action/detail/optimize_map__rosidl_typesupport_fastrtps_c.h
-- Symlinking: /home/yangxuan/agt_navigation_runtime/install/agt_interfaces/include/agt_interfaces/agt_interfaces/action/detail/relocalize__rosidl_typesupport_fastrtps_c.h
-- Symlinking: /home/yangxuan/agt_navigation_runtime/install/agt_interfaces/include/agt_interfaces/agt_interfaces/msg/detail/bag_session_summary__rosidl_typesupport_fastrtps_c.h
-- Symlinking: /home/yangxuan/agt_navigation_runtime/install/agt_interfaces/include/agt_interfaces/agt_interfaces/msg/detail/component_health__rosidl_typesupport_fastrtps_c.h
-- Symlinking: /home/yangxuan/agt_navigation_runtime/install/agt_interfaces/include/agt_interfaces/agt_interfaces/msg/detail/experiment_summary__rosidl_typesupport_fastrtps_c.h
-- Symlinking: /home/yangxuan/agt_navigation_runtime/install/agt_interfaces/include/agt_interfaces/agt_interfaces/msg/detail/localization_status__rosidl_typesupport_fastrtps_c.h
-- Symlinking: /home/yangxuan/agt_navigation_runtime/install/agt_interfaces/include/agt_interfaces/agt_interfaces/msg/detail/map_version_summary__rosidl_typesupport_fastrtps_c.h
-- Symlinking: /home/yangxuan/agt_navigation_runtime/install/agt_interfaces/include/agt_interfaces/agt_interfaces/msg/detail/mission_event__rosidl_typesupport_fastrtps_c.h
-- Symlinking: /home/yangxuan/agt_navigation_runtime/install/agt_interfaces/include/agt_interfaces/agt_interfaces/msg/detail/mission_status__rosidl_typesupport_fastrtps_c.h
-- Symlinking: /home/yangxuan/agt_navigation_runtime/install/agt_interfaces/include/agt_interfaces/agt_interfaces/msg/detail/navigation_session_status__rosidl_typesupport_fastrtps_c.h
-- Symlinking: /home/yangxuan/agt_navigation_runtime/install/agt_interfaces/include/agt_interfaces/agt_interfaces/msg/detail/robot_state__rosidl_typesupport_fastrtps_c.h
-- Symlinking: /home/yangxuan/agt_navigation_runtime/install/agt_interfaces/include/agt_interfaces/agt_interfaces/msg/detail/semantic_waypoint__rosidl_typesupport_fastrtps_c.h
-- Symlinking: /home/yangxuan/agt_navigation_runtime/install/agt_interfaces/include/agt_interfaces/agt_interfaces/msg/detail/semantic_waypoint_array__rosidl_typesupport_fastrtps_c.h
-- Symlinking: /home/yangxuan/agt_navigation_runtime/install/agt_interfaces/include/agt_interfaces/agt_interfaces/msg/detail/system_health__rosidl_typesupport_fastrtps_c.h
-- Symlinking: /home/yangxuan/agt_navigation_runtime/install/agt_interfaces/include/agt_interfaces/agt_interfaces/msg/detail/task_readiness__rosidl_typesupport_fastrtps_c.h
-- Symlinking: /home/yangxuan/agt_navigation_runtime/install/agt_interfaces/include/agt_interfaces/agt_interfaces/msg/rosidl_typesupport_fastrtps_c__visibility_control.h
-- Symlinking: /home/yangxuan/agt_navigation_runtime/install/agt_interfaces/include/agt_interfaces/agt_interfaces/srv/detail/activate_map_version__rosidl_typesupport_fastrtps_c.h
-- Symlinking: /home/yangxuan/agt_navigation_runtime/install/agt_interfaces/include/agt_interfaces/agt_interfaces/srv/detail/archive_task_group__rosidl_typesupport_fastrtps_c.h
-- Symlinking: /home/yangxuan/agt_navigation_runtime/install/agt_interfaces/include/agt_interfaces/agt_interfaces/srv/detail/evaluate_task_readiness__rosidl_typesupport_fastrtps_c.h
-- Symlinking: /home/yangxuan/agt_navigation_runtime/install/agt_interfaces/include/agt_interfaces/agt_interfaces/srv/detail/get_navigation_session__rosidl_typesupport_fastrtps_c.h
-- Symlinking: /home/yangxuan/agt_navigation_runtime/install/agt_interfaces/include/agt_interfaces/agt_interfaces/srv/detail/get_robot_state__rosidl_typesupport_fastrtps_c.h
-- Symlinking: /home/yangxuan/agt_navigation_runtime/install/agt_interfaces/include/agt_interfaces/agt_interfaces/srv/detail/get_system_health__rosidl_typesupport_fastrtps_c.h
-- Symlinking: /home/yangxuan/agt_navigation_runtime/install/agt_interfaces/include/agt_interfaces/agt_interfaces/srv/detail/get_task_group__rosidl_typesupport_fastrtps_c.h
-- Symlinking: /home/yangxuan/agt_navigation_runtime/install/agt_interfaces/include/agt_interfaces/agt_interfaces/srv/detail/list_bag_sessions__rosidl_typesupport_fastrtps_c.h
-- Symlinking: /home/yangxuan/agt_navigation_runtime/install/agt_interfaces/include/agt_interfaces/agt_interfaces/srv/detail/list_experiments__rosidl_typesupport_fastrtps_c.h
-- Symlinking: /home/yangxuan/agt_navigation_runtime/install/agt_interfaces/include/agt_interfaces/agt_interfaces/srv/detail/list_map_versions__rosidl_typesupport_fastrtps_c.h
-- Symlinking: /home/yangxuan/agt_navigation_runtime/install/agt_interfaces/include/agt_interfaces/agt_interfaces/srv/detail/list_task_groups__rosidl_typesupport_fastrtps_c.h
-- Symlinking: /home/yangxuan/agt_navigation_runtime/install/agt_interfaces/include/agt_interfaces/agt_interfaces/srv/detail/manage_bag_session__rosidl_typesupport_fastrtps_c.h
-- Symlinking: /home/yangxuan/agt_navigation_runtime/install/agt_interfaces/include/agt_interfaces/agt_interfaces/srv/detail/manage_map_version__rosidl_typesupport_fastrtps_c.h
-- Symlinking: /home/yangxuan/agt_navigation_runtime/install/agt_interfaces/include/agt_interfaces/agt_interfaces/srv/detail/put_task_group__rosidl_typesupport_fastrtps_c.h
-- Symlinking: /home/yangxuan/agt_navigation_runtime/install/agt_interfaces/include/agt_interfaces/agt_interfaces/srv/detail/set_localization_mode__rosidl_typesupport_fastrtps_c.h
-- Symlinking: /home/yangxuan/agt_navigation_runtime/install/agt_interfaces/include/agt_interfaces/agt_interfaces/srv/detail/set_mission_run_state__rosidl_typesupport_fastrtps_c.h
-- Symlinking: /home/yangxuan/agt_navigation_runtime/install/agt_interfaces/include/agt_interfaces/agt_interfaces/action/change_system_mode.hpp
-- Symlinking: /home/yangxuan/agt_navigation_runtime/install/agt_interfaces/include/agt_interfaces/agt_interfaces/action/detail/change_system_mode__builder.hpp
-- Symlinking: /home/yangxuan/agt_navigation_runtime/install/agt_interfaces/include/agt_interfaces/agt_interfaces/action/detail/change_system_mode__struct.hpp
-- Symlinking: /home/yangxuan/agt_navigation_runtime/install/agt_interfaces/include/agt_interfaces/agt_interfaces/action/detail/change_system_mode__traits.hpp
-- Symlinking: /home/yangxuan/agt_navigation_runtime/install/agt_interfaces/include/agt_interfaces/agt_interfaces/action/detail/change_system_mode__type_support.hpp
-- Symlinking: /home/yangxuan/agt_navigation_runtime/install/agt_interfaces/include/agt_interfaces/agt_interfaces/action/detail/execute_behavior_tree__builder.hpp
-- Symlinking: /home/yangxuan/agt_navigation_runtime/install/agt_interfaces/include/agt_interfaces/agt_interfaces/action/detail/execute_behavior_tree__struct.hpp
-- Symlinking: /home/yangxuan/agt_navigation_runtime/install/agt_interfaces/include/agt_interfaces/agt_interfaces/action/detail/execute_behavior_tree__traits.hpp
-- Symlinking: /home/yangxuan/agt_navigation_runtime/install/agt_interfaces/include/agt_interfaces/agt_interfaces/action/detail/execute_behavior_tree__type_support.hpp
-- Symlinking: /home/yangxuan/agt_navigation_runtime/install/agt_interfaces/include/agt_interfaces/agt_interfaces/action/detail/execute_coverage_task__builder.hpp
-- Symlinking: /home/yangxuan/agt_navigation_runtime/install/agt_interfaces/include/agt_interfaces/agt_interfaces/action/detail/execute_coverage_task__struct.hpp
-- Symlinking: /home/yangxuan/agt_navigation_runtime/install/agt_interfaces/include/agt_interfaces/agt_interfaces/action/detail/execute_coverage_task__traits.hpp
-- Symlinking: /home/yangxuan/agt_navigation_runtime/install/agt_interfaces/include/agt_interfaces/agt_interfaces/action/detail/execute_coverage_task__type_support.hpp
-- Symlinking: /home/yangxuan/agt_navigation_runtime/install/agt_interfaces/include/agt_interfaces/agt_interfaces/action/detail/execute_mission__builder.hpp
-- Symlinking: /home/yangxuan/agt_navigation_runtime/install/agt_interfaces/include/agt_interfaces/agt_interfaces/action/detail/execute_mission__struct.hpp
-- Symlinking: /home/yangxuan/agt_navigation_runtime/install/agt_interfaces/include/agt_interfaces/agt_interfaces/action/detail/execute_mission__traits.hpp
-- Symlinking: /home/yangxuan/agt_navigation_runtime/install/agt_interfaces/include/agt_interfaces/agt_interfaces/action/detail/execute_mission__type_support.hpp
-- Symlinking: /home/yangxuan/agt_navigation_runtime/install/agt_interfaces/include/agt_interfaces/agt_interfaces/action/detail/execute_waypoint_task__builder.hpp
-- Symlinking: /home/yangxuan/agt_navigation_runtime/install/agt_interfaces/include/agt_interfaces/agt_interfaces/action/detail/execute_waypoint_task__struct.hpp
-- Symlinking: /home/yangxuan/agt_navigation_runtime/install/agt_interfaces/include/agt_interfaces/agt_interfaces/action/detail/execute_waypoint_task__traits.hpp
-- Symlinking: /home/yangxuan/agt_navigation_runtime/install/agt_interfaces/include/agt_interfaces/agt_interfaces/action/detail/execute_waypoint_task__type_support.hpp
-- Symlinking: /home/yangxuan/agt_navigation_runtime/install/agt_interfaces/include/agt_interfaces/agt_interfaces/action/detail/manage_mapping_session__builder.hpp
-- Symlinking: /home/yangxuan/agt_navigation_runtime/install/agt_interfaces/include/agt_interfaces/agt_interfaces/action/detail/manage_mapping_session__struct.hpp
-- Symlinking: /home/yangxuan/agt_navigation_runtime/install/agt_interfaces/include/agt_interfaces/agt_interfaces/action/detail/manage_mapping_session__traits.hpp
-- Symlinking: /home/yangxuan/agt_navigation_runtime/install/agt_interfaces/include/agt_interfaces/agt_interfaces/action/detail/manage_mapping_session__type_support.hpp
-- Symlinking: /home/yangxuan/agt_navigation_runtime/install/agt_interfaces/include/agt_interfaces/agt_interfaces/action/detail/optimize_map__builder.hpp
-- Symlinking: /home/yangxuan/agt_navigation_runtime/install/agt_interfaces/include/agt_interfaces/agt_interfaces/action/detail/optimize_map__struct.hpp
-- Symlinking: /home/yangxuan/agt_navigation_runtime/install/agt_interfaces/include/agt_interfaces/agt_interfaces/action/detail/optimize_map__traits.hpp
-- Symlinking: /home/yangxuan/agt_navigation_runtime/install/agt_interfaces/include/agt_interfaces/agt_interfaces/action/detail/optimize_map__type_support.hpp
-- Symlinking: /home/yangxuan/agt_navigation_runtime/install/agt_interfaces/include/agt_interfaces/agt_interfaces/action/detail/relocalize__builder.hpp
-- Symlinking: /home/yangxuan/agt_navigation_runtime/install/agt_interfaces/include/agt_interfaces/agt_interfaces/action/detail/relocalize__struct.hpp
-- Symlinking: /home/yangxuan/agt_navigation_runtime/install/agt_interfaces/include/agt_interfaces/agt_interfaces/action/detail/relocalize__traits.hpp
-- Symlinking: /home/yangxuan/agt_navigation_runtime/install/agt_interfaces/include/agt_interfaces/agt_interfaces/action/detail/relocalize__type_support.hpp
-- Symlinking: /home/yangxuan/agt_navigation_runtime/install/agt_interfaces/include/agt_interfaces/agt_interfaces/action/execute_behavior_tree.hpp
-- Symlinking: /home/yangxuan/agt_navigation_runtime/install/agt_interfaces/include/agt_interfaces/agt_interfaces/action/execute_coverage_task.hpp
-- Symlinking: /home/yangxuan/agt_navigation_runtime/install/agt_interfaces/include/agt_interfaces/agt_interfaces/action/execute_mission.hpp
-- Symlinking: /home/yangxuan/agt_navigation_runtime/install/agt_interfaces/include/agt_interfaces/agt_interfaces/action/execute_waypoint_task.hpp
-- Symlinking: /home/yangxuan/agt_navigation_runtime/install/agt_interfaces/include/agt_interfaces/agt_interfaces/action/manage_mapping_session.hpp
-- Symlinking: /home/yangxuan/agt_navigation_runtime/install/agt_interfaces/include/agt_interfaces/agt_interfaces/action/optimize_map.hpp
-- Symlinking: /home/yangxuan/agt_navigation_runtime/install/agt_interfaces/include/agt_interfaces/agt_interfaces/action/relocalize.hpp
-- Symlinking: /home/yangxuan/agt_navigation_runtime/install/agt_interfaces/include/agt_interfaces/agt_interfaces/msg/bag_session_summary.hpp
-- Symlinking: /home/yangxuan/agt_navigation_runtime/install/agt_interfaces/include/agt_interfaces/agt_interfaces/msg/component_health.hpp
-- Symlinking: /home/yangxuan/agt_navigation_runtime/install/agt_interfaces/include/agt_interfaces/agt_interfaces/msg/detail/bag_session_summary__builder.hpp
-- Symlinking: /home/yangxuan/agt_navigation_runtime/install/agt_interfaces/include/agt_interfaces/agt_interfaces/msg/detail/bag_session_summary__struct.hpp
-- Symlinking: /home/yangxuan/agt_navigation_runtime/install/agt_interfaces/include/agt_interfaces/agt_interfaces/msg/detail/bag_session_summary__traits.hpp
-- Symlinking: /home/yangxuan/agt_navigation_runtime/install/agt_interfaces/include/agt_interfaces/agt_interfaces/msg/detail/bag_session_summary__type_support.hpp
-- Symlinking: /home/yangxuan/agt_navigation_runtime/install/agt_interfaces/include/agt_interfaces/agt_interfaces/msg/detail/component_health__builder.hpp
-- Symlinking: /home/yangxuan/agt_navigation_runtime/install/agt_interfaces/include/agt_interfaces/agt_interfaces/msg/detail/component_health__struct.hpp
-- Symlinking: /home/yangxuan/agt_navigation_runtime/install/agt_interfaces/include/agt_interfaces/agt_interfaces/msg/detail/component_health__traits.hpp
-- Symlinking: /home/yangxuan/agt_navigation_runtime/install/agt_interfaces/include/agt_interfaces/agt_interfaces/msg/detail/component_health__type_support.hpp
-- Symlinking: /home/yangxuan/agt_navigation_runtime/install/agt_interfaces/include/agt_interfaces/agt_interfaces/msg/detail/experiment_summary__builder.hpp
-- Symlinking: /home/yangxuan/agt_navigation_runtime/install/agt_interfaces/include/agt_interfaces/agt_interfaces/msg/detail/experiment_summary__struct.hpp
-- Symlinking: /home/yangxuan/agt_navigation_runtime/install/agt_interfaces/include/agt_interfaces/agt_interfaces/msg/detail/experiment_summary__traits.hpp
-- Symlinking: /home/yangxuan/agt_navigation_runtime/install/agt_interfaces/include/agt_interfaces/agt_interfaces/msg/detail/experiment_summary__type_support.hpp
-- Symlinking: /home/yangxuan/agt_navigation_runtime/install/agt_interfaces/include/agt_interfaces/agt_interfaces/msg/detail/localization_status__builder.hpp
-- Symlinking: /home/yangxuan/agt_navigation_runtime/install/agt_interfaces/include/agt_interfaces/agt_interfaces/msg/detail/localization_status__struct.hpp
-- Symlinking: /home/yangxuan/agt_navigation_runtime/install/agt_interfaces/include/agt_interfaces/agt_interfaces/msg/detail/localization_status__traits.hpp
-- Symlinking: /home/yangxuan/agt_navigation_runtime/install/agt_interfaces/include/agt_interfaces/agt_interfaces/msg/detail/localization_status__type_support.hpp
-- Symlinking: /home/yangxuan/agt_navigation_runtime/install/agt_interfaces/include/agt_interfaces/agt_interfaces/msg/detail/map_version_summary__builder.hpp
-- Symlinking: /home/yangxuan/agt_navigation_runtime/install/agt_interfaces/include/agt_interfaces/agt_interfaces/msg/detail/map_version_summary__struct.hpp
-- Symlinking: /home/yangxuan/agt_navigation_runtime/install/agt_interfaces/include/agt_interfaces/agt_interfaces/msg/detail/map_version_summary__traits.hpp
-- Symlinking: /home/yangxuan/agt_navigation_runtime/install/agt_interfaces/include/agt_interfaces/agt_interfaces/msg/detail/map_version_summary__type_support.hpp
-- Symlinking: /home/yangxuan/agt_navigation_runtime/install/agt_interfaces/include/agt_interfaces/agt_interfaces/msg/detail/mission_event__builder.hpp
-- Symlinking: /home/yangxuan/agt_navigation_runtime/install/agt_interfaces/include/agt_interfaces/agt_interfaces/msg/detail/mission_event__struct.hpp
-- Symlinking: /home/yangxuan/agt_navigation_runtime/install/agt_interfaces/include/agt_interfaces/agt_interfaces/msg/detail/mission_event__traits.hpp
-- Symlinking: /home/yangxuan/agt_navigation_runtime/install/agt_interfaces/include/agt_interfaces/agt_interfaces/msg/detail/mission_event__type_support.hpp
-- Symlinking: /home/yangxuan/agt_navigation_runtime/install/agt_interfaces/include/agt_interfaces/agt_interfaces/msg/detail/mission_status__builder.hpp
-- Symlinking: /home/yangxuan/agt_navigation_runtime/install/agt_interfaces/include/agt_interfaces/agt_interfaces/msg/detail/mission_status__struct.hpp
-- Symlinking: /home/yangxuan/agt_navigation_runtime/install/agt_interfaces/include/agt_interfaces/agt_interfaces/msg/detail/mission_status__traits.hpp
-- Symlinking: /home/yangxuan/agt_navigation_runtime/install/agt_interfaces/include/agt_interfaces/agt_interfaces/msg/detail/mission_status__type_support.hpp
-- Symlinking: /home/yangxuan/agt_navigation_runtime/install/agt_interfaces/include/agt_interfaces/agt_interfaces/msg/detail/navigation_session_status__builder.hpp
-- Symlinking: /home/yangxuan/agt_navigation_runtime/install/agt_interfaces/include/agt_interfaces/agt_interfaces/msg/detail/navigation_session_status__struct.hpp
-- Symlinking: /home/yangxuan/agt_navigation_runtime/install/agt_interfaces/include/agt_interfaces/agt_interfaces/msg/detail/navigation_session_status__traits.hpp
-- Symlinking: /home/yangxuan/agt_navigation_runtime/install/agt_interfaces/include/agt_interfaces/agt_interfaces/msg/detail/navigation_session_status__type_support.hpp
-- Symlinking: /home/yangxuan/agt_navigation_runtime/install/agt_interfaces/include/agt_interfaces/agt_interfaces/msg/detail/robot_state__builder.hpp
-- Symlinking: /home/yangxuan/agt_navigation_runtime/install/agt_interfaces/include/agt_interfaces/agt_interfaces/msg/detail/robot_state__struct.hpp
-- Symlinking: /home/yangxuan/agt_navigation_runtime/install/agt_interfaces/include/agt_interfaces/agt_interfaces/msg/detail/robot_state__traits.hpp
-- Symlinking: /home/yangxuan/agt_navigation_runtime/install/agt_interfaces/include/agt_interfaces/agt_interfaces/msg/detail/robot_state__type_support.hpp
-- Symlinking: /home/yangxuan/agt_navigation_runtime/install/agt_interfaces/include/agt_interfaces/agt_interfaces/msg/detail/semantic_waypoint__builder.hpp
-- Symlinking: /home/yangxuan/agt_navigation_runtime/install/agt_interfaces/include/agt_interfaces/agt_interfaces/msg/detail/semantic_waypoint__struct.hpp
-- Symlinking: /home/yangxuan/agt_navigation_runtime/install/agt_interfaces/include/agt_interfaces/agt_interfaces/msg/detail/semantic_waypoint__traits.hpp
-- Symlinking: /home/yangxuan/agt_navigation_runtime/install/agt_interfaces/include/agt_interfaces/agt_interfaces/msg/detail/semantic_waypoint__type_support.hpp
-- Symlinking: /home/yangxuan/agt_navigation_runtime/install/agt_interfaces/include/agt_interfaces/agt_interfaces/msg/detail/semantic_waypoint_array__builder.hpp
-- Symlinking: /home/yangxuan/agt_navigation_runtime/install/agt_interfaces/include/agt_interfaces/agt_interfaces/msg/detail/semantic_waypoint_array__struct.hpp
-- Symlinking: /home/yangxuan/agt_navigation_runtime/install/agt_interfaces/include/agt_interfaces/agt_interfaces/msg/detail/semantic_waypoint_array__traits.hpp
-- Symlinking: /home/yangxuan/agt_navigation_runtime/install/agt_interfaces/include/agt_interfaces/agt_interfaces/msg/detail/semantic_waypoint_array__type_support.hpp
-- Symlinking: /home/yangxuan/agt_navigation_runtime/install/agt_interfaces/include/agt_interfaces/agt_interfaces/msg/detail/system_health__builder.hpp
-- Symlinking: /home/yangxuan/agt_navigation_runtime/install/agt_interfaces/include/agt_interfaces/agt_interfaces/msg/detail/system_health__struct.hpp
-- Symlinking: /home/yangxuan/agt_navigation_runtime/install/agt_interfaces/include/agt_interfaces/agt_interfaces/msg/detail/system_health__traits.hpp
-- Symlinking: /home/yangxuan/agt_navigation_runtime/install/agt_interfaces/include/agt_interfaces/agt_interfaces/msg/detail/system_health__type_support.hpp
-- Symlinking: /home/yangxuan/agt_navigation_runtime/install/agt_interfaces/include/agt_interfaces/agt_interfaces/msg/detail/task_readiness__builder.hpp
-- Symlinking: /home/yangxuan/agt_navigation_runtime/install/agt_interfaces/include/agt_interfaces/agt_interfaces/msg/detail/task_readiness__struct.hpp
-- Symlinking: /home/yangxuan/agt_navigation_runtime/install/agt_interfaces/include/agt_interfaces/agt_interfaces/msg/detail/task_readiness__traits.hpp
-- Symlinking: /home/yangxuan/agt_navigation_runtime/install/agt_interfaces/include/agt_interfaces/agt_interfaces/msg/detail/task_readiness__type_support.hpp
-- Symlinking: /home/yangxuan/agt_navigation_runtime/install/agt_interfaces/include/agt_interfaces/agt_interfaces/msg/experiment_summary.hpp
-- Symlinking: /home/yangxuan/agt_navigation_runtime/install/agt_interfaces/include/agt_interfaces/agt_interfaces/msg/localization_status.hpp
-- Symlinking: /home/yangxuan/agt_navigation_runtime/install/agt_interfaces/include/agt_interfaces/agt_interfaces/msg/map_version_summary.hpp
-- Symlinking: /home/yangxuan/agt_navigation_runtime/install/agt_interfaces/include/agt_interfaces/agt_interfaces/msg/mission_event.hpp
-- Symlinking: /home/yangxuan/agt_navigation_runtime/install/agt_interfaces/include/agt_interfaces/agt_interfaces/msg/mission_status.hpp
-- Symlinking: /home/yangxuan/agt_navigation_runtime/install/agt_interfaces/include/agt_interfaces/agt_interfaces/msg/navigation_session_status.hpp
-- Symlinking: /home/yangxuan/agt_navigation_runtime/install/agt_interfaces/include/agt_interfaces/agt_interfaces/msg/robot_state.hpp
-- Symlinking: /home/yangxuan/agt_navigation_runtime/install/agt_interfaces/include/agt_interfaces/agt_interfaces/msg/rosidl_generator_cpp__visibility_control.hpp
-- Symlinking: /home/yangxuan/agt_navigation_runtime/install/agt_interfaces/include/agt_interfaces/agt_interfaces/msg/semantic_waypoint.hpp
-- Symlinking: /home/yangxuan/agt_navigation_runtime/install/agt_interfaces/include/agt_interfaces/agt_interfaces/msg/semantic_waypoint_array.hpp
-- Symlinking: /home/yangxuan/agt_navigation_runtime/install/agt_interfaces/include/agt_interfaces/agt_interfaces/msg/system_health.hpp
-- Symlinking: /home/yangxuan/agt_navigation_runtime/install/agt_interfaces/include/agt_interfaces/agt_interfaces/msg/task_readiness.hpp
-- Symlinking: /home/yangxuan/agt_navigation_runtime/install/agt_interfaces/include/agt_interfaces/agt_interfaces/srv/activate_map_version.hpp
-- Symlinking: /home/yangxuan/agt_navigation_runtime/install/agt_interfaces/include/agt_interfaces/agt_interfaces/srv/archive_task_group.hpp
-- Symlinking: /home/yangxuan/agt_navigation_runtime/install/agt_interfaces/include/agt_interfaces/agt_interfaces/srv/detail/activate_map_version__builder.hpp
-- Symlinking: /home/yangxuan/agt_navigation_runtime/install/agt_interfaces/include/agt_interfaces/agt_interfaces/srv/detail/activate_map_version__struct.hpp
-- Symlinking: /home/yangxuan/agt_navigation_runtime/install/agt_interfaces/include/agt_interfaces/agt_interfaces/srv/detail/activate_map_version__traits.hpp
-- Symlinking: /home/yangxuan/agt_navigation_runtime/install/agt_interfaces/include/agt_interfaces/agt_interfaces/srv/detail/activate_map_version__type_support.hpp
-- Symlinking: /home/yangxuan/agt_navigation_runtime/install/agt_interfaces/include/agt_interfaces/agt_interfaces/srv/detail/archive_task_group__builder.hpp
-- Symlinking: /home/yangxuan/agt_navigation_runtime/install/agt_interfaces/include/agt_interfaces/agt_interfaces/srv/detail/archive_task_group__struct.hpp
-- Symlinking: /home/yangxuan/agt_navigation_runtime/install/agt_interfaces/include/agt_interfaces/agt_interfaces/srv/detail/archive_task_group__traits.hpp
-- Symlinking: /home/yangxuan/agt_navigation_runtime/install/agt_interfaces/include/agt_interfaces/agt_interfaces/srv/detail/archive_task_group__type_support.hpp
-- Symlinking: /home/yangxuan/agt_navigation_runtime/install/agt_interfaces/include/agt_interfaces/agt_interfaces/srv/detail/evaluate_task_readiness__builder.hpp
-- Symlinking: /home/yangxuan/agt_navigation_runtime/install/agt_interfaces/include/agt_interfaces/agt_interfaces/srv/detail/evaluate_task_readiness__struct.hpp
-- Symlinking: /home/yangxuan/agt_navigation_runtime/install/agt_interfaces/include/agt_interfaces/agt_interfaces/srv/detail/evaluate_task_readiness__traits.hpp
-- Symlinking: /home/yangxuan/agt_navigation_runtime/install/agt_interfaces/include/agt_interfaces/agt_interfaces/srv/detail/evaluate_task_readiness__type_support.hpp
-- Symlinking: /home/yangxuan/agt_navigation_runtime/install/agt_interfaces/include/agt_interfaces/agt_interfaces/srv/detail/get_navigation_session__builder.hpp
-- Symlinking: /home/yangxuan/agt_navigation_runtime/install/agt_interfaces/include/agt_interfaces/agt_interfaces/srv/detail/get_navigation_session__struct.hpp
-- Symlinking: /home/yangxuan/agt_navigation_runtime/install/agt_interfaces/include/agt_interfaces/agt_interfaces/srv/detail/get_navigation_session__traits.hpp
-- Symlinking: /home/yangxuan/agt_navigation_runtime/install/agt_interfaces/include/agt_interfaces/agt_interfaces/srv/detail/get_navigation_session__type_support.hpp
-- Symlinking: /home/yangxuan/agt_navigation_runtime/install/agt_interfaces/include/agt_interfaces/agt_interfaces/srv/detail/get_robot_state__builder.hpp
-- Symlinking: /home/yangxuan/agt_navigation_runtime/install/agt_interfaces/include/agt_interfaces/agt_interfaces/srv/detail/get_robot_state__struct.hpp
-- Symlinking: /home/yangxuan/agt_navigation_runtime/install/agt_interfaces/include/agt_interfaces/agt_interfaces/srv/detail/get_robot_state__traits.hpp
-- Symlinking: /home/yangxuan/agt_navigation_runtime/install/agt_interfaces/include/agt_interfaces/agt_interfaces/srv/detail/get_robot_state__type_support.hpp
-- Symlinking: /home/yangxuan/agt_navigation_runtime/install/agt_interfaces/include/agt_interfaces/agt_interfaces/srv/detail/get_system_health__builder.hpp
-- Symlinking: /home/yangxuan/agt_navigation_runtime/install/agt_interfaces/include/agt_interfaces/agt_interfaces/srv/detail/get_system_health__struct.hpp
-- Symlinking: /home/yangxuan/agt_navigation_runtime/install/agt_interfaces/include/agt_interfaces/agt_interfaces/srv/detail/get_system_health__traits.hpp
-- Symlinking: /home/yangxuan/agt_navigation_runtime/install/agt_interfaces/include/agt_interfaces/agt_interfaces/srv/detail/get_system_health__type_support.hpp
-- Symlinking: /home/yangxuan/agt_navigation_runtime/install/agt_interfaces/include/agt_interfaces/agt_interfaces/srv/detail/get_task_group__builder.hpp
-- Symlinking: /home/yangxuan/agt_navigation_runtime/install/agt_interfaces/include/agt_interfaces/agt_interfaces/srv/detail/get_task_group__struct.hpp
-- Symlinking: /home/yangxuan/agt_navigation_runtime/install/agt_interfaces/include/agt_interfaces/agt_interfaces/srv/detail/get_task_group__traits.hpp
-- Symlinking: /home/yangxuan/agt_navigation_runtime/install/agt_interfaces/include/agt_interfaces/agt_interfaces/srv/detail/get_task_group__type_support.hpp
-- Symlinking: /home/yangxuan/agt_navigation_runtime/install/agt_interfaces/include/agt_interfaces/agt_interfaces/srv/detail/list_bag_sessions__builder.hpp
-- Symlinking: /home/yangxuan/agt_navigation_runtime/install/agt_interfaces/include/agt_interfaces/agt_interfaces/srv/detail/list_bag_sessions__struct.hpp
-- Symlinking: /home/yangxuan/agt_navigation_runtime/install/agt_interfaces/include/agt_interfaces/agt_interfaces/srv/detail/list_bag_sessions__traits.hpp
-- Symlinking: /home/yangxuan/agt_navigation_runtime/install/agt_interfaces/include/agt_interfaces/agt_interfaces/srv/detail/list_bag_sessions__type_support.hpp
-- Symlinking: /home/yangxuan/agt_navigation_runtime/install/agt_interfaces/include/agt_interfaces/agt_interfaces/srv/detail/list_experiments__builder.hpp
-- Symlinking: /home/yangxuan/agt_navigation_runtime/install/agt_interfaces/include/agt_interfaces/agt_interfaces/srv/detail/list_experiments__struct.hpp
-- Symlinking: /home/yangxuan/agt_navigation_runtime/install/agt_interfaces/include/agt_interfaces/agt_interfaces/srv/detail/list_experiments__traits.hpp
-- Symlinking: /home/yangxuan/agt_navigation_runtime/install/agt_interfaces/include/agt_interfaces/agt_interfaces/srv/detail/list_experiments__type_support.hpp
-- Symlinking: /home/yangxuan/agt_navigation_runtime/install/agt_interfaces/include/agt_interfaces/agt_interfaces/srv/detail/list_map_versions__builder.hpp
-- Symlinking: /home/yangxuan/agt_navigation_runtime/install/agt_interfaces/include/agt_interfaces/agt_interfaces/srv/detail/list_map_versions__struct.hpp
-- Symlinking: /home/yangxuan/agt_navigation_runtime/install/agt_interfaces/include/agt_interfaces/agt_interfaces/srv/detail/list_map_versions__traits.hpp
-- Symlinking: /home/yangxuan/agt_navigation_runtime/install/agt_interfaces/include/agt_interfaces/agt_interfaces/srv/detail/list_map_versions__type_support.hpp
-- Symlinking: /home/yangxuan/agt_navigation_runtime/install/agt_interfaces/include/agt_interfaces/agt_interfaces/srv/detail/list_task_groups__builder.hpp
-- Symlinking: /home/yangxuan/agt_navigation_runtime/install/agt_interfaces/include/agt_interfaces/agt_interfaces/srv/detail/list_task_groups__struct.hpp
-- Symlinking: /home/yangxuan/agt_navigation_runtime/install/agt_interfaces/include/agt_interfaces/agt_interfaces/srv/detail/list_task_groups__traits.hpp
-- Symlinking: /home/yangxuan/agt_navigation_runtime/install/agt_interfaces/include/agt_interfaces/agt_interfaces/srv/detail/list_task_groups__type_support.hpp
-- Symlinking: /home/yangxuan/agt_navigation_runtime/install/agt_interfaces/include/agt_interfaces/agt_interfaces/srv/detail/manage_bag_session__builder.hpp
-- Symlinking: /home/yangxuan/agt_navigation_runtime/install/agt_interfaces/include/agt_interfaces/agt_interfaces/srv/detail/manage_bag_session__struct.hpp
-- Symlinking: /home/yangxuan/agt_navigation_runtime/install/agt_interfaces/include/agt_interfaces/agt_interfaces/srv/detail/manage_bag_session__traits.hpp
-- Symlinking: /home/yangxuan/agt_navigation_runtime/install/agt_interfaces/include/agt_interfaces/agt_interfaces/srv/detail/manage_bag_session__type_support.hpp
-- Symlinking: /home/yangxuan/agt_navigation_runtime/install/agt_interfaces/include/agt_interfaces/agt_interfaces/srv/detail/manage_map_version__builder.hpp
-- Symlinking: /home/yangxuan/agt_navigation_runtime/install/agt_interfaces/include/agt_interfaces/agt_interfaces/srv/detail/manage_map_version__struct.hpp
-- Symlinking: /home/yangxuan/agt_navigation_runtime/install/agt_interfaces/include/agt_interfaces/agt_interfaces/srv/detail/manage_map_version__traits.hpp
-- Symlinking: /home/yangxuan/agt_navigation_runtime/install/agt_interfaces/include/agt_interfaces/agt_interfaces/srv/detail/manage_map_version__type_support.hpp
-- Symlinking: /home/yangxuan/agt_navigation_runtime/install/agt_interfaces/include/agt_interfaces/agt_interfaces/srv/detail/put_task_group__builder.hpp
-- Symlinking: /home/yangxuan/agt_navigation_runtime/install/agt_interfaces/include/agt_interfaces/agt_interfaces/srv/detail/put_task_group__struct.hpp
-- Symlinking: /home/yangxuan/agt_navigation_runtime/install/agt_interfaces/include/agt_interfaces/agt_interfaces/srv/detail/put_task_group__traits.hpp
-- Symlinking: /home/yangxuan/agt_navigation_runtime/install/agt_interfaces/include/agt_interfaces/agt_interfaces/srv/detail/put_task_group__type_support.hpp
-- Symlinking: /home/yangxuan/agt_navigation_runtime/install/agt_interfaces/include/agt_interfaces/agt_interfaces/srv/detail/set_localization_mode__builder.hpp
-- Symlinking: /home/yangxuan/agt_navigation_runtime/install/agt_interfaces/include/agt_interfaces/agt_interfaces/srv/detail/set_localization_mode__struct.hpp
-- Symlinking: /home/yangxuan/agt_navigation_runtime/install/agt_interfaces/include/agt_interfaces/agt_interfaces/srv/detail/set_localization_mode__traits.hpp
-- Symlinking: /home/yangxuan/agt_navigation_runtime/install/agt_interfaces/include/agt_interfaces/agt_interfaces/srv/detail/set_localization_mode__type_support.hpp
-- Symlinking: /home/yangxuan/agt_navigation_runtime/install/agt_interfaces/include/agt_interfaces/agt_interfaces/srv/detail/set_mission_run_state__builder.hpp
-- Symlinking: /home/yangxuan/agt_navigation_runtime/install/agt_interfaces/include/agt_interfaces/agt_interfaces/srv/detail/set_mission_run_state__struct.hpp
-- Symlinking: /home/yangxuan/agt_navigation_runtime/install/agt_interfaces/include/agt_interfaces/agt_interfaces/srv/detail/set_mission_run_state__traits.hpp
-- Symlinking: /home/yangxuan/agt_navigation_runtime/install/agt_interfaces/include/agt_interfaces/agt_interfaces/srv/detail/set_mission_run_state__type_support.hpp
-- Symlinking: /home/yangxuan/agt_navigation_runtime/install/agt_interfaces/include/agt_interfaces/agt_interfaces/srv/evaluate_task_readiness.hpp
-- Symlinking: /home/yangxuan/agt_navigation_runtime/install/agt_interfaces/include/agt_interfaces/agt_interfaces/srv/get_navigation_session.hpp
-- Symlinking: /home/yangxuan/agt_navigation_runtime/install/agt_interfaces/include/agt_interfaces/agt_interfaces/srv/get_robot_state.hpp
-- Symlinking: /home/yangxuan/agt_navigation_runtime/install/agt_interfaces/include/agt_interfaces/agt_interfaces/srv/get_system_health.hpp
-- Symlinking: /home/yangxuan/agt_navigation_runtime/install/agt_interfaces/include/agt_interfaces/agt_interfaces/srv/get_task_group.hpp
-- Symlinking: /home/yangxuan/agt_navigation_runtime/install/agt_interfaces/include/agt_interfaces/agt_interfaces/srv/list_bag_sessions.hpp
-- Symlinking: /home/yangxuan/agt_navigation_runtime/install/agt_interfaces/include/agt_interfaces/agt_interfaces/srv/list_experiments.hpp
-- Symlinking: /home/yangxuan/agt_navigation_runtime/install/agt_interfaces/include/agt_interfaces/agt_interfaces/srv/list_map_versions.hpp
-- Symlinking: /home/yangxuan/agt_navigation_runtime/install/agt_interfaces/include/agt_interfaces/agt_interfaces/srv/list_task_groups.hpp
-- Symlinking: /home/yangxuan/agt_navigation_runtime/install/agt_interfaces/include/agt_interfaces/agt_interfaces/srv/manage_bag_session.hpp
-- Symlinking: /home/yangxuan/agt_navigation_runtime/install/agt_interfaces/include/agt_interfaces/agt_interfaces/srv/manage_map_version.hpp
-- Symlinking: /home/yangxuan/agt_navigation_runtime/install/agt_interfaces/include/agt_interfaces/agt_interfaces/srv/put_task_group.hpp
-- Symlinking: /home/yangxuan/agt_navigation_runtime/install/agt_interfaces/include/agt_interfaces/agt_interfaces/srv/set_localization_mode.hpp
-- Symlinking: /home/yangxuan/agt_navigation_runtime/install/agt_interfaces/include/agt_interfaces/agt_interfaces/srv/set_mission_run_state.hpp
-- Symlinking: /home/yangxuan/agt_navigation_runtime/install/agt_interfaces/include/agt_interfaces/agt_interfaces/action/detail/change_system_mode__rosidl_typesupport_fastrtps_cpp.hpp
-- Symlinking: /home/yangxuan/agt_navigation_runtime/install/agt_interfaces/include/agt_interfaces/agt_interfaces/action/detail/execute_behavior_tree__rosidl_typesupport_fastrtps_cpp.hpp
-- Symlinking: /home/yangxuan/agt_navigation_runtime/install/agt_interfaces/include/agt_interfaces/agt_interfaces/action/detail/execute_coverage_task__rosidl_typesupport_fastrtps_cpp.hpp
-- Symlinking: /home/yangxuan/agt_navigation_runtime/install/agt_interfaces/include/agt_interfaces/agt_interfaces/action/detail/execute_mission__rosidl_typesupport_fastrtps_cpp.hpp
-- Symlinking: /home/yangxuan/agt_navigation_runtime/install/agt_interfaces/include/agt_interfaces/agt_interfaces/action/detail/execute_waypoint_task__rosidl_typesupport_fastrtps_cpp.hpp
-- Symlinking: /home/yangxuan/agt_navigation_runtime/install/agt_interfaces/include/agt_interfaces/agt_interfaces/action/detail/manage_mapping_session__rosidl_typesupport_fastrtps_cpp.hpp
-- Symlinking: /home/yangxuan/agt_navigation_runtime/install/agt_interfaces/include/agt_interfaces/agt_interfaces/action/detail/optimize_map__rosidl_typesupport_fastrtps_cpp.hpp
-- Symlinking: /home/yangxuan/agt_navigation_runtime/install/agt_interfaces/include/agt_interfaces/agt_interfaces/action/detail/relocalize__rosidl_typesupport_fastrtps_cpp.hpp
-- Symlinking: /home/yangxuan/agt_navigation_runtime/install/agt_interfaces/include/agt_interfaces/agt_interfaces/msg/detail/bag_session_summary__rosidl_typesupport_fastrtps_cpp.hpp
-- Symlinking: /home/yangxuan/agt_navigation_runtime/install/agt_interfaces/include/agt_interfaces/agt_interfaces/msg/detail/component_health__rosidl_typesupport_fastrtps_cpp.hpp
-- Symlinking: /home/yangxuan/agt_navigation_runtime/install/agt_interfaces/include/agt_interfaces/agt_interfaces/msg/detail/experiment_summary__rosidl_typesupport_fastrtps_cpp.hpp
-- Symlinking: /home/yangxuan/agt_navigation_runtime/install/agt_interfaces/include/agt_interfaces/agt_interfaces/msg/detail/localization_status__rosidl_typesupport_fastrtps_cpp.hpp
-- Symlinking: /home/yangxuan/agt_navigation_runtime/install/agt_interfaces/include/agt_interfaces/agt_interfaces/msg/detail/map_version_summary__rosidl_typesupport_fastrtps_cpp.hpp
-- Symlinking: /home/yangxuan/agt_navigation_runtime/install/agt_interfaces/include/agt_interfaces/agt_interfaces/msg/detail/mission_event__rosidl_typesupport_fastrtps_cpp.hpp
-- Symlinking: /home/yangxuan/agt_navigation_runtime/install/agt_interfaces/include/agt_interfaces/agt_interfaces/msg/detail/mission_status__rosidl_typesupport_fastrtps_cpp.hpp
-- Symlinking: /home/yangxuan/agt_navigation_runtime/install/agt_interfaces/include/agt_interfaces/agt_interfaces/msg/detail/navigation_session_status__rosidl_typesupport_fastrtps_cpp.hpp
-- Symlinking: /home/yangxuan/agt_navigation_runtime/install/agt_interfaces/include/agt_interfaces/agt_interfaces/msg/detail/robot_state__rosidl_typesupport_fastrtps_cpp.hpp
-- Symlinking: /home/yangxuan/agt_navigation_runtime/install/agt_interfaces/include/agt_interfaces/agt_interfaces/msg/detail/semantic_waypoint__rosidl_typesupport_fastrtps_cpp.hpp
-- Symlinking: /home/yangxuan/agt_navigation_runtime/install/agt_interfaces/include/agt_interfaces/agt_interfaces/msg/detail/semantic_waypoint_array__rosidl_typesupport_fastrtps_cpp.hpp
-- Symlinking: /home/yangxuan/agt_navigation_runtime/install/agt_interfaces/include/agt_interfaces/agt_interfaces/msg/detail/system_health__rosidl_typesupport_fastrtps_cpp.hpp
-- Symlinking: /home/yangxuan/agt_navigation_runtime/install/agt_interfaces/include/agt_interfaces/agt_interfaces/msg/detail/task_readiness__rosidl_typesupport_fastrtps_cpp.hpp
-- Symlinking: /home/yangxuan/agt_navigation_runtime/install/agt_interfaces/include/agt_interfaces/agt_interfaces/msg/rosidl_typesupport_fastrtps_cpp__visibility_control.h
-- Symlinking: /home/yangxuan/agt_navigation_runtime/install/agt_interfaces/include/agt_interfaces/agt_interfaces/srv/detail/activate_map_version__rosidl_typesupport_fastrtps_cpp.hpp
-- Symlinking: /home/yangxuan/agt_navigation_runtime/install/agt_interfaces/include/agt_interfaces/agt_interfaces/srv/detail/archive_task_group__rosidl_typesupport_fastrtps_cpp.hpp
-- Symlinking: /home/yangxuan/agt_navigation_runtime/install/agt_interfaces/include/agt_interfaces/agt_interfaces/srv/detail/evaluate_task_readiness__rosidl_typesupport_fastrtps_cpp.hpp
-- Symlinking: /home/yangxuan/agt_navigation_runtime/install/agt_interfaces/include/agt_interfaces/agt_interfaces/srv/detail/get_navigation_session__rosidl_typesupport_fastrtps_cpp.hpp
-- Symlinking: /home/yangxuan/agt_navigation_runtime/install/agt_interfaces/include/agt_interfaces/agt_interfaces/srv/detail/get_robot_state__rosidl_typesupport_fastrtps_cpp.hpp
-- Symlinking: /home/yangxuan/agt_navigation_runtime/install/agt_interfaces/include/agt_interfaces/agt_interfaces/srv/detail/get_system_health__rosidl_typesupport_fastrtps_cpp.hpp
-- Symlinking: /home/yangxuan/agt_navigation_runtime/install/agt_interfaces/include/agt_interfaces/agt_interfaces/srv/detail/get_task_group__rosidl_typesupport_fastrtps_cpp.hpp
-- Symlinking: /home/yangxuan/agt_navigation_runtime/install/agt_interfaces/include/agt_interfaces/agt_interfaces/srv/detail/list_bag_sessions__rosidl_typesupport_fastrtps_cpp.hpp
-- Symlinking: /home/yangxuan/agt_navigation_runtime/install/agt_interfaces/include/agt_interfaces/agt_interfaces/srv/detail/list_experiments__rosidl_typesupport_fastrtps_cpp.hpp
-- Symlinking: /home/yangxuan/agt_navigation_runtime/install/agt_interfaces/include/agt_interfaces/agt_interfaces/srv/detail/list_map_versions__rosidl_typesupport_fastrtps_cpp.hpp
-- Symlinking: /home/yangxuan/agt_navigation_runtime/install/agt_interfaces/include/agt_interfaces/agt_interfaces/srv/detail/list_task_groups__rosidl_typesupport_fastrtps_cpp.hpp
-- Symlinking: /home/yangxuan/agt_navigation_runtime/install/agt_interfaces/include/agt_interfaces/agt_interfaces/srv/detail/manage_bag_session__rosidl_typesupport_fastrtps_cpp.hpp
-- Symlinking: /home/yangxuan/agt_navigation_runtime/install/agt_interfaces/include/agt_interfaces/agt_interfaces/srv/detail/manage_map_version__rosidl_typesupport_fastrtps_cpp.hpp
-- Symlinking: /home/yangxuan/agt_navigation_runtime/install/agt_interfaces/include/agt_interfaces/agt_interfaces/srv/detail/put_task_group__rosidl_typesupport_fastrtps_cpp.hpp
-- Symlinking: /home/yangxuan/agt_navigation_runtime/install/agt_interfaces/include/agt_interfaces/agt_interfaces/srv/detail/set_localization_mode__rosidl_typesupport_fastrtps_cpp.hpp
-- Symlinking: /home/yangxuan/agt_navigation_runtime/install/agt_interfaces/include/agt_interfaces/agt_interfaces/srv/detail/set_mission_run_state__rosidl_typesupport_fastrtps_cpp.hpp
-- Symlinking: /home/yangxuan/agt_navigation_runtime/install/agt_interfaces/include/agt_interfaces/agt_interfaces/action/detail/change_system_mode__rosidl_typesupport_introspection_c.h
-- Symlinking: /home/yangxuan/agt_navigation_runtime/install/agt_interfaces/include/agt_interfaces/agt_interfaces/action/detail/execute_behavior_tree__rosidl_typesupport_introspection_c.h
-- Symlinking: /home/yangxuan/agt_navigation_runtime/install/agt_interfaces/include/agt_interfaces/agt_interfaces/action/detail/execute_coverage_task__rosidl_typesupport_introspection_c.h
-- Symlinking: /home/yangxuan/agt_navigation_runtime/install/agt_interfaces/include/agt_interfaces/agt_interfaces/action/detail/execute_mission__rosidl_typesupport_introspection_c.h
-- Symlinking: /home/yangxuan/agt_navigation_runtime/install/agt_interfaces/include/agt_interfaces/agt_interfaces/action/detail/execute_waypoint_task__rosidl_typesupport_introspection_c.h
-- Symlinking: /home/yangxuan/agt_navigation_runtime/install/agt_interfaces/include/agt_interfaces/agt_interfaces/action/detail/manage_mapping_session__rosidl_typesupport_introspection_c.h
-- Symlinking: /home/yangxuan/agt_navigation_runtime/install/agt_interfaces/include/agt_interfaces/agt_interfaces/action/detail/optimize_map__rosidl_typesupport_introspection_c.h
-- Symlinking: /home/yangxuan/agt_navigation_runtime/install/agt_interfaces/include/agt_interfaces/agt_interfaces/action/detail/relocalize__rosidl_typesupport_introspection_c.h
-- Symlinking: /home/yangxuan/agt_navigation_runtime/install/agt_interfaces/include/agt_interfaces/agt_interfaces/msg/detail/bag_session_summary__rosidl_typesupport_introspection_c.h
-- Symlinking: /home/yangxuan/agt_navigation_runtime/install/agt_interfaces/include/agt_interfaces/agt_interfaces/msg/detail/component_health__rosidl_typesupport_introspection_c.h
-- Symlinking: /home/yangxuan/agt_navigation_runtime/install/agt_interfaces/include/agt_interfaces/agt_interfaces/msg/detail/experiment_summary__rosidl_typesupport_introspection_c.h
-- Symlinking: /home/yangxuan/agt_navigation_runtime/install/agt_interfaces/include/agt_interfaces/agt_interfaces/msg/detail/localization_status__rosidl_typesupport_introspection_c.h
-- Symlinking: /home/yangxuan/agt_navigation_runtime/install/agt_interfaces/include/agt_interfaces/agt_interfaces/msg/detail/map_version_summary__rosidl_typesupport_introspection_c.h
-- Symlinking: /home/yangxuan/agt_navigation_runtime/install/agt_interfaces/include/agt_interfaces/agt_interfaces/msg/detail/mission_event__rosidl_typesupport_introspection_c.h
-- Symlinking: /home/yangxuan/agt_navigation_runtime/install/agt_interfaces/include/agt_interfaces/agt_interfaces/msg/detail/mission_status__rosidl_typesupport_introspection_c.h
-- Symlinking: /home/yangxuan/agt_navigation_runtime/install/agt_interfaces/include/agt_interfaces/agt_interfaces/msg/detail/navigation_session_status__rosidl_typesupport_introspection_c.h
-- Symlinking: /home/yangxuan/agt_navigation_runtime/install/agt_interfaces/include/agt_interfaces/agt_interfaces/msg/detail/robot_state__rosidl_typesupport_introspection_c.h
-- Symlinking: /home/yangxuan/agt_navigation_runtime/install/agt_interfaces/include/agt_interfaces/agt_interfaces/msg/detail/semantic_waypoint__rosidl_typesupport_introspection_c.h
-- Symlinking: /home/yangxuan/agt_navigation_runtime/install/agt_interfaces/include/agt_interfaces/agt_interfaces/msg/detail/semantic_waypoint_array__rosidl_typesupport_introspection_c.h
-- Symlinking: /home/yangxuan/agt_navigation_runtime/install/agt_interfaces/include/agt_interfaces/agt_interfaces/msg/detail/system_health__rosidl_typesupport_introspection_c.h
-- Symlinking: /home/yangxuan/agt_navigation_runtime/install/agt_interfaces/include/agt_interfaces/agt_interfaces/msg/detail/task_readiness__rosidl_typesupport_introspection_c.h
-- Symlinking: /home/yangxuan/agt_navigation_runtime/install/agt_interfaces/include/agt_interfaces/agt_interfaces/msg/rosidl_typesupport_introspection_c__visibility_control.h
-- Symlinking: /home/yangxuan/agt_navigation_runtime/install/agt_interfaces/include/agt_interfaces/agt_interfaces/srv/detail/activate_map_version__rosidl_typesupport_introspection_c.h
-- Symlinking: /home/yangxuan/agt_navigation_runtime/install/agt_interfaces/include/agt_interfaces/agt_interfaces/srv/detail/archive_task_group__rosidl_typesupport_introspection_c.h
-- Symlinking: /home/yangxuan/agt_navigation_runtime/install/agt_interfaces/include/agt_interfaces/agt_interfaces/srv/detail/evaluate_task_readiness__rosidl_typesupport_introspection_c.h
-- Symlinking: /home/yangxuan/agt_navigation_runtime/install/agt_interfaces/include/agt_interfaces/agt_interfaces/srv/detail/get_navigation_session__rosidl_typesupport_introspection_c.h
-- Symlinking: /home/yangxuan/agt_navigation_runtime/install/agt_interfaces/include/agt_interfaces/agt_interfaces/srv/detail/get_robot_state__rosidl_typesupport_introspection_c.h
-- Symlinking: /home/yangxuan/agt_navigation_runtime/install/agt_interfaces/include/agt_interfaces/agt_interfaces/srv/detail/get_system_health__rosidl_typesupport_introspection_c.h
-- Symlinking: /home/yangxuan/agt_navigation_runtime/install/agt_interfaces/include/agt_interfaces/agt_interfaces/srv/detail/get_task_group__rosidl_typesupport_introspection_c.h
-- Symlinking: /home/yangxuan/agt_navigation_runtime/install/agt_interfaces/include/agt_interfaces/agt_interfaces/srv/detail/list_bag_sessions__rosidl_typesupport_introspection_c.h
-- Symlinking: /home/yangxuan/agt_navigation_runtime/install/agt_interfaces/include/agt_interfaces/agt_interfaces/srv/detail/list_experiments__rosidl_typesupport_introspection_c.h
-- Symlinking: /home/yangxuan/agt_navigation_runtime/install/agt_interfaces/include/agt_interfaces/agt_interfaces/srv/detail/list_map_versions__rosidl_typesupport_introspection_c.h
-- Symlinking: /home/yangxuan/agt_navigation_runtime/install/agt_interfaces/include/agt_interfaces/agt_interfaces/srv/detail/list_task_groups__rosidl_typesupport_introspection_c.h
-- Symlinking: /home/yangxuan/agt_navigation_runtime/install/agt_interfaces/include/agt_interfaces/agt_interfaces/srv/detail/manage_bag_session__rosidl_typesupport_introspection_c.h
-- Symlinking: /home/yangxuan/agt_navigation_runtime/install/agt_interfaces/include/agt_interfaces/agt_interfaces/srv/detail/manage_map_version__rosidl_typesupport_introspection_c.h
-- Symlinking: /home/yangxuan/agt_navigation_runtime/install/agt_interfaces/include/agt_interfaces/agt_interfaces/srv/detail/put_task_group__rosidl_typesupport_introspection_c.h
-- Symlinking: /home/yangxuan/agt_navigation_runtime/install/agt_interfaces/include/agt_interfaces/agt_interfaces/srv/detail/set_localization_mode__rosidl_typesupport_introspection_c.h
-- Symlinking: /home/yangxuan/agt_navigation_runtime/install/agt_interfaces/include/agt_interfaces/agt_interfaces/srv/detail/set_mission_run_state__rosidl_typesupport_introspection_c.h
-- Symlinking: /home/yangxuan/agt_navigation_runtime/install/agt_interfaces/include/agt_interfaces/agt_interfaces/action/detail/change_system_mode__rosidl_typesupport_introspection_cpp.hpp
-- Symlinking: /home/yangxuan/agt_navigation_runtime/install/agt_interfaces/include/agt_interfaces/agt_interfaces/action/detail/execute_behavior_tree__rosidl_typesupport_introspection_cpp.hpp
-- Symlinking: /home/yangxuan/agt_navigation_runtime/install/agt_interfaces/include/agt_interfaces/agt_interfaces/action/detail/execute_coverage_task__rosidl_typesupport_introspection_cpp.hpp
-- Symlinking: /home/yangxuan/agt_navigation_runtime/install/agt_interfaces/include/agt_interfaces/agt_interfaces/action/detail/execute_mission__rosidl_typesupport_introspection_cpp.hpp
-- Symlinking: /home/yangxuan/agt_navigation_runtime/install/agt_interfaces/include/agt_interfaces/agt_interfaces/action/detail/execute_waypoint_task__rosidl_typesupport_introspection_cpp.hpp
-- Symlinking: /home/yangxuan/agt_navigation_runtime/install/agt_interfaces/include/agt_interfaces/agt_interfaces/action/detail/manage_mapping_session__rosidl_typesupport_introspection_cpp.hpp
-- Symlinking: /home/yangxuan/agt_navigation_runtime/install/agt_interfaces/include/agt_interfaces/agt_interfaces/action/detail/optimize_map__rosidl_typesupport_introspection_cpp.hpp
-- Symlinking: /home/yangxuan/agt_navigation_runtime/install/agt_interfaces/include/agt_interfaces/agt_interfaces/action/detail/relocalize__rosidl_typesupport_introspection_cpp.hpp
-- Symlinking: /home/yangxuan/agt_navigation_runtime/install/agt_interfaces/include/agt_interfaces/agt_interfaces/msg/detail/bag_session_summary__rosidl_typesupport_introspection_cpp.hpp
-- Symlinking: /home/yangxuan/agt_navigation_runtime/install/agt_interfaces/include/agt_interfaces/agt_interfaces/msg/detail/component_health__rosidl_typesupport_introspection_cpp.hpp
-- Symlinking: /home/yangxuan/agt_navigation_runtime/install/agt_interfaces/include/agt_interfaces/agt_interfaces/msg/detail/experiment_summary__rosidl_typesupport_introspection_cpp.hpp
-- Symlinking: /home/yangxuan/agt_navigation_runtime/install/agt_interfaces/include/agt_interfaces/agt_interfaces/msg/detail/localization_status__rosidl_typesupport_introspection_cpp.hpp
-- Symlinking: /home/yangxuan/agt_navigation_runtime/install/agt_interfaces/include/agt_interfaces/agt_interfaces/msg/detail/map_version_summary__rosidl_typesupport_introspection_cpp.hpp
-- Symlinking: /home/yangxuan/agt_navigation_runtime/install/agt_interfaces/include/agt_interfaces/agt_interfaces/msg/detail/mission_event__rosidl_typesupport_introspection_cpp.hpp
-- Symlinking: /home/yangxuan/agt_navigation_runtime/install/agt_interfaces/include/agt_interfaces/agt_interfaces/msg/detail/mission_status__rosidl_typesupport_introspection_cpp.hpp
-- Symlinking: /home/yangxuan/agt_navigation_runtime/install/agt_interfaces/include/agt_interfaces/agt_interfaces/msg/detail/navigation_session_status__rosidl_typesupport_introspection_cpp.hpp
-- Symlinking: /home/yangxuan/agt_navigation_runtime/install/agt_interfaces/include/agt_interfaces/agt_interfaces/msg/detail/robot_state__rosidl_typesupport_introspection_cpp.hpp
-- Symlinking: /home/yangxuan/agt_navigation_runtime/install/agt_interfaces/include/agt_interfaces/agt_interfaces/msg/detail/semantic_waypoint__rosidl_typesupport_introspection_cpp.hpp
-- Symlinking: /home/yangxuan/agt_navigation_runtime/install/agt_interfaces/include/agt_interfaces/agt_interfaces/msg/detail/semantic_waypoint_array__rosidl_typesupport_introspection_cpp.hpp
-- Symlinking: /home/yangxuan/agt_navigation_runtime/install/agt_interfaces/include/agt_interfaces/agt_interfaces/msg/detail/system_health__rosidl_typesupport_introspection_cpp.hpp
-- Symlinking: /home/yangxuan/agt_navigation_runtime/install/agt_interfaces/include/agt_interfaces/agt_interfaces/msg/detail/task_readiness__rosidl_typesupport_introspection_cpp.hpp
-- Symlinking: /home/yangxuan/agt_navigation_runtime/install/agt_interfaces/include/agt_interfaces/agt_interfaces/srv/detail/activate_map_version__rosidl_typesupport_introspection_cpp.hpp
-- Symlinking: /home/yangxuan/agt_navigation_runtime/install/agt_interfaces/include/agt_interfaces/agt_interfaces/srv/detail/archive_task_group__rosidl_typesupport_introspection_cpp.hpp
-- Symlinking: /home/yangxuan/agt_navigation_runtime/install/agt_interfaces/include/agt_interfaces/agt_interfaces/srv/detail/evaluate_task_readiness__rosidl_typesupport_introspection_cpp.hpp
-- Symlinking: /home/yangxuan/agt_navigation_runtime/install/agt_interfaces/include/agt_interfaces/agt_interfaces/srv/detail/get_navigation_session__rosidl_typesupport_introspection_cpp.hpp
-- Symlinking: /home/yangxuan/agt_navigation_runtime/install/agt_interfaces/include/agt_interfaces/agt_interfaces/srv/detail/get_robot_state__rosidl_typesupport_introspection_cpp.hpp
-- Symlinking: /home/yangxuan/agt_navigation_runtime/install/agt_interfaces/include/agt_interfaces/agt_interfaces/srv/detail/get_system_health__rosidl_typesupport_introspection_cpp.hpp
-- Symlinking: /home/yangxuan/agt_navigation_runtime/install/agt_interfaces/include/agt_interfaces/agt_interfaces/srv/detail/get_task_group__rosidl_typesupport_introspection_cpp.hpp
-- Symlinking: /home/yangxuan/agt_navigation_runtime/install/agt_interfaces/include/agt_interfaces/agt_interfaces/srv/detail/list_bag_sessions__rosidl_typesupport_introspection_cpp.hpp
-- Symlinking: /home/yangxuan/agt_navigation_runtime/install/agt_interfaces/include/agt_interfaces/agt_interfaces/srv/detail/list_experiments__rosidl_typesupport_introspection_cpp.hpp
-- Symlinking: /home/yangxuan/agt_navigation_runtime/install/agt_interfaces/include/agt_interfaces/agt_interfaces/srv/detail/list_map_versions__rosidl_typesupport_introspection_cpp.hpp
-- Symlinking: /home/yangxuan/agt_navigation_runtime/install/agt_interfaces/include/agt_interfaces/agt_interfaces/srv/detail/list_task_groups__rosidl_typesupport_introspection_cpp.hpp
-- Symlinking: /home/yangxuan/agt_navigation_runtime/install/agt_interfaces/include/agt_interfaces/agt_interfaces/srv/detail/manage_bag_session__rosidl_typesupport_introspection_cpp.hpp
-- Symlinking: /home/yangxuan/agt_navigation_runtime/install/agt_interfaces/include/agt_interfaces/agt_interfaces/srv/detail/manage_map_version__rosidl_typesupport_introspection_cpp.hpp
-- Symlinking: /home/yangxuan/agt_navigation_runtime/install/agt_interfaces/include/agt_interfaces/agt_interfaces/srv/detail/put_task_group__rosidl_typesupport_introspection_cpp.hpp
-- Symlinking: /home/yangxuan/agt_navigation_runtime/install/agt_interfaces/include/agt_interfaces/agt_interfaces/srv/detail/set_localization_mode__rosidl_typesupport_introspection_cpp.hpp
-- Symlinking: /home/yangxuan/agt_navigation_runtime/install/agt_interfaces/include/agt_interfaces/agt_interfaces/srv/detail/set_mission_run_state__rosidl_typesupport_introspection_cpp.hpp
-- Symlinking: /home/yangxuan/agt_navigation_runtime/install/agt_interfaces/share/agt_interfaces/environment/pythonpath.sh
-- Symlinking: /home/yangxuan/agt_navigation_runtime/install/agt_interfaces/share/agt_interfaces/environment/pythonpath.dsv
-- Symlinking: /home/yangxuan/agt_navigation_runtime/install/agt_interfaces/local/lib/python3.10/dist-packages/agt_interfaces-0.1.0-py3.10.egg-info/PKG-INFO
-- Symlinking: /home/yangxuan/agt_navigation_runtime/install/agt_interfaces/local/lib/python3.10/dist-packages/agt_interfaces-0.1.0-py3.10.egg-info/SOURCES.txt
-- Symlinking: /home/yangxuan/agt_navigation_runtime/install/agt_interfaces/local/lib/python3.10/dist-packages/agt_interfaces-0.1.0-py3.10.egg-info/dependency_links.txt
-- Symlinking: /home/yangxuan/agt_navigation_runtime/install/agt_interfaces/local/lib/python3.10/dist-packages/agt_interfaces-0.1.0-py3.10.egg-info/top_level.txt
-- Symlinking: /home/yangxuan/agt_navigation_runtime/install/agt_interfaces/local/lib/python3.10/dist-packages/agt_interfaces/__init__.py
-- Symlinking: /home/yangxuan/agt_navigation_runtime/install/agt_interfaces/local/lib/python3.10/dist-packages/agt_interfaces/_agt_interfaces_s.ep.rosidl_typesupport_c.c
-- Symlinking: /home/yangxuan/agt_navigation_runtime/install/agt_interfaces/local/lib/python3.10/dist-packages/agt_interfaces/_agt_interfaces_s.ep.rosidl_typesupport_fastrtps_c.c
-- Symlinking: /home/yangxuan/agt_navigation_runtime/install/agt_interfaces/local/lib/python3.10/dist-packages/agt_interfaces/_agt_interfaces_s.ep.rosidl_typesupport_introspection_c.c
-- Symlinking: /home/yangxuan/agt_navigation_runtime/install/agt_interfaces/local/lib/python3.10/dist-packages/agt_interfaces/action/__init__.py
-- Symlinking: /home/yangxuan/agt_navigation_runtime/install/agt_interfaces/local/lib/python3.10/dist-packages/agt_interfaces/action/_change_system_mode.py
-- Symlinking: /home/yangxuan/agt_navigation_runtime/install/agt_interfaces/local/lib/python3.10/dist-packages/agt_interfaces/action/_change_system_mode_s.c
-- Symlinking: /home/yangxuan/agt_navigation_runtime/install/agt_interfaces/local/lib/python3.10/dist-packages/agt_interfaces/action/_execute_behavior_tree.py
-- Symlinking: /home/yangxuan/agt_navigation_runtime/install/agt_interfaces/local/lib/python3.10/dist-packages/agt_interfaces/action/_execute_behavior_tree_s.c
-- Symlinking: /home/yangxuan/agt_navigation_runtime/install/agt_interfaces/local/lib/python3.10/dist-packages/agt_interfaces/action/_execute_coverage_task.py
-- Symlinking: /home/yangxuan/agt_navigation_runtime/install/agt_interfaces/local/lib/python3.10/dist-packages/agt_interfaces/action/_execute_coverage_task_s.c
-- Symlinking: /home/yangxuan/agt_navigation_runtime/install/agt_interfaces/local/lib/python3.10/dist-packages/agt_interfaces/action/_execute_mission.py
-- Symlinking: /home/yangxuan/agt_navigation_runtime/install/agt_interfaces/local/lib/python3.10/dist-packages/agt_interfaces/action/_execute_mission_s.c
-- Symlinking: /home/yangxuan/agt_navigation_runtime/install/agt_interfaces/local/lib/python3.10/dist-packages/agt_interfaces/action/_execute_waypoint_task.py
-- Symlinking: /home/yangxuan/agt_navigation_runtime/install/agt_interfaces/local/lib/python3.10/dist-packages/agt_interfaces/action/_execute_waypoint_task_s.c
-- Symlinking: /home/yangxuan/agt_navigation_runtime/install/agt_interfaces/local/lib/python3.10/dist-packages/agt_interfaces/action/_manage_mapping_session.py
-- Symlinking: /home/yangxuan/agt_navigation_runtime/install/agt_interfaces/local/lib/python3.10/dist-packages/agt_interfaces/action/_manage_mapping_session_s.c
-- Symlinking: /home/yangxuan/agt_navigation_runtime/install/agt_interfaces/local/lib/python3.10/dist-packages/agt_interfaces/action/_optimize_map.py
-- Symlinking: /home/yangxuan/agt_navigation_runtime/install/agt_interfaces/local/lib/python3.10/dist-packages/agt_interfaces/action/_optimize_map_s.c
-- Symlinking: /home/yangxuan/agt_navigation_runtime/install/agt_interfaces/local/lib/python3.10/dist-packages/agt_interfaces/action/_relocalize.py
-- Symlinking: /home/yangxuan/agt_navigation_runtime/install/agt_interfaces/local/lib/python3.10/dist-packages/agt_interfaces/action/_relocalize_s.c
-- Symlinking: /home/yangxuan/agt_navigation_runtime/install/agt_interfaces/local/lib/python3.10/dist-packages/agt_interfaces/agt_interfaces_s__rosidl_typesupport_c.cpython-310-x86_64-linux-gnu.so
-- Symlinking: /home/yangxuan/agt_navigation_runtime/install/agt_interfaces/local/lib/python3.10/dist-packages/agt_interfaces/agt_interfaces_s__rosidl_typesupport_fastrtps_c.cpython-310-x86_64-linux-gnu.so
-- Symlinking: /home/yangxuan/agt_navigation_runtime/install/agt_interfaces/local/lib/python3.10/dist-packages/agt_interfaces/agt_interfaces_s__rosidl_typesupport_introspection_c.cpython-310-x86_64-linux-gnu.so
-- Symlinking: /home/yangxuan/agt_navigation_runtime/install/agt_interfaces/local/lib/python3.10/dist-packages/agt_interfaces/libagt_interfaces__rosidl_generator_py.so
-- Symlinking: /home/yangxuan/agt_navigation_runtime/install/agt_interfaces/local/lib/python3.10/dist-packages/agt_interfaces/msg/__init__.py
-- Symlinking: /home/yangxuan/agt_navigation_runtime/install/agt_interfaces/local/lib/python3.10/dist-packages/agt_interfaces/msg/_bag_session_summary.py
-- Symlinking: /home/yangxuan/agt_navigation_runtime/install/agt_interfaces/local/lib/python3.10/dist-packages/agt_interfaces/msg/_bag_session_summary_s.c
-- Symlinking: /home/yangxuan/agt_navigation_runtime/install/agt_interfaces/local/lib/python3.10/dist-packages/agt_interfaces/msg/_component_health.py
-- Symlinking: /home/yangxuan/agt_navigation_runtime/install/agt_interfaces/local/lib/python3.10/dist-packages/agt_interfaces/msg/_component_health_s.c
-- Symlinking: /home/yangxuan/agt_navigation_runtime/install/agt_interfaces/local/lib/python3.10/dist-packages/agt_interfaces/msg/_experiment_summary.py
-- Symlinking: /home/yangxuan/agt_navigation_runtime/install/agt_interfaces/local/lib/python3.10/dist-packages/agt_interfaces/msg/_experiment_summary_s.c
-- Symlinking: /home/yangxuan/agt_navigation_runtime/install/agt_interfaces/local/lib/python3.10/dist-packages/agt_interfaces/msg/_localization_status.py
-- Symlinking: /home/yangxuan/agt_navigation_runtime/install/agt_interfaces/local/lib/python3.10/dist-packages/agt_interfaces/msg/_localization_status_s.c
-- Symlinking: /home/yangxuan/agt_navigation_runtime/install/agt_interfaces/local/lib/python3.10/dist-packages/agt_interfaces/msg/_map_version_summary.py
-- Symlinking: /home/yangxuan/agt_navigation_runtime/install/agt_interfaces/local/lib/python3.10/dist-packages/agt_interfaces/msg/_map_version_summary_s.c
-- Symlinking: /home/yangxuan/agt_navigation_runtime/install/agt_interfaces/local/lib/python3.10/dist-packages/agt_interfaces/msg/_mission_event.py
-- Symlinking: /home/yangxuan/agt_navigation_runtime/install/agt_interfaces/local/lib/python3.10/dist-packages/agt_interfaces/msg/_mission_event_s.c
-- Symlinking: /home/yangxuan/agt_navigation_runtime/install/agt_interfaces/local/lib/python3.10/dist-packages/agt_interfaces/msg/_mission_status.py
-- Symlinking: /home/yangxuan/agt_navigation_runtime/install/agt_interfaces/local/lib/python3.10/dist-packages/agt_interfaces/msg/_mission_status_s.c
-- Symlinking: /home/yangxuan/agt_navigation_runtime/install/agt_interfaces/local/lib/python3.10/dist-packages/agt_interfaces/msg/_navigation_session_status.py
-- Symlinking: /home/yangxuan/agt_navigation_runtime/install/agt_interfaces/local/lib/python3.10/dist-packages/agt_interfaces/msg/_navigation_session_status_s.c
-- Symlinking: /home/yangxuan/agt_navigation_runtime/install/agt_interfaces/local/lib/python3.10/dist-packages/agt_interfaces/msg/_robot_state.py
-- Symlinking: /home/yangxuan/agt_navigation_runtime/install/agt_interfaces/local/lib/python3.10/dist-packages/agt_interfaces/msg/_robot_state_s.c
-- Symlinking: /home/yangxuan/agt_navigation_runtime/install/agt_interfaces/local/lib/python3.10/dist-packages/agt_interfaces/msg/_semantic_waypoint.py
-- Symlinking: /home/yangxuan/agt_navigation_runtime/install/agt_interfaces/local/lib/python3.10/dist-packages/agt_interfaces/msg/_semantic_waypoint_array.py
-- Symlinking: /home/yangxuan/agt_navigation_runtime/install/agt_interfaces/local/lib/python3.10/dist-packages/agt_interfaces/msg/_semantic_waypoint_array_s.c
-- Symlinking: /home/yangxuan/agt_navigation_runtime/install/agt_interfaces/local/lib/python3.10/dist-packages/agt_interfaces/msg/_semantic_waypoint_s.c
-- Symlinking: /home/yangxuan/agt_navigation_runtime/install/agt_interfaces/local/lib/python3.10/dist-packages/agt_interfaces/msg/_system_health.py
-- Symlinking: /home/yangxuan/agt_navigation_runtime/install/agt_interfaces/local/lib/python3.10/dist-packages/agt_interfaces/msg/_system_health_s.c
-- Symlinking: /home/yangxuan/agt_navigation_runtime/install/agt_interfaces/local/lib/python3.10/dist-packages/agt_interfaces/msg/_task_readiness.py
-- Symlinking: /home/yangxuan/agt_navigation_runtime/install/agt_interfaces/local/lib/python3.10/dist-packages/agt_interfaces/msg/_task_readiness_s.c
-- Symlinking: /home/yangxuan/agt_navigation_runtime/install/agt_interfaces/local/lib/python3.10/dist-packages/agt_interfaces/srv/__init__.py
-- Symlinking: /home/yangxuan/agt_navigation_runtime/install/agt_interfaces/local/lib/python3.10/dist-packages/agt_interfaces/srv/_activate_map_version.py
-- Symlinking: /home/yangxuan/agt_navigation_runtime/install/agt_interfaces/local/lib/python3.10/dist-packages/agt_interfaces/srv/_activate_map_version_s.c
-- Symlinking: /home/yangxuan/agt_navigation_runtime/install/agt_interfaces/local/lib/python3.10/dist-packages/agt_interfaces/srv/_archive_task_group.py
-- Symlinking: /home/yangxuan/agt_navigation_runtime/install/agt_interfaces/local/lib/python3.10/dist-packages/agt_interfaces/srv/_archive_task_group_s.c
-- Symlinking: /home/yangxuan/agt_navigation_runtime/install/agt_interfaces/local/lib/python3.10/dist-packages/agt_interfaces/srv/_evaluate_task_readiness.py
-- Symlinking: /home/yangxuan/agt_navigation_runtime/install/agt_interfaces/local/lib/python3.10/dist-packages/agt_interfaces/srv/_evaluate_task_readiness_s.c
-- Symlinking: /home/yangxuan/agt_navigation_runtime/install/agt_interfaces/local/lib/python3.10/dist-packages/agt_interfaces/srv/_get_navigation_session.py
-- Symlinking: /home/yangxuan/agt_navigation_runtime/install/agt_interfaces/local/lib/python3.10/dist-packages/agt_interfaces/srv/_get_navigation_session_s.c
-- Symlinking: /home/yangxuan/agt_navigation_runtime/install/agt_interfaces/local/lib/python3.10/dist-packages/agt_interfaces/srv/_get_robot_state.py
-- Symlinking: /home/yangxuan/agt_navigation_runtime/install/agt_interfaces/local/lib/python3.10/dist-packages/agt_interfaces/srv/_get_robot_state_s.c
-- Symlinking: /home/yangxuan/agt_navigation_runtime/install/agt_interfaces/local/lib/python3.10/dist-packages/agt_interfaces/srv/_get_system_health.py
-- Symlinking: /home/yangxuan/agt_navigation_runtime/install/agt_interfaces/local/lib/python3.10/dist-packages/agt_interfaces/srv/_get_system_health_s.c
-- Symlinking: /home/yangxuan/agt_navigation_runtime/install/agt_interfaces/local/lib/python3.10/dist-packages/agt_interfaces/srv/_get_task_group.py
-- Symlinking: /home/yangxuan/agt_navigation_runtime/install/agt_interfaces/local/lib/python3.10/dist-packages/agt_interfaces/srv/_get_task_group_s.c
-- Symlinking: /home/yangxuan/agt_navigation_runtime/install/agt_interfaces/local/lib/python3.10/dist-packages/agt_interfaces/srv/_list_bag_sessions.py
-- Symlinking: /home/yangxuan/agt_navigation_runtime/install/agt_interfaces/local/lib/python3.10/dist-packages/agt_interfaces/srv/_list_bag_sessions_s.c
-- Symlinking: /home/yangxuan/agt_navigation_runtime/install/agt_interfaces/local/lib/python3.10/dist-packages/agt_interfaces/srv/_list_experiments.py
-- Symlinking: /home/yangxuan/agt_navigation_runtime/install/agt_interfaces/local/lib/python3.10/dist-packages/agt_interfaces/srv/_list_experiments_s.c
-- Symlinking: /home/yangxuan/agt_navigation_runtime/install/agt_interfaces/local/lib/python3.10/dist-packages/agt_interfaces/srv/_list_map_versions.py
-- Symlinking: /home/yangxuan/agt_navigation_runtime/install/agt_interfaces/local/lib/python3.10/dist-packages/agt_interfaces/srv/_list_map_versions_s.c
-- Symlinking: /home/yangxuan/agt_navigation_runtime/install/agt_interfaces/local/lib/python3.10/dist-packages/agt_interfaces/srv/_list_task_groups.py
-- Symlinking: /home/yangxuan/agt_navigation_runtime/install/agt_interfaces/local/lib/python3.10/dist-packages/agt_interfaces/srv/_list_task_groups_s.c
-- Symlinking: /home/yangxuan/agt_navigation_runtime/install/agt_interfaces/local/lib/python3.10/dist-packages/agt_interfaces/srv/_manage_bag_session.py
-- Symlinking: /home/yangxuan/agt_navigation_runtime/install/agt_interfaces/local/lib/python3.10/dist-packages/agt_interfaces/srv/_manage_bag_session_s.c
-- Symlinking: /home/yangxuan/agt_navigation_runtime/install/agt_interfaces/local/lib/python3.10/dist-packages/agt_interfaces/srv/_manage_map_version.py
-- Symlinking: /home/yangxuan/agt_navigation_runtime/install/agt_interfaces/local/lib/python3.10/dist-packages/agt_interfaces/srv/_manage_map_version_s.c
-- Symlinking: /home/yangxuan/agt_navigation_runtime/install/agt_interfaces/local/lib/python3.10/dist-packages/agt_interfaces/srv/_put_task_group.py
-- Symlinking: /home/yangxuan/agt_navigation_runtime/install/agt_interfaces/local/lib/python3.10/dist-packages/agt_interfaces/srv/_put_task_group_s.c
-- Symlinking: /home/yangxuan/agt_navigation_runtime/install/agt_interfaces/local/lib/python3.10/dist-packages/agt_interfaces/srv/_set_localization_mode.py
-- Symlinking: /home/yangxuan/agt_navigation_runtime/install/agt_interfaces/local/lib/python3.10/dist-packages/agt_interfaces/srv/_set_localization_mode_s.c
-- Symlinking: /home/yangxuan/agt_navigation_runtime/install/agt_interfaces/local/lib/python3.10/dist-packages/agt_interfaces/srv/_set_mission_run_state.py
-- Symlinking: /home/yangxuan/agt_navigation_runtime/install/agt_interfaces/local/lib/python3.10/dist-packages/agt_interfaces/srv/_set_mission_run_state_s.c
-- Up-to-date symlink: /home/yangxuan/agt_navigation_runtime/install/agt_interfaces/local/lib/python3.10/dist-packages/agt_interfaces/agt_interfaces_s__rosidl_typesupport_fastrtps_c.cpython-310-x86_64-linux-gnu.so
-- Up-to-date symlink: /home/yangxuan/agt_navigation_runtime/install/agt_interfaces/local/lib/python3.10/dist-packages/agt_interfaces/agt_interfaces_s__rosidl_typesupport_introspection_c.cpython-310-x86_64-linux-gnu.so
-- Up-to-date symlink: /home/yangxuan/agt_navigation_runtime/install/agt_interfaces/local/lib/python3.10/dist-packages/agt_interfaces/agt_interfaces_s__rosidl_typesupport_c.cpython-310-x86_64-linux-gnu.so
-- Symlinking: /home/yangxuan/agt_navigation_runtime/install/agt_interfaces/share/ament_index/resource_index/rust_packages/agt_interfaces
-- Symlinking: /home/yangxuan/agt_navigation_runtime/install/agt_interfaces/share/agt_interfaces/rust/Cargo.toml
-- Symlinking: /home/yangxuan/agt_navigation_runtime/install/agt_interfaces/share/agt_interfaces/rust/build.rs
-- Symlinking: /home/yangxuan/agt_navigation_runtime/install/agt_interfaces/share/agt_interfaces/rust/src/action.rs
-- Symlinking: /home/yangxuan/agt_navigation_runtime/install/agt_interfaces/share/agt_interfaces/rust/src/action/rmw.rs
-- Symlinking: /home/yangxuan/agt_navigation_runtime/install/agt_interfaces/share/agt_interfaces/rust/src/lib.rs
-- Symlinking: /home/yangxuan/agt_navigation_runtime/install/agt_interfaces/share/agt_interfaces/rust/src/msg.rs
-- Symlinking: /home/yangxuan/agt_navigation_runtime/install/agt_interfaces/share/agt_interfaces/rust/src/msg/rmw.rs
-- Symlinking: /home/yangxuan/agt_navigation_runtime/install/agt_interfaces/share/agt_interfaces/rust/src/srv.rs
-- Symlinking: /home/yangxuan/agt_navigation_runtime/install/agt_interfaces/share/agt_interfaces/rust/src/srv/rmw.rs
-- Symlinking: /home/yangxuan/agt_navigation_runtime/install/agt_interfaces/share/agt_interfaces/msg/ComponentHealth.idl
-- Symlinking: /home/yangxuan/agt_navigation_runtime/install/agt_interfaces/share/agt_interfaces/msg/LocalizationStatus.idl
-- Symlinking: /home/yangxuan/agt_navigation_runtime/install/agt_interfaces/share/agt_interfaces/msg/MissionStatus.idl
-- Symlinking: /home/yangxuan/agt_navigation_runtime/install/agt_interfaces/share/agt_interfaces/msg/MissionEvent.idl
-- Symlinking: /home/yangxuan/agt_navigation_runtime/install/agt_interfaces/share/agt_interfaces/msg/MapVersionSummary.idl
-- Symlinking: /home/yangxuan/agt_navigation_runtime/install/agt_interfaces/share/agt_interfaces/msg/NavigationSessionStatus.idl
-- Symlinking: /home/yangxuan/agt_navigation_runtime/install/agt_interfaces/share/agt_interfaces/msg/BagSessionSummary.idl
-- Symlinking: /home/yangxuan/agt_navigation_runtime/install/agt_interfaces/share/agt_interfaces/msg/ExperimentSummary.idl
-- Symlinking: /home/yangxuan/agt_navigation_runtime/install/agt_interfaces/share/agt_interfaces/msg/RobotState.idl
-- Symlinking: /home/yangxuan/agt_navigation_runtime/install/agt_interfaces/share/agt_interfaces/msg/SemanticWaypoint.idl
-- Symlinking: /home/yangxuan/agt_navigation_runtime/install/agt_interfaces/share/agt_interfaces/msg/SemanticWaypointArray.idl
-- Symlinking: /home/yangxuan/agt_navigation_runtime/install/agt_interfaces/share/agt_interfaces/msg/SystemHealth.idl
-- Symlinking: /home/yangxuan/agt_navigation_runtime/install/agt_interfaces/share/agt_interfaces/msg/TaskReadiness.idl
-- Symlinking: /home/yangxuan/agt_navigation_runtime/install/agt_interfaces/share/agt_interfaces/srv/EvaluateTaskReadiness.idl
-- Symlinking: /home/yangxuan/agt_navigation_runtime/install/agt_interfaces/share/agt_interfaces/srv/GetSystemHealth.idl
-- Symlinking: /home/yangxuan/agt_navigation_runtime/install/agt_interfaces/share/agt_interfaces/srv/GetRobotState.idl
-- Symlinking: /home/yangxuan/agt_navigation_runtime/install/agt_interfaces/share/agt_interfaces/srv/SetMissionRunState.idl
-- Symlinking: /home/yangxuan/agt_navigation_runtime/install/agt_interfaces/share/agt_interfaces/srv/ActivateMapVersion.idl
-- Symlinking: /home/yangxuan/agt_navigation_runtime/install/agt_interfaces/share/agt_interfaces/srv/ListMapVersions.idl
-- Symlinking: /home/yangxuan/agt_navigation_runtime/install/agt_interfaces/share/agt_interfaces/srv/ManageMapVersion.idl
-- Symlinking: /home/yangxuan/agt_navigation_runtime/install/agt_interfaces/share/agt_interfaces/srv/ListTaskGroups.idl
-- Symlinking: /home/yangxuan/agt_navigation_runtime/install/agt_interfaces/share/agt_interfaces/srv/GetTaskGroup.idl
-- Symlinking: /home/yangxuan/agt_navigation_runtime/install/agt_interfaces/share/agt_interfaces/srv/PutTaskGroup.idl
-- Symlinking: /home/yangxuan/agt_navigation_runtime/install/agt_interfaces/share/agt_interfaces/srv/ArchiveTaskGroup.idl
-- Symlinking: /home/yangxuan/agt_navigation_runtime/install/agt_interfaces/share/agt_interfaces/srv/GetNavigationSession.idl
-- Symlinking: /home/yangxuan/agt_navigation_runtime/install/agt_interfaces/share/agt_interfaces/srv/ListBagSessions.idl
-- Symlinking: /home/yangxuan/agt_navigation_runtime/install/agt_interfaces/share/agt_interfaces/srv/ListExperiments.idl
-- Symlinking: /home/yangxuan/agt_navigation_runtime/install/agt_interfaces/share/agt_interfaces/srv/ManageBagSession.idl
-- Symlinking: /home/yangxuan/agt_navigation_runtime/install/agt_interfaces/share/agt_interfaces/srv/SetLocalizationMode.idl
-- Symlinking: /home/yangxuan/agt_navigation_runtime/install/agt_interfaces/share/agt_interfaces/action/Relocalize.idl
-- Symlinking: /home/yangxuan/agt_navigation_runtime/install/agt_interfaces/share/agt_interfaces/action/ChangeSystemMode.idl
-- Symlinking: /home/yangxuan/agt_navigation_runtime/install/agt_interfaces/share/agt_interfaces/action/ManageMappingSession.idl
-- Symlinking: /home/yangxuan/agt_navigation_runtime/install/agt_interfaces/share/agt_interfaces/action/ExecuteCoverageTask.idl
-- Symlinking: /home/yangxuan/agt_navigation_runtime/install/agt_interfaces/share/agt_interfaces/action/ExecuteWaypointTask.idl
-- Symlinking: /home/yangxuan/agt_navigation_runtime/install/agt_interfaces/share/agt_interfaces/action/OptimizeMap.idl
-- Symlinking: /home/yangxuan/agt_navigation_runtime/install/agt_interfaces/share/agt_interfaces/action/ExecuteMission.idl
-- Symlinking: /home/yangxuan/agt_navigation_runtime/install/agt_interfaces/share/agt_interfaces/action/ExecuteBehaviorTree.idl
-- Symlinking: /home/yangxuan/agt_navigation_runtime/install/agt_interfaces/share/agt_interfaces/msg/ComponentHealth.msg
-- Symlinking: /home/yangxuan/agt_navigation_runtime/install/agt_interfaces/share/agt_interfaces/msg/LocalizationStatus.msg
-- Symlinking: /home/yangxuan/agt_navigation_runtime/install/agt_interfaces/share/agt_interfaces/msg/MissionStatus.msg
-- Symlinking: /home/yangxuan/agt_navigation_runtime/install/agt_interfaces/share/agt_interfaces/msg/MissionEvent.msg
-- Symlinking: /home/yangxuan/agt_navigation_runtime/install/agt_interfaces/share/agt_interfaces/msg/MapVersionSummary.msg
-- Symlinking: /home/yangxuan/agt_navigation_runtime/install/agt_interfaces/share/agt_interfaces/msg/NavigationSessionStatus.msg
-- Symlinking: /home/yangxuan/agt_navigation_runtime/install/agt_interfaces/share/agt_interfaces/msg/BagSessionSummary.msg
-- Symlinking: /home/yangxuan/agt_navigation_runtime/install/agt_interfaces/share/agt_interfaces/msg/ExperimentSummary.msg
-- Symlinking: /home/yangxuan/agt_navigation_runtime/install/agt_interfaces/share/agt_interfaces/msg/RobotState.msg
-- Symlinking: /home/yangxuan/agt_navigation_runtime/install/agt_interfaces/share/agt_interfaces/msg/SemanticWaypoint.msg
-- Symlinking: /home/yangxuan/agt_navigation_runtime/install/agt_interfaces/share/agt_interfaces/msg/SemanticWaypointArray.msg
-- Symlinking: /home/yangxuan/agt_navigation_runtime/install/agt_interfaces/share/agt_interfaces/msg/SystemHealth.msg
-- Symlinking: /home/yangxuan/agt_navigation_runtime/install/agt_interfaces/share/agt_interfaces/msg/TaskReadiness.msg
-- Symlinking: /home/yangxuan/agt_navigation_runtime/install/agt_interfaces/share/agt_interfaces/srv/EvaluateTaskReadiness.srv
-- Symlinking: /home/yangxuan/agt_navigation_runtime/install/agt_interfaces/share/agt_interfaces/srv/EvaluateTaskReadiness_Request.msg
-- Symlinking: /home/yangxuan/agt_navigation_runtime/install/agt_interfaces/share/agt_interfaces/srv/EvaluateTaskReadiness_Response.msg
-- Symlinking: /home/yangxuan/agt_navigation_runtime/install/agt_interfaces/share/agt_interfaces/srv/GetSystemHealth.srv
-- Symlinking: /home/yangxuan/agt_navigation_runtime/install/agt_interfaces/share/agt_interfaces/srv/GetSystemHealth_Request.msg
-- Symlinking: /home/yangxuan/agt_navigation_runtime/install/agt_interfaces/share/agt_interfaces/srv/GetSystemHealth_Response.msg
-- Symlinking: /home/yangxuan/agt_navigation_runtime/install/agt_interfaces/share/agt_interfaces/srv/GetRobotState.srv
-- Symlinking: /home/yangxuan/agt_navigation_runtime/install/agt_interfaces/share/agt_interfaces/srv/GetRobotState_Request.msg
-- Symlinking: /home/yangxuan/agt_navigation_runtime/install/agt_interfaces/share/agt_interfaces/srv/GetRobotState_Response.msg
-- Symlinking: /home/yangxuan/agt_navigation_runtime/install/agt_interfaces/share/agt_interfaces/srv/SetMissionRunState.srv
-- Symlinking: /home/yangxuan/agt_navigation_runtime/install/agt_interfaces/share/agt_interfaces/srv/SetMissionRunState_Request.msg
-- Symlinking: /home/yangxuan/agt_navigation_runtime/install/agt_interfaces/share/agt_interfaces/srv/SetMissionRunState_Response.msg
-- Symlinking: /home/yangxuan/agt_navigation_runtime/install/agt_interfaces/share/agt_interfaces/srv/ActivateMapVersion.srv
-- Symlinking: /home/yangxuan/agt_navigation_runtime/install/agt_interfaces/share/agt_interfaces/srv/ActivateMapVersion_Request.msg
-- Symlinking: /home/yangxuan/agt_navigation_runtime/install/agt_interfaces/share/agt_interfaces/srv/ActivateMapVersion_Response.msg
-- Symlinking: /home/yangxuan/agt_navigation_runtime/install/agt_interfaces/share/agt_interfaces/srv/ListMapVersions.srv
-- Symlinking: /home/yangxuan/agt_navigation_runtime/install/agt_interfaces/share/agt_interfaces/srv/ListMapVersions_Request.msg
-- Symlinking: /home/yangxuan/agt_navigation_runtime/install/agt_interfaces/share/agt_interfaces/srv/ListMapVersions_Response.msg
-- Symlinking: /home/yangxuan/agt_navigation_runtime/install/agt_interfaces/share/agt_interfaces/srv/ManageMapVersion.srv
-- Symlinking: /home/yangxuan/agt_navigation_runtime/install/agt_interfaces/share/agt_interfaces/srv/ManageMapVersion_Request.msg
-- Symlinking: /home/yangxuan/agt_navigation_runtime/install/agt_interfaces/share/agt_interfaces/srv/ManageMapVersion_Response.msg
-- Symlinking: /home/yangxuan/agt_navigation_runtime/install/agt_interfaces/share/agt_interfaces/srv/ListTaskGroups.srv
-- Symlinking: /home/yangxuan/agt_navigation_runtime/install/agt_interfaces/share/agt_interfaces/srv/ListTaskGroups_Request.msg
-- Symlinking: /home/yangxuan/agt_navigation_runtime/install/agt_interfaces/share/agt_interfaces/srv/ListTaskGroups_Response.msg
-- Symlinking: /home/yangxuan/agt_navigation_runtime/install/agt_interfaces/share/agt_interfaces/srv/GetTaskGroup.srv
-- Symlinking: /home/yangxuan/agt_navigation_runtime/install/agt_interfaces/share/agt_interfaces/srv/GetTaskGroup_Request.msg
-- Symlinking: /home/yangxuan/agt_navigation_runtime/install/agt_interfaces/share/agt_interfaces/srv/GetTaskGroup_Response.msg
-- Symlinking: /home/yangxuan/agt_navigation_runtime/install/agt_interfaces/share/agt_interfaces/srv/PutTaskGroup.srv
-- Symlinking: /home/yangxuan/agt_navigation_runtime/install/agt_interfaces/share/agt_interfaces/srv/PutTaskGroup_Request.msg
-- Symlinking: /home/yangxuan/agt_navigation_runtime/install/agt_interfaces/share/agt_interfaces/srv/PutTaskGroup_Response.msg
-- Symlinking: /home/yangxuan/agt_navigation_runtime/install/agt_interfaces/share/agt_interfaces/srv/ArchiveTaskGroup.srv
-- Symlinking: /home/yangxuan/agt_navigation_runtime/install/agt_interfaces/share/agt_interfaces/srv/ArchiveTaskGroup_Request.msg
-- Symlinking: /home/yangxuan/agt_navigation_runtime/install/agt_interfaces/share/agt_interfaces/srv/ArchiveTaskGroup_Response.msg
-- Symlinking: /home/yangxuan/agt_navigation_runtime/install/agt_interfaces/share/agt_interfaces/srv/GetNavigationSession.srv
-- Symlinking: /home/yangxuan/agt_navigation_runtime/install/agt_interfaces/share/agt_interfaces/srv/GetNavigationSession_Request.msg
-- Symlinking: /home/yangxuan/agt_navigation_runtime/install/agt_interfaces/share/agt_interfaces/srv/GetNavigationSession_Response.msg
-- Symlinking: /home/yangxuan/agt_navigation_runtime/install/agt_interfaces/share/agt_interfaces/srv/ListBagSessions.srv
-- Symlinking: /home/yangxuan/agt_navigation_runtime/install/agt_interfaces/share/agt_interfaces/srv/ListBagSessions_Request.msg
-- Symlinking: /home/yangxuan/agt_navigation_runtime/install/agt_interfaces/share/agt_interfaces/srv/ListBagSessions_Response.msg
-- Symlinking: /home/yangxuan/agt_navigation_runtime/install/agt_interfaces/share/agt_interfaces/srv/ListExperiments.srv
-- Symlinking: /home/yangxuan/agt_navigation_runtime/install/agt_interfaces/share/agt_interfaces/srv/ListExperiments_Request.msg
-- Symlinking: /home/yangxuan/agt_navigation_runtime/install/agt_interfaces/share/agt_interfaces/srv/ListExperiments_Response.msg
-- Symlinking: /home/yangxuan/agt_navigation_runtime/install/agt_interfaces/share/agt_interfaces/srv/ManageBagSession.srv
-- Symlinking: /home/yangxuan/agt_navigation_runtime/install/agt_interfaces/share/agt_interfaces/srv/ManageBagSession_Request.msg
-- Symlinking: /home/yangxuan/agt_navigation_runtime/install/agt_interfaces/share/agt_interfaces/srv/ManageBagSession_Response.msg
-- Symlinking: /home/yangxuan/agt_navigation_runtime/install/agt_interfaces/share/agt_interfaces/srv/SetLocalizationMode.srv
-- Symlinking: /home/yangxuan/agt_navigation_runtime/install/agt_interfaces/share/agt_interfaces/srv/SetLocalizationMode_Request.msg
-- Symlinking: /home/yangxuan/agt_navigation_runtime/install/agt_interfaces/share/agt_interfaces/srv/SetLocalizationMode_Response.msg
-- Symlinking: /home/yangxuan/agt_navigation_runtime/install/agt_interfaces/share/agt_interfaces/action/Relocalize.action
-- Symlinking: /home/yangxuan/agt_navigation_runtime/install/agt_interfaces/share/agt_interfaces/action/ChangeSystemMode.action
-- Symlinking: /home/yangxuan/agt_navigation_runtime/install/agt_interfaces/share/agt_interfaces/action/ManageMappingSession.action
-- Symlinking: /home/yangxuan/agt_navigation_runtime/install/agt_interfaces/share/agt_interfaces/action/ExecuteCoverageTask.action
-- Symlinking: /home/yangxuan/agt_navigation_runtime/install/agt_interfaces/share/agt_interfaces/action/ExecuteWaypointTask.action
-- Symlinking: /home/yangxuan/agt_navigation_runtime/install/agt_interfaces/share/agt_interfaces/action/OptimizeMap.action
-- Symlinking: /home/yangxuan/agt_navigation_runtime/install/agt_interfaces/share/agt_interfaces/action/ExecuteMission.action
-- Symlinking: /home/yangxuan/agt_navigation_runtime/install/agt_interfaces/share/agt_interfaces/action/ExecuteBehaviorTree.action
-- Symlinking: /home/yangxuan/agt_navigation_runtime/install/agt_interfaces/share/ament_index/resource_index/package_run_dependencies/agt_interfaces
-- Symlinking: /home/yangxuan/agt_navigation_runtime/install/agt_interfaces/share/ament_index/resource_index/parent_prefix_path/agt_interfaces
-- Symlinking: /home/yangxuan/agt_navigation_runtime/install/agt_interfaces/share/agt_interfaces/environment/ament_prefix_path.sh
-- Symlinking: /home/yangxuan/agt_navigation_runtime/install/agt_interfaces/share/agt_interfaces/environment/ament_prefix_path.dsv
-- Symlinking: /home/yangxuan/agt_navigation_runtime/install/agt_interfaces/share/agt_interfaces/environment/path.sh
-- Symlinking: /home/yangxuan/agt_navigation_runtime/install/agt_interfaces/share/agt_interfaces/environment/path.dsv
-- Symlinking: /home/yangxuan/agt_navigation_runtime/install/agt_interfaces/share/agt_interfaces/local_setup.bash
-- Symlinking: /home/yangxuan/agt_navigation_runtime/install/agt_interfaces/share/agt_interfaces/local_setup.sh
-- Symlinking: /home/yangxuan/agt_navigation_runtime/install/agt_interfaces/share/agt_interfaces/local_setup.zsh
-- Symlinking: /home/yangxuan/agt_navigation_runtime/install/agt_interfaces/share/agt_interfaces/local_setup.dsv
-- Symlinking: /home/yangxuan/agt_navigation_runtime/install/agt_interfaces/share/agt_interfaces/package.dsv
-- Symlinking: /home/yangxuan/agt_navigation_runtime/install/agt_interfaces/share/ament_index/resource_index/packages/agt_interfaces
-- Symlinking: /home/yangxuan/agt_navigation_runtime/install/agt_interfaces/share/agt_interfaces/cmake/rosidl_cmake-extras.cmake
-- Symlinking: /home/yangxuan/agt_navigation_runtime/install/agt_interfaces/share/agt_interfaces/cmake/ament_cmake_export_dependencies-extras.cmake
-- Symlinking: /home/yangxuan/agt_navigation_runtime/install/agt_interfaces/share/agt_interfaces/cmake/ament_cmake_export_include_directories-extras.cmake
-- Symlinking: /home/yangxuan/agt_navigation_runtime/install/agt_interfaces/share/agt_interfaces/cmake/ament_cmake_export_libraries-extras.cmake
-- Symlinking: /home/yangxuan/agt_navigation_runtime/install/agt_interfaces/share/agt_interfaces/cmake/ament_cmake_export_targets-extras.cmake
-- Symlinking: /home/yangxuan/agt_navigation_runtime/install/agt_interfaces/share/agt_interfaces/cmake/rosidl_cmake_export_typesupport_targets-extras.cmake
-- Symlinking: /home/yangxuan/agt_navigation_runtime/install/agt_interfaces/share/agt_interfaces/cmake/rosidl_cmake_export_typesupport_libraries-extras.cmake
-- Symlinking: /home/yangxuan/agt_navigation_runtime/install/agt_interfaces/share/agt_interfaces/cmake/agt_interfacesConfig.cmake
-- Symlinking: /home/yangxuan/agt_navigation_runtime/install/agt_interfaces/share/agt_interfaces/cmake/agt_interfacesConfig-version.cmake
-- Symlinking: /home/yangxuan/agt_navigation_runtime/install/agt_interfaces/share/agt_interfaces/package.xml
-- Installing: /home/yangxuan/agt_navigation_runtime/install/agt_interfaces/lib/libagt_interfaces__rosidl_generator_c.so
-- Set runtime path of "/home/yangxuan/agt_navigation_runtime/install/agt_interfaces/lib/libagt_interfaces__rosidl_generator_c.so" to ""
-- Installing: /home/yangxuan/agt_navigation_runtime/install/agt_interfaces/lib/libagt_interfaces__rosidl_typesupport_fastrtps_c.so
-- Set runtime path of "/home/yangxuan/agt_navigation_runtime/install/agt_interfaces/lib/libagt_interfaces__rosidl_typesupport_fastrtps_c.so" to ""
-- Installing: /home/yangxuan/agt_navigation_runtime/install/agt_interfaces/lib/libagt_interfaces__rosidl_typesupport_fastrtps_cpp.so
-- Set runtime path of "/home/yangxuan/agt_navigation_runtime/install/agt_interfaces/lib/libagt_interfaces__rosidl_typesupport_fastrtps_cpp.so" to ""
-- Installing: /home/yangxuan/agt_navigation_runtime/install/agt_interfaces/lib/libagt_interfaces__rosidl_typesupport_introspection_c.so
-- Set runtime path of "/home/yangxuan/agt_navigation_runtime/install/agt_interfaces/lib/libagt_interfaces__rosidl_typesupport_introspection_c.so" to ""
-- Installing: /home/yangxuan/agt_navigation_runtime/install/agt_interfaces/lib/libagt_interfaces__rosidl_typesupport_c.so
-- Set runtime path of "/home/yangxuan/agt_navigation_runtime/install/agt_interfaces/lib/libagt_interfaces__rosidl_typesupport_c.so" to ""
-- Installing: /home/yangxuan/agt_navigation_runtime/install/agt_interfaces/lib/libagt_interfaces__rosidl_typesupport_introspection_cpp.so
-- Set runtime path of "/home/yangxuan/agt_navigation_runtime/install/agt_interfaces/lib/libagt_interfaces__rosidl_typesupport_introspection_cpp.so" to ""
-- Installing: /home/yangxuan/agt_navigation_runtime/install/agt_interfaces/lib/libagt_interfaces__rosidl_typesupport_cpp.so
-- Set runtime path of "/home/yangxuan/agt_navigation_runtime/install/agt_interfaces/lib/libagt_interfaces__rosidl_typesupport_cpp.so" to ""
Listing '/home/yangxuan/agt_navigation_runtime/install/agt_interfaces/local/lib/python3.10/dist-packages/agt_interfaces'...
Compiling '/home/yangxuan/agt_navigation_runtime/install/agt_interfaces/local/lib/python3.10/dist-packages/agt_interfaces/__init__.py'...
Listing '/home/yangxuan/agt_navigation_runtime/install/agt_interfaces/local/lib/python3.10/dist-packages/agt_interfaces/action'...
Compiling '/home/yangxuan/agt_navigation_runtime/install/agt_interfaces/local/lib/python3.10/dist-packages/agt_interfaces/action/__init__.py'...
Compiling '/home/yangxuan/agt_navigation_runtime/install/agt_interfaces/local/lib/python3.10/dist-packages/agt_interfaces/action/_change_system_mode.py'...
Compiling '/home/yangxuan/agt_navigation_runtime/install/agt_interfaces/local/lib/python3.10/dist-packages/agt_interfaces/action/_execute_behavior_tree.py'...
Compiling '/home/yangxuan/agt_navigation_runtime/install/agt_interfaces/local/lib/python3.10/dist-packages/agt_interfaces/action/_execute_coverage_task.py'...
Compiling '/home/yangxuan/agt_navigation_runtime/install/agt_interfaces/local/lib/python3.10/dist-packages/agt_interfaces/action/_execute_mission.py'...
Compiling '/home/yangxuan/agt_navigation_runtime/install/agt_interfaces/local/lib/python3.10/dist-packages/agt_interfaces/action/_execute_waypoint_task.py'...
Compiling '/home/yangxuan/agt_navigation_runtime/install/agt_interfaces/local/lib/python3.10/dist-packages/agt_interfaces/action/_manage_mapping_session.py'...
Compiling '/home/yangxuan/agt_navigation_runtime/install/agt_interfaces/local/lib/python3.10/dist-packages/agt_interfaces/action/_optimize_map.py'...
Compiling '/home/yangxuan/agt_navigation_runtime/install/agt_interfaces/local/lib/python3.10/dist-packages/agt_interfaces/action/_relocalize.py'...
Listing '/home/yangxuan/agt_navigation_runtime/install/agt_interfaces/local/lib/python3.10/dist-packages/agt_interfaces/msg'...
Compiling '/home/yangxuan/agt_navigation_runtime/install/agt_interfaces/local/lib/python3.10/dist-packages/agt_interfaces/msg/__init__.py'...
Compiling '/home/yangxuan/agt_navigation_runtime/install/agt_interfaces/local/lib/python3.10/dist-packages/agt_interfaces/msg/_bag_session_summary.py'...
Compiling '/home/yangxuan/agt_navigation_runtime/install/agt_interfaces/local/lib/python3.10/dist-packages/agt_interfaces/msg/_component_health.py'...
Compiling '/home/yangxuan/agt_navigation_runtime/install/agt_interfaces/local/lib/python3.10/dist-packages/agt_interfaces/msg/_experiment_summary.py'...
Compiling '/home/yangxuan/agt_navigation_runtime/install/agt_interfaces/local/lib/python3.10/dist-packages/agt_interfaces/msg/_localization_status.py'...
Compiling '/home/yangxuan/agt_navigation_runtime/install/agt_interfaces/local/lib/python3.10/dist-packages/agt_interfaces/msg/_map_version_summary.py'...
Compiling '/home/yangxuan/agt_navigation_runtime/install/agt_interfaces/local/lib/python3.10/dist-packages/agt_interfaces/msg/_mission_event.py'...
Compiling '/home/yangxuan/agt_navigation_runtime/install/agt_interfaces/local/lib/python3.10/dist-packages/agt_interfaces/msg/_mission_status.py'...
Compiling '/home/yangxuan/agt_navigation_runtime/install/agt_interfaces/local/lib/python3.10/dist-packages/agt_interfaces/msg/_navigation_session_status.py'...
Compiling '/home/yangxuan/agt_navigation_runtime/install/agt_interfaces/local/lib/python3.10/dist-packages/agt_interfaces/msg/_robot_state.py'...
Compiling '/home/yangxuan/agt_navigation_runtime/install/agt_interfaces/local/lib/python3.10/dist-packages/agt_interfaces/msg/_semantic_waypoint.py'...
Compiling '/home/yangxuan/agt_navigation_runtime/install/agt_interfaces/local/lib/python3.10/dist-packages/agt_interfaces/msg/_semantic_waypoint_array.py'...
Compiling '/home/yangxuan/agt_navigation_runtime/install/agt_interfaces/local/lib/python3.10/dist-packages/agt_interfaces/msg/_system_health.py'...
Compiling '/home/yangxuan/agt_navigation_runtime/install/agt_interfaces/local/lib/python3.10/dist-packages/agt_interfaces/msg/_task_readiness.py'...
Listing '/home/yangxuan/agt_navigation_runtime/install/agt_interfaces/local/lib/python3.10/dist-packages/agt_interfaces/srv'...
Compiling '/home/yangxuan/agt_navigation_runtime/install/agt_interfaces/local/lib/python3.10/dist-packages/agt_interfaces/srv/__init__.py'...
Compiling '/home/yangxuan/agt_navigation_runtime/install/agt_interfaces/local/lib/python3.10/dist-packages/agt_interfaces/srv/_activate_map_version.py'...
Compiling '/home/yangxuan/agt_navigation_runtime/install/agt_interfaces/local/lib/python3.10/dist-packages/agt_interfaces/srv/_archive_task_group.py'...
Compiling '/home/yangxuan/agt_navigation_runtime/install/agt_interfaces/local/lib/python3.10/dist-packages/agt_interfaces/srv/_evaluate_task_readiness.py'...
Compiling '/home/yangxuan/agt_navigation_runtime/install/agt_interfaces/local/lib/python3.10/dist-packages/agt_interfaces/srv/_get_navigation_session.py'...
Compiling '/home/yangxuan/agt_navigation_runtime/install/agt_interfaces/local/lib/python3.10/dist-packages/agt_interfaces/srv/_get_robot_state.py'...
Compiling '/home/yangxuan/agt_navigation_runtime/install/agt_interfaces/local/lib/python3.10/dist-packages/agt_interfaces/srv/_get_system_health.py'...
Compiling '/home/yangxuan/agt_navigation_runtime/install/agt_interfaces/local/lib/python3.10/dist-packages/agt_interfaces/srv/_get_task_group.py'...
Compiling '/home/yangxuan/agt_navigation_runtime/install/agt_interfaces/local/lib/python3.10/dist-packages/agt_interfaces/srv/_list_bag_sessions.py'...
Compiling '/home/yangxuan/agt_navigation_runtime/install/agt_interfaces/local/lib/python3.10/dist-packages/agt_interfaces/srv/_list_experiments.py'...
Compiling '/home/yangxuan/agt_navigation_runtime/install/agt_interfaces/local/lib/python3.10/dist-packages/agt_interfaces/srv/_list_map_versions.py'...
Compiling '/home/yangxuan/agt_navigation_runtime/install/agt_interfaces/local/lib/python3.10/dist-packages/agt_interfaces/srv/_list_task_groups.py'...
Compiling '/home/yangxuan/agt_navigation_runtime/install/agt_interfaces/local/lib/python3.10/dist-packages/agt_interfaces/srv/_manage_bag_session.py'...
Compiling '/home/yangxuan/agt_navigation_runtime/install/agt_interfaces/local/lib/python3.10/dist-packages/agt_interfaces/srv/_manage_map_version.py'...
Compiling '/home/yangxuan/agt_navigation_runtime/install/agt_interfaces/local/lib/python3.10/dist-packages/agt_interfaces/srv/_put_task_group.py'...
Compiling '/home/yangxuan/agt_navigation_runtime/install/agt_interfaces/local/lib/python3.10/dist-packages/agt_interfaces/srv/_set_localization_mode.py'...
Compiling '/home/yangxuan/agt_navigation_runtime/install/agt_interfaces/local/lib/python3.10/dist-packages/agt_interfaces/srv/_set_mission_run_state.py'...
-- Installing: /home/yangxuan/agt_navigation_runtime/install/agt_interfaces/lib/libagt_interfaces__rosidl_generator_py.so
-- Set runtime path of "/home/yangxuan/agt_navigation_runtime/install/agt_interfaces/lib/libagt_interfaces__rosidl_generator_py.so" to ""
-- Installing: /home/yangxuan/agt_navigation_runtime/install/agt_interfaces/share/agt_interfaces/cmake/export_agt_interfaces__rosidl_generator_cExport.cmake
-- Installing: /home/yangxuan/agt_navigation_runtime/install/agt_interfaces/share/agt_interfaces/cmake/export_agt_interfaces__rosidl_generator_cExport-noconfig.cmake
-- Installing: /home/yangxuan/agt_navigation_runtime/install/agt_interfaces/share/agt_interfaces/cmake/export_agt_interfaces__rosidl_typesupport_fastrtps_cExport.cmake
-- Installing: /home/yangxuan/agt_navigation_runtime/install/agt_interfaces/share/agt_interfaces/cmake/export_agt_interfaces__rosidl_typesupport_fastrtps_cExport-noconfig.cmake
-- Installing: /home/yangxuan/agt_navigation_runtime/install/agt_interfaces/share/agt_interfaces/cmake/export_agt_interfaces__rosidl_generator_cppExport.cmake
-- Installing: /home/yangxuan/agt_navigation_runtime/install/agt_interfaces/share/agt_interfaces/cmake/export_agt_interfaces__rosidl_typesupport_fastrtps_cppExport.cmake
-- Installing: /home/yangxuan/agt_navigation_runtime/install/agt_interfaces/share/agt_interfaces/cmake/export_agt_interfaces__rosidl_typesupport_fastrtps_cppExport-noconfig.cmake
-- Installing: /home/yangxuan/agt_navigation_runtime/install/agt_interfaces/share/agt_interfaces/cmake/agt_interfaces__rosidl_typesupport_introspection_cExport.cmake
-- Installing: /home/yangxuan/agt_navigation_runtime/install/agt_interfaces/share/agt_interfaces/cmake/agt_interfaces__rosidl_typesupport_introspection_cExport-noconfig.cmake
-- Installing: /home/yangxuan/agt_navigation_runtime/install/agt_interfaces/share/agt_interfaces/cmake/agt_interfaces__rosidl_typesupport_cExport.cmake
-- Installing: /home/yangxuan/agt_navigation_runtime/install/agt_interfaces/share/agt_interfaces/cmake/agt_interfaces__rosidl_typesupport_cExport-noconfig.cmake
-- Installing: /home/yangxuan/agt_navigation_runtime/install/agt_interfaces/share/agt_interfaces/cmake/agt_interfaces__rosidl_typesupport_introspection_cppExport.cmake
-- Installing: /home/yangxuan/agt_navigation_runtime/install/agt_interfaces/share/agt_interfaces/cmake/agt_interfaces__rosidl_typesupport_introspection_cppExport-noconfig.cmake
-- Installing: /home/yangxuan/agt_navigation_runtime/install/agt_interfaces/share/agt_interfaces/cmake/agt_interfaces__rosidl_typesupport_cppExport.cmake
-- Installing: /home/yangxuan/agt_navigation_runtime/install/agt_interfaces/share/agt_interfaces/cmake/agt_interfaces__rosidl_typesupport_cppExport-noconfig.cmake
-- Installing: /home/yangxuan/agt_navigation_runtime/install/agt_interfaces/share/agt_interfaces/cmake/export_agt_interfaces__rosidl_generator_pyExport.cmake
-- Installing: /home/yangxuan/agt_navigation_runtime/install/agt_interfaces/share/agt_interfaces/cmake/export_agt_interfaces__rosidl_generator_pyExport-noconfig.cmake
