[0.064s] Invoking command in '/home/yangxuan/agt_navigation_runtime/build/agt_interfaces': CMAKE_PREFIX_PATH=/opt/ros/humble /usr/bin/cmake /home/yangxuan/agt_navigation_runtime/src/agt_interfaces -DAMENT_CMAKE_SYMLINK_INSTALL=1 -DCMAKE_INSTALL_PREFIX=/home/yangxuan/agt_navigation_runtime/install/agt_interfaces
[0.364s] -- The C compiler identification is GNU 11.4.0
[0.462s] -- The CXX compiler identification is GNU 11.4.0
[0.474s] -- Detecting C compiler ABI info
[0.582s] -- Detecting C compiler ABI info - done
[0.598s] -- Check for working C compiler: /usr/bin/cc - skipped
[0.599s] -- Detecting C compile features
[0.599s] -- Detecting C compile features - done
[0.605s] -- Detecting CXX compiler ABI info
[0.765s] -- Detecting CXX compiler ABI info - done
[0.782s] -- Check for working CXX compiler: /usr/bin/c++ - skipped
[0.782s] -- Detecting CXX compile features
[0.783s] -- Detecting CXX compile features - done
[0.789s] -- Found ament_cmake: 1.3.14 (/opt/ros/humble/share/ament_cmake/cmake)
[1.103s] -- Found Python3: /usr/bin/python3 (found version "3.10.12") found components: Interpreter 
[1.309s] -- Override CMake install command with custom implementation using symlinks instead of copying resources
[1.380s] -- Found action_msgs: 1.2.2 (/opt/ros/humble/share/action_msgs/cmake)
[1.550s] -- Found rosidl_generator_c: 3.1.8 (/opt/ros/humble/share/rosidl_generator_c/cmake)
[1.561s] -- Found rosidl_adapter: 3.1.8 (/opt/ros/humble/share/rosidl_adapter/cmake)
[1.583s] -- Found rosidl_generator_cpp: 3.1.8 (/opt/ros/humble/share/rosidl_generator_cpp/cmake)
[1.613s] -- Using all available rosidl_typesupport_c: rosidl_typesupport_fastrtps_c;rosidl_typesupport_introspection_c
[1.640s] -- Using all available rosidl_typesupport_cpp: rosidl_typesupport_fastrtps_cpp;rosidl_typesupport_introspection_cpp
[1.730s] -- Found geometry_msgs: 4.9.1 (/opt/ros/humble/share/geometry_msgs/cmake)
[1.805s] -- Found nav_msgs: 4.9.1 (/opt/ros/humble/share/nav_msgs/cmake)
[1.876s] -- Found rosidl_default_generators: 1.2.1 (/opt/ros/humble/share/rosidl_default_generators/cmake)
[4.167s] -- Found ament_cmake_ros: 0.10.0 (/opt/ros/humble/share/ament_cmake_ros/cmake)
[6.506s] -- Using all available rosidl_typesupport_c: rosidl_typesupport_fastrtps_c;rosidl_typesupport_introspection_c
[7.058s] -- Using all available rosidl_typesupport_cpp: rosidl_typesupport_fastrtps_cpp;rosidl_typesupport_introspection_cpp
[7.148s] -- Found PythonInterp: /usr/bin/python3 (found suitable version "3.10.12", minimum required is "3.6") 
[7.153s] -- Found python_cmake_module: 0.10.0 (/opt/ros/humble/share/python_cmake_module/cmake)
[7.258s] -- Found PythonLibs: /usr/lib/x86_64-linux-gnu/libpython3.10.so (found suitable version "3.10.12", minimum required is "3.5") 
[7.258s] -- Using PYTHON_EXECUTABLE: /usr/bin/python3
[7.258s] -- Using PYTHON_INCLUDE_DIRS: /usr/include/python3.10
[7.258s] -- Using PYTHON_LIBRARIES: /usr/lib/x86_64-linux-gnu/libpython3.10.so
[7.356s] -- Found PythonExtra: .so  
[20.042s] -- Found gtest sources under '/opt/ros/humble/src/gtest_vendor': C++ tests using 'Google Test' will be built
[20.048s] -- Looking for pthread.h
[20.190s] -- Looking for pthread.h - found
[20.196s] -- Performing Test CMAKE_HAVE_LIBC_PTHREAD
[20.331s] -- Performing Test CMAKE_HAVE_LIBC_PTHREAD - Success
[20.334s] -- Found Threads: TRUE  
[20.355s] -- Configuring done
[20.532s] -- Generating done
[20.565s] -- Build files have been written to: /home/yangxuan/agt_navigation_runtime/build/agt_interfaces
[20.584s] Invoked command in '/home/yangxuan/agt_navigation_runtime/build/agt_interfaces' returned '0': CMAKE_PREFIX_PATH=/opt/ros/humble /usr/bin/cmake /home/yangxuan/agt_navigation_runtime/src/agt_interfaces -DAMENT_CMAKE_SYMLINK_INSTALL=1 -DCMAKE_INSTALL_PREFIX=/home/yangxuan/agt_navigation_runtime/install/agt_interfaces
[20.586s] Invoking command in '/home/yangxuan/agt_navigation_runtime/build/agt_interfaces': CMAKE_PREFIX_PATH=/opt/ros/humble /usr/bin/cmake --build /home/yangxuan/agt_navigation_runtime/build/agt_interfaces -- -j32 -l32
[20.699s] [  0%] [34m[1mGenerating C code for ROS interfaces[0m
[20.711s] [  0%] [32mBuilding CXX object gtest/CMakeFiles/gtest_main.dir/src/gtest_main.cc.o[0m
[20.714s] [  0%] [34m[1mGenerating Rust code for ROS interfaces[0m
[20.716s] [  1%] [32mBuilding CXX object gtest/CMakeFiles/gtest.dir/src/gtest-all.cc.o[0m
[20.718s] [  1%] [34m[1mGenerating C++ code for ROS interfaces[0m
[20.731s] [  1%] Built target ament_cmake_python_symlink_agt_interfaces
[21.266s] running egg_info
[21.268s] creating agt_interfaces.egg-info
[21.268s] writing agt_interfaces.egg-info/PKG-INFO
[21.269s] writing dependency_links to agt_interfaces.egg-info/dependency_links.txt
[21.269s] writing top-level names to agt_interfaces.egg-info/top_level.txt
[21.270s] writing manifest file 'agt_interfaces.egg-info/SOURCES.txt'
[21.275s] reading manifest file 'agt_interfaces.egg-info/SOURCES.txt'
[21.276s] writing manifest file 'agt_interfaces.egg-info/SOURCES.txt'
[21.326s] [  1%] Built target ament_cmake_python_build_agt_interfaces_egg
[22.300s] [  2%] [32m[1mLinking CXX static library libgtest_main.a[0m
[22.365s] [  2%] Built target gtest_main
[26.216s] [  2%] Built target agt_interfaces__rs
[27.141s] [  2%] [32m[1mLinking CXX static library libgtest.a[0m
[27.227s] [  2%] Built target gtest
[31.270s] [  4%] [32mBuilding C object CMakeFiles/agt_interfaces__rosidl_generator_c.dir/rosidl_generator_c/agt_interfaces/msg/detail/component_health__functions.c.o[0m
[31.270s] [  4%] [32mBuilding C object CMakeFiles/agt_interfaces__rosidl_generator_c.dir/rosidl_generator_c/agt_interfaces/msg/detail/mission_event__functions.c.o[0m
[31.271s] [  4%] [32mBuilding C object CMakeFiles/agt_interfaces__rosidl_generator_c.dir/rosidl_generator_c/agt_interfaces/msg/detail/map_version_summary__functions.c.o[0m
[31.273s] [  5%] [32mBuilding C object CMakeFiles/agt_interfaces__rosidl_generator_c.dir/rosidl_generator_c/agt_interfaces/msg/detail/bag_session_summary__functions.c.o[0m
[31.274s] [  5%] [32mBuilding C object CMakeFiles/agt_interfaces__rosidl_generator_c.dir/rosidl_generator_c/agt_interfaces/msg/detail/mission_status__functions.c.o[0m
[31.274s] [  5%] [32mBuilding C object CMakeFiles/agt_interfaces__rosidl_generator_c.dir/rosidl_generator_c/agt_interfaces/msg/detail/localization_status__functions.c.o[0m
[31.274s] [  5%] [32mBuilding C object CMakeFiles/agt_interfaces__rosidl_generator_c.dir/rosidl_generator_c/agt_interfaces/msg/detail/navigation_session_status__functions.c.o[0m
[31.274s] [  5%] [32mBuilding C object CMakeFiles/agt_interfaces__rosidl_generator_c.dir/rosidl_generator_c/agt_interfaces/msg/detail/robot_state__functions.c.o[0m
[31.275s] [  6%] [32mBuilding C object CMakeFiles/agt_interfaces__rosidl_generator_c.dir/rosidl_generator_c/agt_interfaces/msg/detail/semantic_waypoint_array__functions.c.o[0m
[31.277s] [  7%] [32mBuilding C object CMakeFiles/agt_interfaces__rosidl_generator_c.dir/rosidl_generator_c/agt_interfaces/srv/detail/evaluate_task_readiness__functions.c.o[0m
[31.278s] [  7%] [32mBuilding C object CMakeFiles/agt_interfaces__rosidl_generator_c.dir/rosidl_generator_c/agt_interfaces/msg/detail/experiment_summary__functions.c.o[0m
[31.278s] [  7%] [32mBuilding C object CMakeFiles/agt_interfaces__rosidl_generator_c.dir/rosidl_generator_c/agt_interfaces/msg/detail/task_readiness__functions.c.o[0m
[31.278s] [  7%] [32mBuilding C object CMakeFiles/agt_interfaces__rosidl_generator_c.dir/rosidl_generator_c/agt_interfaces/msg/detail/semantic_waypoint__functions.c.o[0m
[31.278s] [  7%] [32mBuilding C object CMakeFiles/agt_interfaces__rosidl_generator_c.dir/rosidl_generator_c/agt_interfaces/msg/detail/system_health__functions.c.o[0m
[31.279s] [  7%] [32mBuilding C object CMakeFiles/agt_interfaces__rosidl_generator_c.dir/rosidl_generator_c/agt_interfaces/srv/detail/get_system_health__functions.c.o[0m
[31.285s] [  7%] [32mBuilding C object CMakeFiles/agt_interfaces__rosidl_generator_c.dir/rosidl_generator_c/agt_interfaces/srv/detail/get_robot_state__functions.c.o[0m
[31.287s] [  8%] [32mBuilding C object CMakeFiles/agt_interfaces__rosidl_generator_c.dir/rosidl_generator_c/agt_interfaces/srv/detail/set_mission_run_state__functions.c.o[0m
[31.290s] [  8%] [32mBuilding C object CMakeFiles/agt_interfaces__rosidl_generator_c.dir/rosidl_generator_c/agt_interfaces/srv/detail/list_map_versions__functions.c.o[0m
[31.290s] [  8%] [32mBuilding C object CMakeFiles/agt_interfaces__rosidl_generator_c.dir/rosidl_generator_c/agt_interfaces/srv/detail/activate_map_version__functions.c.o[0m
[31.291s] [  8%] [32mBuilding C object CMakeFiles/agt_interfaces__rosidl_generator_c.dir/rosidl_generator_c/agt_interfaces/srv/detail/manage_map_version__functions.c.o[0m
[31.326s] [  9%] [32mBuilding C object CMakeFiles/agt_interfaces__rosidl_generator_c.dir/rosidl_generator_c/agt_interfaces/srv/detail/list_task_groups__functions.c.o[0m
[31.327s] [  9%] [32mBuilding C object CMakeFiles/agt_interfaces__rosidl_generator_c.dir/rosidl_generator_c/agt_interfaces/srv/detail/get_navigation_session__functions.c.o[0m
[31.330s] [  9%] [32mBuilding C object CMakeFiles/agt_interfaces__rosidl_generator_c.dir/rosidl_generator_c/agt_interfaces/srv/detail/get_task_group__functions.c.o[0m
[31.333s] [  9%] [32mBuilding C object CMakeFiles/agt_interfaces__rosidl_generator_c.dir/rosidl_generator_c/agt_interfaces/srv/detail/put_task_group__functions.c.o[0m
[31.337s] [  9%] [32mBuilding C object CMakeFiles/agt_interfaces__rosidl_generator_c.dir/rosidl_generator_c/agt_interfaces/srv/detail/manage_bag_session__functions.c.o[0m
[31.344s] [ 10%] [32mBuilding C object CMakeFiles/agt_interfaces__rosidl_generator_c.dir/rosidl_generator_c/agt_interfaces/srv/detail/list_experiments__functions.c.o[0m
[31.353s] [ 12%] [32mBuilding C object CMakeFiles/agt_interfaces__rosidl_generator_c.dir/rosidl_generator_c/agt_interfaces/action/detail/relocalize__functions.c.o[0m
[31.354s] [ 12%] [32mBuilding C object CMakeFiles/agt_interfaces__rosidl_generator_c.dir/rosidl_generator_c/agt_interfaces/srv/detail/list_bag_sessions__functions.c.o[0m
[31.354s] [ 12%] [32mBuilding C object CMakeFiles/agt_interfaces__rosidl_generator_c.dir/rosidl_generator_c/agt_interfaces/srv/detail/archive_task_group__functions.c.o[0m
[31.354s] [ 12%] [32mBuilding C object CMakeFiles/agt_interfaces__rosidl_generator_c.dir/rosidl_generator_c/agt_interfaces/srv/detail/set_localization_mode__functions.c.o[0m
[31.359s] [ 12%] [32mBuilding C object CMakeFiles/agt_interfaces__rosidl_generator_c.dir/rosidl_generator_c/agt_interfaces/action/detail/change_system_mode__functions.c.o[0m
[31.435s] [ 13%] [32mBuilding C object CMakeFiles/agt_interfaces__rosidl_generator_c.dir/rosidl_generator_c/agt_interfaces/action/detail/execute_waypoint_task__functions.c.o[0m
[31.435s] [ 13%] [32mBuilding C object CMakeFiles/agt_interfaces__rosidl_generator_c.dir/rosidl_generator_c/agt_interfaces/action/detail/manage_mapping_session__functions.c.o[0m
[31.438s] [ 13%] [32mBuilding C object CMakeFiles/agt_interfaces__rosidl_generator_c.dir/rosidl_generator_c/agt_interfaces/action/detail/execute_coverage_task__functions.c.o[0m
[31.446s] [ 13%] [32mBuilding C object CMakeFiles/agt_interfaces__rosidl_generator_c.dir/rosidl_generator_c/agt_interfaces/action/detail/optimize_map__functions.c.o[0m
[31.455s] [ 13%] [32mBuilding C object CMakeFiles/agt_interfaces__rosidl_generator_c.dir/rosidl_generator_c/agt_interfaces/action/detail/execute_mission__functions.c.o[0m
[31.470s] [ 14%] [32mBuilding C object CMakeFiles/agt_interfaces__rosidl_generator_c.dir/rosidl_generator_c/agt_interfaces/action/detail/execute_behavior_tree__functions.c.o[0m
[31.758s] [ 14%] [32m[1mLinking C shared library libagt_interfaces__rosidl_generator_c.so[0m
[31.841s] [ 14%] Built target agt_interfaces__rosidl_generator_c
[31.860s] [ 14%] [34m[1mGenerating C introspection for ROS interfaces[0m
[31.861s] [ 15%] [34m[1mGenerating C type support dispatch for ROS interfaces[0m
[31.861s] [ 15%] [34m[1mGenerating C type support for eProsima Fast-RTPS[0m
[33.050s] [ 15%] Built target agt_interfaces__cpp
[33.068s] [ 15%] [34m[1mGenerating C++ type support dispatch for ROS interfaces[0m
[33.071s] [ 15%] [34m[1mGenerating C++ type support for eProsima Fast-RTPS[0m
[33.071s] [ 16%] [34m[1mGenerating C++ introspection for ROS interfaces[0m
[36.809s] [ 17%] [32mBuilding CXX object CMakeFiles/agt_interfaces__rosidl_typesupport_c.dir/rosidl_typesupport_c/agt_interfaces/msg/component_health__type_support.cpp.o[0m
[36.809s] [ 17%] [32mBuilding CXX object CMakeFiles/agt_interfaces__rosidl_typesupport_c.dir/rosidl_typesupport_c/agt_interfaces/msg/mission_status__type_support.cpp.o[0m
[36.809s] [ 17%] [32mBuilding CXX object CMakeFiles/agt_interfaces__rosidl_typesupport_c.dir/rosidl_typesupport_c/agt_interfaces/msg/mission_event__type_support.cpp.o[0m
[36.809s] [ 17%] [32mBuilding CXX object CMakeFiles/agt_interfaces__rosidl_typesupport_c.dir/rosidl_typesupport_c/agt_interfaces/msg/localization_status__type_support.cpp.o[0m
[36.809s] [ 17%] [32mBuilding CXX object CMakeFiles/agt_interfaces__rosidl_typesupport_c.dir/rosidl_typesupport_c/agt_interfaces/msg/map_version_summary__type_support.cpp.o[0m
[36.814s] [ 18%] [32mBuilding CXX object CMakeFiles/agt_interfaces__rosidl_typesupport_c.dir/rosidl_typesupport_c/agt_interfaces/msg/navigation_session_status__type_support.cpp.o[0m
[36.814s] [ 18%] [32mBuilding CXX object CMakeFiles/agt_interfaces__rosidl_typesupport_c.dir/rosidl_typesupport_c/agt_interfaces/msg/bag_session_summary__type_support.cpp.o[0m
[36.814s] [ 18%] [32mBuilding CXX object CMakeFiles/agt_interfaces__rosidl_typesupport_c.dir/rosidl_typesupport_c/agt_interfaces/msg/experiment_summary__type_support.cpp.o[0m
[36.815s] [ 18%] [32mBuilding CXX object CMakeFiles/agt_interfaces__rosidl_typesupport_c.dir/rosidl_typesupport_c/agt_interfaces/msg/semantic_waypoint_array__type_support.cpp.o[0m
[36.815s] [ 18%] [32mBuilding CXX object CMakeFiles/agt_interfaces__rosidl_typesupport_c.dir/rosidl_typesupport_c/agt_interfaces/msg/robot_state__type_support.cpp.o[0m
[36.815s] [ 19%] [32mBuilding CXX object CMakeFiles/agt_interfaces__rosidl_typesupport_c.dir/rosidl_typesupport_c/agt_interfaces/msg/semantic_waypoint__type_support.cpp.o[0m
[36.815s] [ 20%] [32mBuilding CXX object CMakeFiles/agt_interfaces__rosidl_typesupport_c.dir/rosidl_typesupport_c/agt_interfaces/msg/task_readiness__type_support.cpp.o[0m
[36.815s] [ 20%] [32mBuilding CXX object CMakeFiles/agt_interfaces__rosidl_typesupport_c.dir/rosidl_typesupport_c/agt_interfaces/srv/get_system_health__type_support.cpp.o[0m
[36.816s] [ 20%] [32mBuilding CXX object CMakeFiles/agt_interfaces__rosidl_typesupport_c.dir/rosidl_typesupport_c/agt_interfaces/msg/system_health__type_support.cpp.o[0m
[36.816s] [ 20%] [32mBuilding CXX object CMakeFiles/agt_interfaces__rosidl_typesupport_c.dir/rosidl_typesupport_c/agt_interfaces/srv/evaluate_task_readiness__type_support.cpp.o[0m
[36.816s] [ 20%] [32mBuilding CXX object CMakeFiles/agt_interfaces__rosidl_typesupport_c.dir/rosidl_typesupport_c/agt_interfaces/srv/activate_map_version__type_support.cpp.o[0m
[36.818s] [ 20%] [32mBuilding CXX object CMakeFiles/agt_interfaces__rosidl_typesupport_c.dir/rosidl_typesupport_c/agt_interfaces/srv/set_mission_run_state__type_support.cpp.o[0m
[36.818s] [ 21%] [32mBuilding CXX object CMakeFiles/agt_interfaces__rosidl_typesupport_c.dir/rosidl_typesupport_c/agt_interfaces/srv/get_robot_state__type_support.cpp.o[0m
[36.830s] [ 22%] [32mBuilding CXX object CMakeFiles/agt_interfaces__rosidl_typesupport_c.dir/rosidl_typesupport_c/agt_interfaces/srv/list_map_versions__type_support.cpp.o[0m
[36.849s] [ 22%] [32mBuilding CXX object CMakeFiles/agt_interfaces__rosidl_typesupport_c.dir/rosidl_typesupport_c/agt_interfaces/srv/manage_map_version__type_support.cpp.o[0m
[36.849s] [ 22%] [32mBuilding CXX object CMakeFiles/agt_interfaces__rosidl_typesupport_c.dir/rosidl_typesupport_c/agt_interfaces/srv/list_task_groups__type_support.cpp.o[0m
[36.856s] [ 22%] [32mBuilding CXX object CMakeFiles/agt_interfaces__rosidl_typesupport_c.dir/rosidl_typesupport_c/agt_interfaces/srv/archive_task_group__type_support.cpp.o[0m
[36.856s] [ 22%] [32mBuilding CXX object CMakeFiles/agt_interfaces__rosidl_typesupport_c.dir/rosidl_typesupport_c/agt_interfaces/srv/list_experiments__type_support.cpp.o[0m
[36.860s] [ 22%] [32mBuilding CXX object CMakeFiles/agt_interfaces__rosidl_typesupport_c.dir/rosidl_typesupport_c/agt_interfaces/srv/get_task_group__type_support.cpp.o[0m
[36.862s] [ 23%] [32mBuilding CXX object CMakeFiles/agt_interfaces__rosidl_typesupport_c.dir/rosidl_typesupport_c/agt_interfaces/srv/put_task_group__type_support.cpp.o[0m
[36.866s] [ 23%] [32mBuilding CXX object CMakeFiles/agt_interfaces__rosidl_typesupport_c.dir/rosidl_typesupport_c/agt_interfaces/srv/get_navigation_session__type_support.cpp.o[0m
[36.867s] [ 24%] [32mBuilding CXX object CMakeFiles/agt_interfaces__rosidl_typesupport_c.dir/rosidl_typesupport_c/agt_interfaces/srv/list_bag_sessions__type_support.cpp.o[0m
[36.886s] [ 24%] [32mBuilding CXX object CMakeFiles/agt_interfaces__rosidl_typesupport_c.dir/rosidl_typesupport_c/agt_interfaces/action/relocalize__type_support.cpp.o[0m
[36.886s] [ 24%] [32mBuilding CXX object CMakeFiles/agt_interfaces__rosidl_typesupport_c.dir/rosidl_typesupport_c/agt_interfaces/srv/manage_bag_session__type_support.cpp.o[0m
[36.892s] [ 25%] [32mBuilding CXX object CMakeFiles/agt_interfaces__rosidl_typesupport_c.dir/rosidl_typesupport_c/agt_interfaces/srv/set_localization_mode__type_support.cpp.o[0m
[36.893s] [ 26%] [32mBuilding CXX object CMakeFiles/agt_interfaces__rosidl_typesupport_c.dir/rosidl_typesupport_c/agt_interfaces/action/execute_coverage_task__type_support.cpp.o[0m
[36.897s] [ 26%] [32mBuilding CXX object CMakeFiles/agt_interfaces__rosidl_typesupport_c.dir/rosidl_typesupport_c/agt_interfaces/action/change_system_mode__type_support.cpp.o[0m
[36.897s] [ 26%] [32mBuilding CXX object CMakeFiles/agt_interfaces__rosidl_typesupport_c.dir/rosidl_typesupport_c/agt_interfaces/action/execute_waypoint_task__type_support.cpp.o[0m
[36.900s] [ 26%] [32mBuilding CXX object CMakeFiles/agt_interfaces__rosidl_typesupport_c.dir/rosidl_typesupport_c/agt_interfaces/action/optimize_map__type_support.cpp.o[0m
[36.901s] [ 27%] [32mBuilding CXX object CMakeFiles/agt_interfaces__rosidl_typesupport_c.dir/rosidl_typesupport_c/agt_interfaces/action/execute_mission__type_support.cpp.o[0m
[36.904s] [ 27%] [32mBuilding CXX object CMakeFiles/agt_interfaces__rosidl_typesupport_c.dir/rosidl_typesupport_c/agt_interfaces/action/execute_behavior_tree__type_support.cpp.o[0m
[36.905s] [ 27%] [32mBuilding CXX object CMakeFiles/agt_interfaces__rosidl_typesupport_c.dir/rosidl_typesupport_c/agt_interfaces/action/manage_mapping_session__type_support.cpp.o[0m
[37.008s] [ 27%] [32m[1mLinking CXX shared library libagt_interfaces__rosidl_typesupport_c.so[0m
[37.095s] [ 27%] Built target agt_interfaces__rosidl_typesupport_c
[38.145s] [ 27%] [32mBuilding C object CMakeFiles/agt_interfaces__rosidl_typesupport_introspection_c.dir/rosidl_typesupport_introspection_c/agt_interfaces/msg/detail/localization_status__type_support.c.o[0m
[38.150s] [ 28%] [32mBuilding C object CMakeFiles/agt_interfaces__rosidl_typesupport_introspection_c.dir/rosidl_typesupport_introspection_c/agt_interfaces/msg/detail/map_version_summary__type_support.c.o[0m
[38.150s] [ 28%] [32mBuilding C object CMakeFiles/agt_interfaces__rosidl_typesupport_introspection_c.dir/rosidl_typesupport_introspection_c/agt_interfaces/msg/detail/mission_status__type_support.c.o[0m
[38.150s] [ 28%] [32mBuilding C object CMakeFiles/agt_interfaces__rosidl_typesupport_introspection_c.dir/rosidl_typesupport_introspection_c/agt_interfaces/msg/detail/mission_event__type_support.c.o[0m
[38.151s] [ 29%] [32mBuilding C object CMakeFiles/agt_interfaces__rosidl_typesupport_introspection_c.dir/rosidl_typesupport_introspection_c/agt_interfaces/msg/detail/component_health__type_support.c.o[0m
[38.151s] [ 29%] [32mBuilding C object CMakeFiles/agt_interfaces__rosidl_typesupport_introspection_c.dir/rosidl_typesupport_introspection_c/agt_interfaces/msg/detail/bag_session_summary__type_support.c.o[0m
[38.151s] [ 29%] [32mBuilding C object CMakeFiles/agt_interfaces__rosidl_typesupport_introspection_c.dir/rosidl_typesupport_introspection_c/agt_interfaces/msg/detail/robot_state__type_support.c.o[0m
[38.151s] [ 29%] [32mBuilding C object CMakeFiles/agt_interfaces__rosidl_typesupport_introspection_c.dir/rosidl_typesupport_introspection_c/agt_interfaces/msg/detail/navigation_session_status__type_support.c.o[0m
[38.152s] [ 30%] [32mBuilding C object CMakeFiles/agt_interfaces__rosidl_typesupport_introspection_c.dir/rosidl_typesupport_introspection_c/agt_interfaces/msg/detail/experiment_summary__type_support.c.o[0m
[38.152s] [ 31%] [32mBuilding C object CMakeFiles/agt_interfaces__rosidl_typesupport_introspection_c.dir/rosidl_typesupport_introspection_c/agt_interfaces/msg/detail/semantic_waypoint_array__type_support.c.o[0m
[38.152s] [ 31%] [32mBuilding C object CMakeFiles/agt_interfaces__rosidl_typesupport_introspection_c.dir/rosidl_typesupport_introspection_c/agt_interfaces/msg/detail/semantic_waypoint__type_support.c.o[0m
[38.152s] [ 31%] [32mBuilding C object CMakeFiles/agt_interfaces__rosidl_typesupport_introspection_c.dir/rosidl_typesupport_introspection_c/agt_interfaces/msg/detail/system_health__type_support.c.o[0m
[38.152s] [ 31%] [32mBuilding C object CMakeFiles/agt_interfaces__rosidl_typesupport_introspection_c.dir/rosidl_typesupport_introspection_c/agt_interfaces/srv/detail/evaluate_task_readiness__type_support.c.o[0m
[38.153s] [ 31%] [32mBuilding C object CMakeFiles/agt_interfaces__rosidl_typesupport_introspection_c.dir/rosidl_typesupport_introspection_c/agt_interfaces/msg/detail/task_readiness__type_support.c.o[0m
[38.153s] [ 32%] [32mBuilding C object CMakeFiles/agt_interfaces__rosidl_typesupport_introspection_c.dir/rosidl_typesupport_introspection_c/agt_interfaces/srv/detail/get_system_health__type_support.c.o[0m
[38.153s] [ 32%] [32mBuilding C object CMakeFiles/agt_interfaces__rosidl_typesupport_introspection_c.dir/rosidl_typesupport_introspection_c/agt_interfaces/srv/detail/get_robot_state__type_support.c.o[0m
[38.154s] [ 32%] [32mBuilding C object CMakeFiles/agt_interfaces__rosidl_typesupport_introspection_c.dir/rosidl_typesupport_introspection_c/agt_interfaces/srv/detail/set_mission_run_state__type_support.c.o[0m
[38.156s] [ 33%] [32mBuilding C object CMakeFiles/agt_interfaces__rosidl_typesupport_introspection_c.dir/rosidl_typesupport_introspection_c/agt_interfaces/srv/detail/activate_map_version__type_support.c.o[0m
[38.160s] [ 33%] [32mBuilding C object CMakeFiles/agt_interfaces__rosidl_typesupport_introspection_c.dir/rosidl_typesupport_introspection_c/agt_interfaces/srv/detail/list_map_versions__type_support.c.o[0m
[38.164s] [ 34%] [32mBuilding C object CMakeFiles/agt_interfaces__rosidl_typesupport_introspection_c.dir/rosidl_typesupport_introspection_c/agt_interfaces/srv/detail/list_task_groups__type_support.c.o[0m
[38.164s] [ 34%] [32mBuilding C object CMakeFiles/agt_interfaces__rosidl_typesupport_introspection_c.dir/rosidl_typesupport_introspection_c/agt_interfaces/srv/detail/manage_map_version__type_support.c.o[0m
[38.201s] [ 34%] [32mBuilding C object CMakeFiles/agt_interfaces__rosidl_typesupport_introspection_c.dir/rosidl_typesupport_introspection_c/agt_interfaces/srv/detail/list_experiments__type_support.c.o[0m
[38.201s] [ 35%] [32mBuilding C object CMakeFiles/agt_interfaces__rosidl_typesupport_introspection_c.dir/rosidl_typesupport_introspection_c/agt_interfaces/srv/detail/get_task_group__type_support.c.o[0m
[38.204s] [ 35%] [32mBuilding C object CMakeFiles/agt_interfaces__rosidl_typesupport_introspection_c.dir/rosidl_typesupport_introspection_c/agt_interfaces/srv/detail/archive_task_group__type_support.c.o[0m
[38.204s] [ 35%] [32mBuilding C object CMakeFiles/agt_interfaces__rosidl_typesupport_introspection_c.dir/rosidl_typesupport_introspection_c/agt_interfaces/srv/detail/get_navigation_session__type_support.c.o[0m
[38.204s] [ 35%] [32mBuilding C object CMakeFiles/agt_interfaces__rosidl_typesupport_introspection_c.dir/rosidl_typesupport_introspection_c/agt_interfaces/srv/detail/put_task_group__type_support.c.o[0m
[38.213s] [ 35%] [32mBuilding C object CMakeFiles/agt_interfaces__rosidl_typesupport_introspection_c.dir/rosidl_typesupport_introspection_c/agt_interfaces/srv/detail/list_bag_sessions__type_support.c.o[0m
[38.217s] [ 36%] [32mBuilding C object CMakeFiles/agt_interfaces__rosidl_typesupport_introspection_c.dir/rosidl_typesupport_introspection_c/agt_interfaces/srv/detail/manage_bag_session__type_support.c.o[0m
[38.243s] [ 37%] [32mBuilding C object CMakeFiles/agt_interfaces__rosidl_typesupport_introspection_c.dir/rosidl_typesupport_introspection_c/agt_interfaces/action/detail/change_system_mode__type_support.c.o[0m
[38.249s] [ 37%] [32mBuilding C object CMakeFiles/agt_interfaces__rosidl_typesupport_introspection_c.dir/rosidl_typesupport_introspection_c/agt_interfaces/srv/detail/set_localization_mode__type_support.c.o[0m
[38.251s] [ 37%] [32mBuilding C object CMakeFiles/agt_interfaces__rosidl_typesupport_introspection_c.dir/rosidl_typesupport_introspection_c/agt_interfaces/action/detail/manage_mapping_session__type_support.c.o[0m
[38.260s] [ 38%] [32mBuilding C object CMakeFiles/agt_interfaces__rosidl_typesupport_introspection_c.dir/rosidl_typesupport_introspection_c/agt_interfaces/action/detail/execute_waypoint_task__type_support.c.o[0m
[38.260s] [ 38%] [32mBuilding C object CMakeFiles/agt_interfaces__rosidl_typesupport_introspection_c.dir/rosidl_typesupport_introspection_c/agt_interfaces/action/detail/optimize_map__type_support.c.o[0m
[38.262s] [ 38%] [32mBuilding C object CMakeFiles/agt_interfaces__rosidl_typesupport_introspection_c.dir/rosidl_typesupport_introspection_c/agt_interfaces/action/detail/execute_coverage_task__type_support.c.o[0m
[38.263s] [ 38%] [32mBuilding C object CMakeFiles/agt_interfaces__rosidl_typesupport_introspection_c.dir/rosidl_typesupport_introspection_c/agt_interfaces/action/detail/relocalize__type_support.c.o[0m
[38.264s] [ 38%] [32mBuilding C object CMakeFiles/agt_interfaces__rosidl_typesupport_introspection_c.dir/rosidl_typesupport_introspection_c/agt_interfaces/action/detail/execute_mission__type_support.c.o[0m
[38.267s] [ 38%] [32mBuilding C object CMakeFiles/agt_interfaces__rosidl_typesupport_introspection_c.dir/rosidl_typesupport_introspection_c/agt_interfaces/action/detail/execute_behavior_tree__type_support.c.o[0m
[38.385s] [ 39%] [32m[1mLinking C shared library libagt_interfaces__rosidl_typesupport_introspection_c.so[0m
[38.508s] [ 39%] Built target agt_interfaces__rosidl_typesupport_introspection_c
[38.711s] [ 39%] [32mBuilding CXX object CMakeFiles/agt_interfaces__rosidl_typesupport_fastrtps_c.dir/rosidl_typesupport_fastrtps_c/agt_interfaces/msg/detail/component_health__type_support_c.cpp.o[0m
[38.712s] [ 39%] [32mBuilding CXX object CMakeFiles/agt_interfaces__rosidl_typesupport_fastrtps_c.dir/rosidl_typesupport_fastrtps_c/agt_interfaces/msg/detail/mission_event__type_support_c.cpp.o[0m
[38.714s] [ 40%] [32mBuilding CXX object CMakeFiles/agt_interfaces__rosidl_typesupport_fastrtps_c.dir/rosidl_typesupport_fastrtps_c/agt_interfaces/msg/detail/localization_status__type_support_c.cpp.o[0m
[38.714s] [ 40%] [32mBuilding CXX object CMakeFiles/agt_interfaces__rosidl_typesupport_fastrtps_c.dir/rosidl_typesupport_fastrtps_c/agt_interfaces/msg/detail/mission_status__type_support_c.cpp.o[0m
[38.715s] [ 40%] [32mBuilding CXX object CMakeFiles/agt_interfaces__rosidl_typesupport_fastrtps_c.dir/rosidl_typesupport_fastrtps_c/agt_interfaces/msg/detail/navigation_session_status__type_support_c.cpp.o[0m
[38.715s] [ 40%] [32mBuilding CXX object CMakeFiles/agt_interfaces__rosidl_typesupport_fastrtps_c.dir/rosidl_typesupport_fastrtps_c/agt_interfaces/msg/detail/bag_session_summary__type_support_c.cpp.o[0m
[38.715s] [ 41%] [32mBuilding CXX object CMakeFiles/agt_interfaces__rosidl_typesupport_fastrtps_c.dir/rosidl_typesupport_fastrtps_c/agt_interfaces/msg/detail/map_version_summary__type_support_c.cpp.o[0m
[38.718s] [ 41%] [32mBuilding CXX object CMakeFiles/agt_interfaces__rosidl_typesupport_fastrtps_c.dir/rosidl_typesupport_fastrtps_c/agt_interfaces/msg/detail/experiment_summary__type_support_c.cpp.o[0m
[38.718s] [ 42%] [32mBuilding CXX object CMakeFiles/agt_interfaces__rosidl_typesupport_fastrtps_c.dir/rosidl_typesupport_fastrtps_c/agt_interfaces/msg/detail/robot_state__type_support_c.cpp.o[0m
[38.718s] [ 42%] [32mBuilding CXX object CMakeFiles/agt_interfaces__rosidl_typesupport_fastrtps_c.dir/rosidl_typesupport_fastrtps_c/agt_interfaces/msg/detail/semantic_waypoint_array__type_support_c.cpp.o[0m
[38.719s] [ 43%] [32mBuilding CXX object CMakeFiles/agt_interfaces__rosidl_typesupport_fastrtps_c.dir/rosidl_typesupport_fastrtps_c/agt_interfaces/msg/detail/system_health__type_support_c.cpp.o[0m
[38.719s] [ 43%] [32mBuilding CXX object CMakeFiles/agt_interfaces__rosidl_typesupport_fastrtps_c.dir/rosidl_typesupport_fastrtps_c/agt_interfaces/msg/detail/task_readiness__type_support_c.cpp.o[0m
[38.720s] [ 44%] [32mBuilding CXX object CMakeFiles/agt_interfaces__rosidl_typesupport_fastrtps_c.dir/rosidl_typesupport_fastrtps_c/agt_interfaces/srv/detail/get_system_health__type_support_c.cpp.o[0m
[38.720s] [ 44%] [32mBuilding CXX object CMakeFiles/agt_interfaces__rosidl_typesupport_fastrtps_c.dir/rosidl_typesupport_fastrtps_c/agt_interfaces/msg/detail/semantic_waypoint__type_support_c.cpp.o[0m
[38.724s] [ 44%] [32mBuilding CXX object CMakeFiles/agt_interfaces__rosidl_typesupport_fastrtps_c.dir/rosidl_typesupport_fastrtps_c/agt_interfaces/srv/detail/evaluate_task_readiness__type_support_c.cpp.o[0m
[38.724s] [ 44%] [32mBuilding CXX object CMakeFiles/agt_interfaces__rosidl_typesupport_fastrtps_c.dir/rosidl_typesupport_fastrtps_c/agt_interfaces/srv/detail/get_robot_state__type_support_c.cpp.o[0m
[38.724s] [ 44%] [32mBuilding CXX object CMakeFiles/agt_interfaces__rosidl_typesupport_fastrtps_c.dir/rosidl_typesupport_fastrtps_c/agt_interfaces/srv/detail/manage_map_version__type_support_c.cpp.o[0m
[38.724s] [ 44%] [32mBuilding CXX object CMakeFiles/agt_interfaces__rosidl_typesupport_fastrtps_c.dir/rosidl_typesupport_fastrtps_c/agt_interfaces/srv/detail/activate_map_version__type_support_c.cpp.o[0m
[38.726s] [ 44%] [32mBuilding CXX object CMakeFiles/agt_interfaces__rosidl_typesupport_fastrtps_c.dir/rosidl_typesupport_fastrtps_c/agt_interfaces/srv/detail/set_mission_run_state__type_support_c.cpp.o[0m
[38.726s] [ 45%] [32mBuilding CXX object CMakeFiles/agt_interfaces__rosidl_typesupport_fastrtps_c.dir/rosidl_typesupport_fastrtps_c/agt_interfaces/srv/detail/list_map_versions__type_support_c.cpp.o[0m
[38.727s] [ 45%] [32mBuilding CXX object CMakeFiles/agt_interfaces__rosidl_typesupport_fastrtps_c.dir/rosidl_typesupport_fastrtps_c/agt_interfaces/srv/detail/put_task_group__type_support_c.cpp.o[0m
[38.728s] [ 45%] [32mBuilding CXX object CMakeFiles/agt_interfaces__rosidl_typesupport_fastrtps_c.dir/rosidl_typesupport_fastrtps_c/agt_interfaces/srv/detail/list_task_groups__type_support_c.cpp.o[0m
[38.730s] [ 46%] [32mBuilding CXX object CMakeFiles/agt_interfaces__rosidl_typesupport_fastrtps_c.dir/rosidl_typesupport_fastrtps_c/agt_interfaces/srv/detail/get_task_group__type_support_c.cpp.o[0m
[38.771s] [ 46%] [32mBuilding CXX object CMakeFiles/agt_interfaces__rosidl_typesupport_fastrtps_c.dir/rosidl_typesupport_fastrtps_c/agt_interfaces/srv/detail/archive_task_group__type_support_c.cpp.o[0m
[38.775s] [ 48%] [32mBuilding CXX object CMakeFiles/agt_interfaces__rosidl_typesupport_fastrtps_c.dir/rosidl_typesupport_fastrtps_c/agt_interfaces/srv/detail/get_navigation_session__type_support_c.cpp.o[0m
[38.775s] [ 48%] [32mBuilding CXX object CMakeFiles/agt_interfaces__rosidl_typesupport_fastrtps_c.dir/rosidl_typesupport_fastrtps_c/agt_interfaces/srv/detail/manage_bag_session__type_support_c.cpp.o[0m
[38.780s] [ 48%] [32mBuilding CXX object CMakeFiles/agt_interfaces__rosidl_typesupport_fastrtps_c.dir/rosidl_typesupport_fastrtps_c/agt_interfaces/srv/detail/set_localization_mode__type_support_c.cpp.o[0m
[38.786s] [ 48%] [32mBuilding CXX object CMakeFiles/agt_interfaces__rosidl_typesupport_fastrtps_c.dir/rosidl_typesupport_fastrtps_c/agt_interfaces/srv/detail/list_experiments__type_support_c.cpp.o[0m
[38.787s] [ 48%] [32mBuilding CXX object CMakeFiles/agt_interfaces__rosidl_typesupport_fastrtps_c.dir/rosidl_typesupport_fastrtps_c/agt_interfaces/srv/detail/list_bag_sessions__type_support_c.cpp.o[0m
[39.533s] [ 48%] [32mBuilding CXX object CMakeFiles/agt_interfaces__rosidl_typesupport_fastrtps_c.dir/rosidl_typesupport_fastrtps_c/agt_interfaces/action/detail/relocalize__type_support_c.cpp.o[0m
[39.554s] [ 48%] [32mBuilding CXX object CMakeFiles/agt_interfaces__rosidl_typesupport_fastrtps_c.dir/rosidl_typesupport_fastrtps_c/agt_interfaces/action/detail/change_system_mode__type_support_c.cpp.o[0m
[39.577s] [ 49%] [32mBuilding CXX object CMakeFiles/agt_interfaces__rosidl_typesupport_fastrtps_c.dir/rosidl_typesupport_fastrtps_c/agt_interfaces/action/detail/manage_mapping_session__type_support_c.cpp.o[0m
[39.579s] [ 49%] [32mBuilding CXX object CMakeFiles/agt_interfaces__rosidl_typesupport_fastrtps_c.dir/rosidl_typesupport_fastrtps_c/agt_interfaces/action/detail/execute_coverage_task__type_support_c.cpp.o[0m
[39.586s] [ 49%] [32mBuilding CXX object CMakeFiles/agt_interfaces__rosidl_typesupport_fastrtps_c.dir/rosidl_typesupport_fastrtps_c/agt_interfaces/action/detail/execute_waypoint_task__type_support_c.cpp.o[0m
[39.624s] [ 50%] [32mBuilding CXX object CMakeFiles/agt_interfaces__rosidl_typesupport_fastrtps_c.dir/rosidl_typesupport_fastrtps_c/agt_interfaces/action/detail/optimize_map__type_support_c.cpp.o[0m
[39.648s] [ 50%] [32mBuilding CXX object CMakeFiles/agt_interfaces__rosidl_typesupport_fastrtps_c.dir/rosidl_typesupport_fastrtps_c/agt_interfaces/action/detail/execute_mission__type_support_c.cpp.o[0m
[39.675s] [ 50%] [32mBuilding CXX object CMakeFiles/agt_interfaces__rosidl_typesupport_fastrtps_c.dir/rosidl_typesupport_fastrtps_c/agt_interfaces/action/detail/execute_behavior_tree__type_support_c.cpp.o[0m
[40.086s] [ 51%] [32mBuilding CXX object CMakeFiles/agt_interfaces__rosidl_typesupport_introspection_cpp.dir/rosidl_typesupport_introspection_cpp/agt_interfaces/msg/detail/mission_status__type_support.cpp.o[0m
[40.087s] [ 51%] [32mBuilding CXX object CMakeFiles/agt_interfaces__rosidl_typesupport_introspection_cpp.dir/rosidl_typesupport_introspection_cpp/agt_interfaces/msg/detail/mission_event__type_support.cpp.o[0m
[40.087s] [ 51%] [32mBuilding CXX object CMakeFiles/agt_interfaces__rosidl_typesupport_introspection_cpp.dir/rosidl_typesupport_introspection_cpp/agt_interfaces/msg/detail/component_health__type_support.cpp.o[0m
[40.089s] [ 51%] [32mBuilding CXX object CMakeFiles/agt_interfaces__rosidl_typesupport_introspection_cpp.dir/rosidl_typesupport_introspection_cpp/agt_interfaces/msg/detail/experiment_summary__type_support.cpp.o[0m
[40.090s] [ 52%] [32mBuilding CXX object CMakeFiles/agt_interfaces__rosidl_typesupport_introspection_cpp.dir/rosidl_typesupport_introspection_cpp/agt_interfaces/msg/detail/bag_session_summary__type_support.cpp.o[0m
[40.091s] [ 52%] [32mBuilding CXX object CMakeFiles/agt_interfaces__rosidl_typesupport_introspection_cpp.dir/rosidl_typesupport_introspection_cpp/agt_interfaces/msg/detail/localization_status__type_support.cpp.o[0m
[40.093s] [ 52%] [32mBuilding CXX object CMakeFiles/agt_interfaces__rosidl_typesupport_introspection_cpp.dir/rosidl_typesupport_introspection_cpp/agt_interfaces/msg/detail/navigation_session_status__type_support.cpp.o[0m
[40.093s] [ 52%] [32mBuilding CXX object CMakeFiles/agt_interfaces__rosidl_typesupport_introspection_cpp.dir/rosidl_typesupport_introspection_cpp/agt_interfaces/msg/detail/map_version_summary__type_support.cpp.o[0m
[40.093s] [ 52%] [32mBuilding CXX object CMakeFiles/agt_interfaces__rosidl_typesupport_introspection_cpp.dir/rosidl_typesupport_introspection_cpp/agt_interfaces/msg/detail/robot_state__type_support.cpp.o[0m
[40.106s] [ 52%] [32mBuilding CXX object CMakeFiles/agt_interfaces__rosidl_typesupport_introspection_cpp.dir/rosidl_typesupport_introspection_cpp/agt_interfaces/srv/detail/evaluate_task_readiness__type_support.cpp.o[0m
[40.106s] [ 53%] [32mBuilding CXX object CMakeFiles/agt_interfaces__rosidl_typesupport_introspection_cpp.dir/rosidl_typesupport_introspection_cpp/agt_interfaces/msg/detail/task_readiness__type_support.cpp.o[0m
[40.106s] [ 54%] [32mBuilding CXX object CMakeFiles/agt_interfaces__rosidl_typesupport_introspection_cpp.dir/rosidl_typesupport_introspection_cpp/agt_interfaces/msg/detail/semantic_waypoint_array__type_support.cpp.o[0m
[40.108s] [ 54%] [32mBuilding CXX object CMakeFiles/agt_interfaces__rosidl_typesupport_introspection_cpp.dir/rosidl_typesupport_introspection_cpp/agt_interfaces/msg/detail/semantic_waypoint__type_support.cpp.o[0m
[40.108s] [ 54%] [32mBuilding CXX object CMakeFiles/agt_interfaces__rosidl_typesupport_introspection_cpp.dir/rosidl_typesupport_introspection_cpp/agt_interfaces/srv/detail/get_system_health__type_support.cpp.o[0m
[40.108s] [ 54%] [32mBuilding CXX object CMakeFiles/agt_interfaces__rosidl_typesupport_introspection_cpp.dir/rosidl_typesupport_introspection_cpp/agt_interfaces/msg/detail/system_health__type_support.cpp.o[0m
[40.112s] [ 55%] [32mBuilding CXX object CMakeFiles/agt_interfaces__rosidl_typesupport_introspection_cpp.dir/rosidl_typesupport_introspection_cpp/agt_interfaces/srv/detail/get_robot_state__type_support.cpp.o[0m
[40.139s] [ 55%] [32mBuilding CXX object CMakeFiles/agt_interfaces__rosidl_typesupport_introspection_cpp.dir/rosidl_typesupport_introspection_cpp/agt_interfaces/srv/detail/set_mission_run_state__type_support.cpp.o[0m
[40.162s] [ 55%] [32mBuilding CXX object CMakeFiles/agt_interfaces__rosidl_typesupport_introspection_cpp.dir/rosidl_typesupport_introspection_cpp/agt_interfaces/srv/detail/list_task_groups__type_support.cpp.o[0m
[40.162s] [ 55%] [32mBuilding CXX object CMakeFiles/agt_interfaces__rosidl_typesupport_introspection_cpp.dir/rosidl_typesupport_introspection_cpp/agt_interfaces/srv/detail/activate_map_version__type_support.cpp.o[0m
[40.167s] [ 55%] [32mBuilding CXX object CMakeFiles/agt_interfaces__rosidl_typesupport_introspection_cpp.dir/rosidl_typesupport_introspection_cpp/agt_interfaces/srv/detail/list_map_versions__type_support.cpp.o[0m
[40.169s] [ 56%] [32mBuilding CXX object CMakeFiles/agt_interfaces__rosidl_typesupport_introspection_cpp.dir/rosidl_typesupport_introspection_cpp/agt_interfaces/srv/detail/manage_map_version__type_support.cpp.o[0m
[40.183s] [ 56%] [32mBuilding CXX object CMakeFiles/agt_interfaces__rosidl_typesupport_introspection_cpp.dir/rosidl_typesupport_introspection_cpp/agt_interfaces/srv/detail/get_task_group__type_support.cpp.o[0m
[40.478s] [ 57%] [32mBuilding CXX object CMakeFiles/agt_interfaces__rosidl_typesupport_introspection_cpp.dir/rosidl_typesupport_introspection_cpp/agt_interfaces/srv/detail/put_task_group__type_support.cpp.o[0m
[40.717s] [ 57%] [32mBuilding CXX object CMakeFiles/agt_interfaces__rosidl_typesupport_introspection_cpp.dir/rosidl_typesupport_introspection_cpp/agt_interfaces/srv/detail/get_navigation_session__type_support.cpp.o[0m
[40.730s] [ 58%] [32mBuilding CXX object CMakeFiles/agt_interfaces__rosidl_typesupport_introspection_cpp.dir/rosidl_typesupport_introspection_cpp/agt_interfaces/srv/detail/list_bag_sessions__type_support.cpp.o[0m
[40.734s] [ 58%] [32mBuilding CXX object CMakeFiles/agt_interfaces__rosidl_typesupport_introspection_cpp.dir/rosidl_typesupport_introspection_cpp/agt_interfaces/srv/detail/archive_task_group__type_support.cpp.o[0m
[40.789s] [ 58%] [32mBuilding CXX object CMakeFiles/agt_interfaces__rosidl_typesupport_introspection_cpp.dir/rosidl_typesupport_introspection_cpp/agt_interfaces/srv/detail/list_experiments__type_support.cpp.o[0m
[40.822s] [ 58%] [32mBuilding CXX object CMakeFiles/agt_interfaces__rosidl_typesupport_introspection_cpp.dir/rosidl_typesupport_introspection_cpp/agt_interfaces/srv/detail/manage_bag_session__type_support.cpp.o[0m
[40.856s] [ 59%] [32m[1mLinking CXX shared library libagt_interfaces__rosidl_typesupport_fastrtps_c.so[0m
[40.861s] [ 59%] [32mBuilding CXX object CMakeFiles/agt_interfaces__rosidl_typesupport_introspection_cpp.dir/rosidl_typesupport_introspection_cpp/agt_interfaces/srv/detail/set_localization_mode__type_support.cpp.o[0m
[41.001s] [ 60%] [32mBuilding CXX object CMakeFiles/agt_interfaces__rosidl_typesupport_introspection_cpp.dir/rosidl_typesupport_introspection_cpp/agt_interfaces/action/detail/relocalize__type_support.cpp.o[0m
[41.042s] [ 60%] [32mBuilding CXX object CMakeFiles/agt_interfaces__rosidl_typesupport_introspection_cpp.dir/rosidl_typesupport_introspection_cpp/agt_interfaces/action/detail/change_system_mode__type_support.cpp.o[0m
[41.153s] [ 60%] [32mBuilding CXX object CMakeFiles/agt_interfaces__rosidl_typesupport_introspection_cpp.dir/rosidl_typesupport_introspection_cpp/agt_interfaces/action/detail/manage_mapping_session__type_support.cpp.o[0m
[41.167s] [ 60%] Built target agt_interfaces__rosidl_typesupport_fastrtps_c
[41.254s] [ 60%] [32mBuilding CXX object CMakeFiles/agt_interfaces__rosidl_typesupport_introspection_cpp.dir/rosidl_typesupport_introspection_cpp/agt_interfaces/action/detail/execute_waypoint_task__type_support.cpp.o[0m
[41.261s] [ 61%] [32mBuilding CXX object CMakeFiles/agt_interfaces__rosidl_typesupport_introspection_cpp.dir/rosidl_typesupport_introspection_cpp/agt_interfaces/action/detail/execute_coverage_task__type_support.cpp.o[0m
[41.281s] [ 61%] [32mBuilding CXX object CMakeFiles/agt_interfaces__rosidl_typesupport_introspection_cpp.dir/rosidl_typesupport_introspection_cpp/agt_interfaces/action/detail/optimize_map__type_support.cpp.o[0m
[41.368s] [ 62%] [32mBuilding CXX object CMakeFiles/agt_interfaces__rosidl_typesupport_introspection_cpp.dir/rosidl_typesupport_introspection_cpp/agt_interfaces/action/detail/execute_mission__type_support.cpp.o[0m
[41.453s] [ 62%] [32mBuilding CXX object CMakeFiles/agt_interfaces__rosidl_typesupport_cpp.dir/rosidl_typesupport_cpp/agt_interfaces/msg/component_health__type_support.cpp.o[0m
[41.509s] [ 62%] [32mBuilding CXX object CMakeFiles/agt_interfaces__rosidl_typesupport_introspection_cpp.dir/rosidl_typesupport_introspection_cpp/agt_interfaces/action/detail/execute_behavior_tree__type_support.cpp.o[0m
[41.578s] [ 63%] [32mBuilding CXX object CMakeFiles/agt_interfaces__rosidl_typesupport_cpp.dir/rosidl_typesupport_cpp/agt_interfaces/msg/localization_status__type_support.cpp.o[0m
[41.622s] [ 63%] [32mBuilding CXX object CMakeFiles/agt_interfaces__rosidl_typesupport_cpp.dir/rosidl_typesupport_cpp/agt_interfaces/msg/mission_status__type_support.cpp.o[0m
[41.643s] [ 63%] [32mBuilding CXX object CMakeFiles/agt_interfaces__rosidl_typesupport_cpp.dir/rosidl_typesupport_cpp/agt_interfaces/msg/mission_event__type_support.cpp.o[0m
[41.674s] [ 64%] [32mBuilding CXX object CMakeFiles/agt_interfaces__rosidl_typesupport_cpp.dir/rosidl_typesupport_cpp/agt_interfaces/msg/map_version_summary__type_support.cpp.o[0m
[41.678s] [ 64%] [32mBuilding CXX object CMakeFiles/agt_interfaces__rosidl_typesupport_cpp.dir/rosidl_typesupport_cpp/agt_interfaces/msg/navigation_session_status__type_support.cpp.o[0m
[41.678s] [ 64%] [32mBuilding CXX object CMakeFiles/agt_interfaces__rosidl_typesupport_cpp.dir/rosidl_typesupport_cpp/agt_interfaces/msg/bag_session_summary__type_support.cpp.o[0m
[41.721s] [ 65%] [32mBuilding CXX object CMakeFiles/agt_interfaces__rosidl_typesupport_cpp.dir/rosidl_typesupport_cpp/agt_interfaces/msg/experiment_summary__type_support.cpp.o[0m
[41.724s] [ 65%] [32mBuilding CXX object CMakeFiles/agt_interfaces__rosidl_typesupport_cpp.dir/rosidl_typesupport_cpp/agt_interfaces/msg/robot_state__type_support.cpp.o[0m
[41.772s] [ 65%] [32mBuilding CXX object CMakeFiles/agt_interfaces__rosidl_typesupport_cpp.dir/rosidl_typesupport_cpp/agt_interfaces/msg/semantic_waypoint__type_support.cpp.o[0m
[41.783s] [ 66%] [32mBuilding CXX object CMakeFiles/agt_interfaces__rosidl_typesupport_cpp.dir/rosidl_typesupport_cpp/agt_interfaces/msg/semantic_waypoint_array__type_support.cpp.o[0m
[41.836s] [ 66%] [32mBuilding CXX object CMakeFiles/agt_interfaces__rosidl_typesupport_cpp.dir/rosidl_typesupport_cpp/agt_interfaces/msg/system_health__type_support.cpp.o[0m
[41.904s] [ 66%] [32mBuilding CXX object CMakeFiles/agt_interfaces__rosidl_typesupport_cpp.dir/rosidl_typesupport_cpp/agt_interfaces/msg/task_readiness__type_support.cpp.o[0m
[41.947s] [ 66%] [32mBuilding CXX object CMakeFiles/agt_interfaces__rosidl_typesupport_cpp.dir/rosidl_typesupport_cpp/agt_interfaces/srv/evaluate_task_readiness__type_support.cpp.o[0m
[41.990s] [ 67%] [32mBuilding CXX object CMakeFiles/agt_interfaces__rosidl_typesupport_cpp.dir/rosidl_typesupport_cpp/agt_interfaces/srv/get_system_health__type_support.cpp.o[0m
[42.030s] [ 67%] [32mBuilding CXX object CMakeFiles/agt_interfaces__rosidl_typesupport_cpp.dir/rosidl_typesupport_cpp/agt_interfaces/srv/get_robot_state__type_support.cpp.o[0m
[42.083s] [ 67%] [32mBuilding CXX object CMakeFiles/agt_interfaces__rosidl_typesupport_cpp.dir/rosidl_typesupport_cpp/agt_interfaces/srv/set_mission_run_state__type_support.cpp.o[0m
[42.090s] [ 67%] [32mBuilding CXX object CMakeFiles/agt_interfaces__rosidl_typesupport_cpp.dir/rosidl_typesupport_cpp/agt_interfaces/srv/list_map_versions__type_support.cpp.o[0m
[42.101s] [ 68%] [32mBuilding CXX object CMakeFiles/agt_interfaces__rosidl_typesupport_cpp.dir/rosidl_typesupport_cpp/agt_interfaces/srv/activate_map_version__type_support.cpp.o[0m
[42.223s] [ 68%] [32mBuilding CXX object CMakeFiles/agt_interfaces__rosidl_typesupport_cpp.dir/rosidl_typesupport_cpp/agt_interfaces/srv/manage_map_version__type_support.cpp.o[0m
[42.237s] [ 69%] [32mBuilding CXX object CMakeFiles/agt_interfaces__rosidl_typesupport_cpp.dir/rosidl_typesupport_cpp/agt_interfaces/srv/list_task_groups__type_support.cpp.o[0m
[42.261s] [ 69%] [32mBuilding CXX object CMakeFiles/agt_interfaces__rosidl_typesupport_cpp.dir/rosidl_typesupport_cpp/agt_interfaces/srv/get_task_group__type_support.cpp.o[0m
[42.262s] [ 69%] [32mBuilding CXX object CMakeFiles/agt_interfaces__rosidl_typesupport_cpp.dir/rosidl_typesupport_cpp/agt_interfaces/srv/put_task_group__type_support.cpp.o[0m
[42.392s] [ 69%] [32mBuilding CXX object CMakeFiles/agt_interfaces__rosidl_typesupport_cpp.dir/rosidl_typesupport_cpp/agt_interfaces/srv/archive_task_group__type_support.cpp.o[0m
[42.392s] [ 70%] [32mBuilding CXX object CMakeFiles/agt_interfaces__rosidl_typesupport_cpp.dir/rosidl_typesupport_cpp/agt_interfaces/srv/get_navigation_session__type_support.cpp.o[0m
[42.437s] [ 70%] [32mBuilding CXX object CMakeFiles/agt_interfaces__rosidl_typesupport_cpp.dir/rosidl_typesupport_cpp/agt_interfaces/srv/list_bag_sessions__type_support.cpp.o[0m
[42.454s] [ 70%] [32mBuilding CXX object CMakeFiles/agt_interfaces__rosidl_typesupport_cpp.dir/rosidl_typesupport_cpp/agt_interfaces/srv/list_experiments__type_support.cpp.o[0m
[42.472s] [ 71%] [32mBuilding CXX object CMakeFiles/agt_interfaces__rosidl_typesupport_cpp.dir/rosidl_typesupport_cpp/agt_interfaces/srv/manage_bag_session__type_support.cpp.o[0m
[42.504s] [ 71%] [32mBuilding CXX object CMakeFiles/agt_interfaces__rosidl_typesupport_cpp.dir/rosidl_typesupport_cpp/agt_interfaces/srv/set_localization_mode__type_support.cpp.o[0m
[42.560s] [ 71%] [32mBuilding CXX object CMakeFiles/agt_interfaces__rosidl_typesupport_cpp.dir/rosidl_typesupport_cpp/agt_interfaces/action/relocalize__type_support.cpp.o[0m
[42.563s] [ 72%] [32mBuilding CXX object CMakeFiles/agt_interfaces__rosidl_typesupport_cpp.dir/rosidl_typesupport_cpp/agt_interfaces/action/change_system_mode__type_support.cpp.o[0m
[42.579s] [ 72%] [32mBuilding CXX object CMakeFiles/agt_interfaces__rosidl_typesupport_cpp.dir/rosidl_typesupport_cpp/agt_interfaces/action/manage_mapping_session__type_support.cpp.o[0m
[42.671s] [ 72%] [32mBuilding CXX object CMakeFiles/agt_interfaces__rosidl_typesupport_cpp.dir/rosidl_typesupport_cpp/agt_interfaces/action/execute_coverage_task__type_support.cpp.o[0m
[42.687s] [ 72%] [32mBuilding CXX object CMakeFiles/agt_interfaces__rosidl_typesupport_cpp.dir/rosidl_typesupport_cpp/agt_interfaces/action/execute_waypoint_task__type_support.cpp.o[0m
[42.780s] [ 73%] [32mBuilding CXX object CMakeFiles/agt_interfaces__rosidl_typesupport_cpp.dir/rosidl_typesupport_cpp/agt_interfaces/action/optimize_map__type_support.cpp.o[0m
[42.789s] [ 73%] [32mBuilding CXX object CMakeFiles/agt_interfaces__rosidl_typesupport_cpp.dir/rosidl_typesupport_cpp/agt_interfaces/action/execute_mission__type_support.cpp.o[0m
[42.806s] [ 73%] [32mBuilding CXX object CMakeFiles/agt_interfaces__rosidl_typesupport_cpp.dir/rosidl_typesupport_cpp/agt_interfaces/action/execute_behavior_tree__type_support.cpp.o[0m
[43.236s] [ 73%] [32m[1mLinking CXX shared library libagt_interfaces__rosidl_typesupport_introspection_cpp.so[0m
[43.441s] [ 73%] Built target agt_interfaces__rosidl_typesupport_introspection_cpp
[43.720s] [ 74%] [32m[1mLinking CXX shared library libagt_interfaces__rosidl_typesupport_cpp.so[0m
[43.803s] [ 74%] [32mBuilding CXX object CMakeFiles/agt_interfaces__rosidl_typesupport_fastrtps_cpp.dir/rosidl_typesupport_fastrtps_cpp/agt_interfaces/msg/detail/dds_fastrtps/localization_status__type_support.cpp.o[0m
[43.803s] [ 74%] [32mBuilding CXX object CMakeFiles/agt_interfaces__rosidl_typesupport_fastrtps_cpp.dir/rosidl_typesupport_fastrtps_cpp/agt_interfaces/msg/detail/dds_fastrtps/map_version_summary__type_support.cpp.o[0m
[43.805s] [ 74%] [32mBuilding CXX object CMakeFiles/agt_interfaces__rosidl_typesupport_fastrtps_cpp.dir/rosidl_typesupport_fastrtps_cpp/agt_interfaces/msg/detail/dds_fastrtps/mission_status__type_support.cpp.o[0m
[43.805s] [ 76%] [32mBuilding CXX object CMakeFiles/agt_interfaces__rosidl_typesupport_fastrtps_cpp.dir/rosidl_typesupport_fastrtps_cpp/agt_interfaces/msg/detail/dds_fastrtps/navigation_session_status__type_support.cpp.o[0m
[43.805s] [ 76%] [32mBuilding CXX object CMakeFiles/agt_interfaces__rosidl_typesupport_fastrtps_cpp.dir/rosidl_typesupport_fastrtps_cpp/agt_interfaces/msg/detail/dds_fastrtps/robot_state__type_support.cpp.o[0m
[43.806s] [ 76%] [32mBuilding CXX object CMakeFiles/agt_interfaces__rosidl_typesupport_fastrtps_cpp.dir/rosidl_typesupport_fastrtps_cpp/agt_interfaces/msg/detail/dds_fastrtps/mission_event__type_support.cpp.o[0m
[43.808s] [ 76%] [32mBuilding CXX object CMakeFiles/agt_interfaces__rosidl_typesupport_fastrtps_cpp.dir/rosidl_typesupport_fastrtps_cpp/agt_interfaces/msg/detail/dds_fastrtps/bag_session_summary__type_support.cpp.o[0m
[43.808s] [ 76%] [32mBuilding CXX object CMakeFiles/agt_interfaces__rosidl_typesupport_fastrtps_cpp.dir/rosidl_typesupport_fastrtps_cpp/agt_interfaces/msg/detail/dds_fastrtps/semantic_waypoint__type_support.cpp.o[0m
[43.808s] [ 76%] [32mBuilding CXX object CMakeFiles/agt_interfaces__rosidl_typesupport_fastrtps_cpp.dir/rosidl_typesupport_fastrtps_cpp/agt_interfaces/srv/detail/dds_fastrtps/get_system_health__type_support.cpp.o[0m
[43.808s] [ 77%] [32mBuilding CXX object CMakeFiles/agt_interfaces__rosidl_typesupport_fastrtps_cpp.dir/rosidl_typesupport_fastrtps_cpp/agt_interfaces/msg/detail/dds_fastrtps/experiment_summary__type_support.cpp.o[0m
[43.808s] [ 77%] [32mBuilding CXX object CMakeFiles/agt_interfaces__rosidl_typesupport_fastrtps_cpp.dir/rosidl_typesupport_fastrtps_cpp/agt_interfaces/msg/detail/dds_fastrtps/task_readiness__type_support.cpp.o[0m
[43.808s] [ 77%] [32mBuilding CXX object CMakeFiles/agt_interfaces__rosidl_typesupport_fastrtps_cpp.dir/rosidl_typesupport_fastrtps_cpp/agt_interfaces/msg/detail/dds_fastrtps/component_health__type_support.cpp.o[0m
[43.809s] [ 78%] [32mBuilding CXX object CMakeFiles/agt_interfaces__rosidl_typesupport_fastrtps_cpp.dir/rosidl_typesupport_fastrtps_cpp/agt_interfaces/msg/detail/dds_fastrtps/semantic_waypoint_array__type_support.cpp.o[0m
[43.809s] [ 78%] [32mBuilding CXX object CMakeFiles/agt_interfaces__rosidl_typesupport_fastrtps_cpp.dir/rosidl_typesupport_fastrtps_cpp/agt_interfaces/srv/detail/dds_fastrtps/list_map_versions__type_support.cpp.o[0m
[43.809s] [ 78%] [32mBuilding CXX object CMakeFiles/agt_interfaces__rosidl_typesupport_fastrtps_cpp.dir/rosidl_typesupport_fastrtps_cpp/agt_interfaces/srv/detail/dds_fastrtps/get_robot_state__type_support.cpp.o[0m
[43.809s] [ 78%] [32mBuilding CXX object CMakeFiles/agt_interfaces__rosidl_typesupport_fastrtps_cpp.dir/rosidl_typesupport_fastrtps_cpp/agt_interfaces/srv/detail/dds_fastrtps/manage_map_version__type_support.cpp.o[0m
[43.809s] [ 79%] [32mBuilding CXX object CMakeFiles/agt_interfaces__rosidl_typesupport_fastrtps_cpp.dir/rosidl_typesupport_fastrtps_cpp/agt_interfaces/srv/detail/dds_fastrtps/activate_map_version__type_support.cpp.o[0m
[43.810s] [ 79%] [32mBuilding CXX object CMakeFiles/agt_interfaces__rosidl_typesupport_fastrtps_cpp.dir/rosidl_typesupport_fastrtps_cpp/agt_interfaces/srv/detail/dds_fastrtps/evaluate_task_readiness__type_support.cpp.o[0m
[43.810s] [ 77%] [32mBuilding CXX object CMakeFiles/agt_interfaces__rosidl_typesupport_fastrtps_cpp.dir/rosidl_typesupport_fastrtps_cpp/agt_interfaces/msg/detail/dds_fastrtps/system_health__type_support.cpp.o[0m
[43.810s] [ 80%] [32mBuilding CXX object CMakeFiles/agt_interfaces__rosidl_typesupport_fastrtps_cpp.dir/rosidl_typesupport_fastrtps_cpp/agt_interfaces/srv/detail/dds_fastrtps/set_mission_run_state__type_support.cpp.o[0m
[43.810s] [ 80%] [32mBuilding CXX object CMakeFiles/agt_interfaces__rosidl_typesupport_fastrtps_cpp.dir/rosidl_typesupport_fastrtps_cpp/agt_interfaces/srv/detail/dds_fastrtps/get_task_group__type_support.cpp.o[0m
[43.810s] [ 81%] [32mBuilding CXX object CMakeFiles/agt_interfaces__rosidl_typesupport_fastrtps_cpp.dir/rosidl_typesupport_fastrtps_cpp/agt_interfaces/srv/detail/dds_fastrtps/list_task_groups__type_support.cpp.o[0m
[43.810s] [ 81%] [32mBuilding CXX object CMakeFiles/agt_interfaces__rosidl_typesupport_fastrtps_cpp.dir/rosidl_typesupport_fastrtps_cpp/agt_interfaces/srv/detail/dds_fastrtps/put_task_group__type_support.cpp.o[0m
[43.817s] [ 82%] [32mBuilding CXX object CMakeFiles/agt_interfaces__rosidl_typesupport_fastrtps_cpp.dir/rosidl_typesupport_fastrtps_cpp/agt_interfaces/srv/detail/dds_fastrtps/archive_task_group__type_support.cpp.o[0m
[43.818s] [ 82%] [32mBuilding CXX object CMakeFiles/agt_interfaces__rosidl_typesupport_fastrtps_cpp.dir/rosidl_typesupport_fastrtps_cpp/agt_interfaces/srv/detail/dds_fastrtps/get_navigation_session__type_support.cpp.o[0m
[43.819s] [ 82%] [32mBuilding CXX object CMakeFiles/agt_interfaces__rosidl_typesupport_fastrtps_cpp.dir/rosidl_typesupport_fastrtps_cpp/agt_interfaces/srv/detail/dds_fastrtps/list_bag_sessions__type_support.cpp.o[0m
[43.866s] [ 82%] Built target agt_interfaces__rosidl_typesupport_cpp
[43.951s] [ 82%] [32mBuilding CXX object CMakeFiles/test_execute_coverage_task_cpp.dir/test/test_execute_coverage_task.cpp.o[0m
[44.686s] [ 83%] [32mBuilding CXX object CMakeFiles/agt_interfaces__rosidl_typesupport_fastrtps_cpp.dir/rosidl_typesupport_fastrtps_cpp/agt_interfaces/srv/detail/dds_fastrtps/list_experiments__type_support.cpp.o[0m
[44.697s] [ 84%] [32mBuilding CXX object CMakeFiles/agt_interfaces__rosidl_typesupport_fastrtps_cpp.dir/rosidl_typesupport_fastrtps_cpp/agt_interfaces/action/detail/dds_fastrtps/relocalize__type_support.cpp.o[0m
[44.697s] [ 84%] [32mBuilding CXX object CMakeFiles/agt_interfaces__rosidl_typesupport_fastrtps_cpp.dir/rosidl_typesupport_fastrtps_cpp/agt_interfaces/action/detail/dds_fastrtps/change_system_mode__type_support.cpp.o[0m
[44.699s] [ 84%] [32mBuilding CXX object CMakeFiles/agt_interfaces__rosidl_typesupport_fastrtps_cpp.dir/rosidl_typesupport_fastrtps_cpp/agt_interfaces/srv/detail/dds_fastrtps/set_localization_mode__type_support.cpp.o[0m
[44.703s] [ 84%] [32mBuilding CXX object CMakeFiles/agt_interfaces__rosidl_typesupport_fastrtps_cpp.dir/rosidl_typesupport_fastrtps_cpp/agt_interfaces/srv/detail/dds_fastrtps/manage_bag_session__type_support.cpp.o[0m
[44.714s] [ 84%] [32mBuilding CXX object CMakeFiles/agt_interfaces__rosidl_typesupport_fastrtps_cpp.dir/rosidl_typesupport_fastrtps_cpp/agt_interfaces/action/detail/dds_fastrtps/manage_mapping_session__type_support.cpp.o[0m
[44.729s] [ 84%] [32mBuilding CXX object CMakeFiles/test_system_interfaces_cpp.dir/test/test_system_interfaces.cpp.o[0m
[44.747s] [ 85%] [32mBuilding CXX object CMakeFiles/test_localization_interfaces_cpp.dir/test/test_localization_interfaces.cpp.o[0m
[44.767s] [ 85%] [32mBuilding CXX object CMakeFiles/agt_interfaces__rosidl_typesupport_fastrtps_cpp.dir/rosidl_typesupport_fastrtps_cpp/agt_interfaces/action/detail/dds_fastrtps/execute_coverage_task__type_support.cpp.o[0m
[44.768s] [ 86%] [32mBuilding CXX object CMakeFiles/agt_interfaces__rosidl_typesupport_fastrtps_cpp.dir/rosidl_typesupport_fastrtps_cpp/agt_interfaces/action/detail/dds_fastrtps/execute_waypoint_task__type_support.cpp.o[0m
[44.776s] [ 86%] [32mBuilding CXX object CMakeFiles/agt_interfaces__rosidl_typesupport_fastrtps_cpp.dir/rosidl_typesupport_fastrtps_cpp/agt_interfaces/action/detail/dds_fastrtps/optimize_map__type_support.cpp.o[0m
[44.777s] [ 86%] [32mBuilding CXX object CMakeFiles/agt_interfaces__rosidl_typesupport_fastrtps_cpp.dir/rosidl_typesupport_fastrtps_cpp/agt_interfaces/action/detail/dds_fastrtps/execute_mission__type_support.cpp.o[0m
[44.783s] [ 87%] [32mBuilding CXX object CMakeFiles/agt_interfaces__rosidl_typesupport_fastrtps_cpp.dir/rosidl_typesupport_fastrtps_cpp/agt_interfaces/action/detail/dds_fastrtps/execute_behavior_tree__type_support.cpp.o[0m
[46.117s] [ 87%] [32m[1mLinking CXX shared library libagt_interfaces__rosidl_typesupport_fastrtps_cpp.so[0m
[46.233s] [ 87%] [32m[1mLinking CXX executable test_execute_coverage_task_cpp[0m
[46.273s] [ 87%] Built target agt_interfaces__rosidl_typesupport_fastrtps_cpp
[46.304s] [ 87%] Built target agt_interfaces
[46.330s] [ 87%] [34m[1mGenerating Python code for ROS interfaces[0m
[46.392s] [ 87%] Built target test_execute_coverage_task_cpp
[46.471s] [ 87%] [32m[1mLinking CXX executable test_localization_interfaces_cpp[0m
[46.621s] [ 87%] Built target test_localization_interfaces_cpp
[46.702s] [ 88%] [32m[1mLinking CXX executable test_system_interfaces_cpp[0m
[46.844s] [ 88%] Built target test_system_interfaces_cpp
[58.009s] [ 88%] Built target agt_interfaces__py
[58.049s] [ 88%] [32mBuilding C object CMakeFiles/agt_interfaces__rosidl_generator_py.dir/rosidl_generator_py/agt_interfaces/msg/_mission_event_s.c.o[0m
[58.049s] [ 89%] [32mBuilding C object CMakeFiles/agt_interfaces__rosidl_generator_py.dir/rosidl_generator_py/agt_interfaces/msg/_localization_status_s.c.o[0m
[58.049s] [ 89%] [32mBuilding C object CMakeFiles/agt_interfaces__rosidl_generator_py.dir/rosidl_generator_py/agt_interfaces/msg/_component_health_s.c.o[0m
[58.050s] [ 89%] [32mBuilding C object CMakeFiles/agt_interfaces__rosidl_generator_py.dir/rosidl_generator_py/agt_interfaces/msg/_map_version_summary_s.c.o[0m
[58.053s] [ 91%] [32mBuilding C object CMakeFiles/agt_interfaces__rosidl_generator_py.dir/rosidl_generator_py/agt_interfaces/msg/_robot_state_s.c.o[0m
[58.053s] [ 91%] [32mBuilding C object CMakeFiles/agt_interfaces__rosidl_generator_py.dir/rosidl_generator_py/agt_interfaces/msg/_navigation_session_status_s.c.o[0m
[58.053s] [ 91%] [32mBuilding C object CMakeFiles/agt_interfaces__rosidl_generator_py.dir/rosidl_generator_py/agt_interfaces/msg/_semantic_waypoint_s.c.o[0m
[58.053s] [ 91%] [32mBuilding C object CMakeFiles/agt_interfaces__rosidl_generator_py.dir/rosidl_generator_py/agt_interfaces/msg/_experiment_summary_s.c.o[0m
[58.054s] [ 91%] [32mBuilding C object CMakeFiles/agt_interfaces__rosidl_generator_py.dir/rosidl_generator_py/agt_interfaces/msg/_mission_status_s.c.o[0m
[58.055s] [ 91%] [32mBuilding C object CMakeFiles/agt_interfaces__rosidl_generator_py.dir/rosidl_generator_py/agt_interfaces/msg/_semantic_waypoint_array_s.c.o[0m
[58.058s] [ 91%] [32mBuilding C object CMakeFiles/agt_interfaces__rosidl_generator_py.dir/rosidl_generator_py/agt_interfaces/msg/_bag_session_summary_s.c.o[0m
[58.063s] [ 91%] [32mBuilding C object CMakeFiles/agt_interfaces__rosidl_generator_py.dir/rosidl_generator_py/agt_interfaces/srv/_activate_map_version_s.c.o[0m
[58.064s] [ 91%] [32mBuilding C object CMakeFiles/agt_interfaces__rosidl_generator_py.dir/rosidl_generator_py/agt_interfaces/srv/_set_mission_run_state_s.c.o[0m
[58.064s] [ 91%] [32mBuilding C object CMakeFiles/agt_interfaces__rosidl_generator_py.dir/rosidl_generator_py/agt_interfaces/msg/_task_readiness_s.c.o[0m
[58.067s] [ 91%] [32mBuilding C object CMakeFiles/agt_interfaces__rosidl_generator_py.dir/rosidl_generator_py/agt_interfaces/srv/_get_system_health_s.c.o[0m
[58.069s] [ 92%] [32mBuilding C object CMakeFiles/agt_interfaces__rosidl_generator_py.dir/rosidl_generator_py/agt_interfaces/srv/_list_map_versions_s.c.o[0m
[58.069s] [ 92%] [32mBuilding C object CMakeFiles/agt_interfaces__rosidl_generator_py.dir/rosidl_generator_py/agt_interfaces/srv/_manage_map_version_s.c.o[0m
[58.077s] [ 93%] [32mBuilding C object CMakeFiles/agt_interfaces__rosidl_generator_py.dir/rosidl_generator_py/agt_interfaces/msg/_system_health_s.c.o[0m
[58.085s] [ 94%] [32mBuilding C object CMakeFiles/agt_interfaces__rosidl_generator_py.dir/rosidl_generator_py/agt_interfaces/srv/_get_robot_state_s.c.o[0m
[58.089s] [ 94%] [32mBuilding C object CMakeFiles/agt_interfaces__rosidl_generator_py.dir/rosidl_generator_py/agt_interfaces/srv/_evaluate_task_readiness_s.c.o[0m
[58.306s] [ 95%] [32mBuilding C object CMakeFiles/agt_interfaces__rosidl_generator_py.dir/rosidl_generator_py/agt_interfaces/action/_manage_mapping_session_s.c.o[0m
[58.309s] [ 95%] [32mBuilding C object CMakeFiles/agt_interfaces__rosidl_generator_py.dir/rosidl_generator_py/agt_interfaces/action/_change_system_mode_s.c.o[0m
[58.315s] [ 96%] [32mBuilding C object CMakeFiles/agt_interfaces__rosidl_generator_py.dir/rosidl_generator_py/agt_interfaces/srv/_set_localization_mode_s.c.o[0m
[58.319s] [ 96%] [32mBuilding C object CMakeFiles/agt_interfaces__rosidl_generator_py.dir/rosidl_generator_py/agt_interfaces/action/_relocalize_s.c.o[0m
[58.325s] [ 97%] [32mBuilding C object CMakeFiles/agt_interfaces__rosidl_generator_py.dir/rosidl_generator_py/agt_interfaces/srv/_get_task_group_s.c.o[0m
[58.328s] [ 97%] [32mBuilding C object CMakeFiles/agt_interfaces__rosidl_generator_py.dir/rosidl_generator_py/agt_interfaces/srv/_manage_bag_session_s.c.o[0m
[58.331s] [ 97%] [32mBuilding C object CMakeFiles/agt_interfaces__rosidl_generator_py.dir/rosidl_generator_py/agt_interfaces/srv/_list_experiments_s.c.o[0m
[58.338s] [ 97%] [32mBuilding C object CMakeFiles/agt_interfaces__rosidl_generator_py.dir/rosidl_generator_py/agt_interfaces/srv/_list_bag_sessions_s.c.o[0m
[58.339s] [ 97%] [32mBuilding C object CMakeFiles/agt_interfaces__rosidl_generator_py.dir/rosidl_generator_py/agt_interfaces/srv/_list_task_groups_s.c.o[0m
[58.352s] [ 97%] [32mBuilding C object CMakeFiles/agt_interfaces__rosidl_generator_py.dir/rosidl_generator_py/agt_interfaces/srv/_put_task_group_s.c.o[0m
[58.352s] [ 98%] [32mBuilding C object CMakeFiles/agt_interfaces__rosidl_generator_py.dir/rosidl_generator_py/agt_interfaces/srv/_get_navigation_session_s.c.o[0m
[58.353s] [ 98%] [32mBuilding C object CMakeFiles/agt_interfaces__rosidl_generator_py.dir/rosidl_generator_py/agt_interfaces/action/_execute_coverage_task_s.c.o[0m
[58.366s] [ 98%] [32mBuilding C object CMakeFiles/agt_interfaces__rosidl_generator_py.dir/rosidl_generator_py/agt_interfaces/srv/_archive_task_group_s.c.o[0m
[58.383s] [ 98%] [32mBuilding C object CMakeFiles/agt_interfaces__rosidl_generator_py.dir/rosidl_generator_py/agt_interfaces/action/_execute_mission_s.c.o[0m
[58.398s] [ 98%] [32mBuilding C object CMakeFiles/agt_interfaces__rosidl_generator_py.dir/rosidl_generator_py/agt_interfaces/action/_execute_waypoint_task_s.c.o[0m
[58.402s] [ 98%] [32mBuilding C object CMakeFiles/agt_interfaces__rosidl_generator_py.dir/rosidl_generator_py/agt_interfaces/action/_execute_behavior_tree_s.c.o[0m
[58.409s] [ 99%] [32mBuilding C object CMakeFiles/agt_interfaces__rosidl_generator_py.dir/rosidl_generator_py/agt_interfaces/action/_optimize_map_s.c.o[0m
[58.839s] [ 99%] [32m[1mLinking C shared library rosidl_generator_py/agt_interfaces/libagt_interfaces__rosidl_generator_py.so[0m
[58.931s] [ 99%] Built target agt_interfaces__rosidl_generator_py
[58.958s] [ 99%] [32mBuilding C object CMakeFiles/agt_interfaces__rosidl_typesupport_fastrtps_c__pyext.dir/rosidl_generator_py/agt_interfaces/_agt_interfaces_s.ep.rosidl_typesupport_fastrtps_c.c.o[0m
[58.959s] [ 99%] [32mBuilding C object CMakeFiles/agt_interfaces__rosidl_typesupport_introspection_c__pyext.dir/rosidl_generator_py/agt_interfaces/_agt_interfaces_s.ep.rosidl_typesupport_introspection_c.c.o[0m
[58.967s] [100%] [32mBuilding C object CMakeFiles/agt_interfaces__rosidl_typesupport_c__pyext.dir/rosidl_generator_py/agt_interfaces/_agt_interfaces_s.ep.rosidl_typesupport_c.c.o[0m
[59.634s] [100%] [32m[1mLinking C shared library rosidl_generator_py/agt_interfaces/agt_interfaces_s__rosidl_typesupport_c.cpython-310-x86_64-linux-gnu.so[0m
[59.647s] [100%] [32m[1mLinking C shared library rosidl_generator_py/agt_interfaces/agt_interfaces_s__rosidl_typesupport_introspection_c.cpython-310-x86_64-linux-gnu.so[0m
[59.693s] [100%] [32m[1mLinking C shared library rosidl_generator_py/agt_interfaces/agt_interfaces_s__rosidl_typesupport_fastrtps_c.cpython-310-x86_64-linux-gnu.so[0m
[59.729s] [100%] Built target agt_interfaces__rosidl_typesupport_introspection_c__pyext
[59.731s] [100%] Built target agt_interfaces__rosidl_typesupport_c__pyext
[59.789s] [100%] Built target agt_interfaces__rosidl_typesupport_fastrtps_c__pyext
[59.808s] Invoked command in '/home/yangxuan/agt_navigation_runtime/build/agt_interfaces' returned '0': CMAKE_PREFIX_PATH=/opt/ros/humble /usr/bin/cmake --build /home/yangxuan/agt_navigation_runtime/build/agt_interfaces -- -j32 -l32
[59.810s] Invoking command in '/home/yangxuan/agt_navigation_runtime/build/agt_interfaces': CMAKE_PREFIX_PATH=/opt/ros/humble /usr/bin/cmake --install /home/yangxuan/agt_navigation_runtime/build/agt_interfaces
[59.821s] -- Install configuration: ""
[59.823s] -- Execute custom install script
[59.823s] -- Symlinking: /home/yangxuan/agt_navigation_runtime/install/agt_interfaces/share/ament_index/resource_index/rosidl_interfaces/agt_interfaces
[59.838s] -- Symlinking: /home/yangxuan/agt_navigation_runtime/install/agt_interfaces/include/agt_interfaces/agt_interfaces/action/change_system_mode.h
[59.854s] -- Symlinking: /home/yangxuan/agt_navigation_runtime/install/agt_interfaces/include/agt_interfaces/agt_interfaces/action/detail/change_system_mode__functions.h
[59.866s] -- Symlinking: /home/yangxuan/agt_navigation_runtime/install/agt_interfaces/include/agt_interfaces/agt_interfaces/action/detail/change_system_mode__struct.h
[59.878s] -- Symlinking: /home/yangxuan/agt_navigation_runtime/install/agt_interfaces/include/agt_interfaces/agt_interfaces/action/detail/change_system_mode__type_support.h
[59.896s] -- Symlinking: /home/yangxuan/agt_navigation_runtime/install/agt_interfaces/include/agt_interfaces/agt_interfaces/action/detail/execute_behavior_tree__functions.h
[59.910s] -- Symlinking: /home/yangxuan/agt_navigation_runtime/install/agt_interfaces/include/agt_interfaces/agt_interfaces/action/detail/execute_behavior_tree__struct.h
[59.922s] -- Symlinking: /home/yangxuan/agt_navigation_runtime/install/agt_interfaces/include/agt_interfaces/agt_interfaces/action/detail/execute_behavior_tree__type_support.h
[59.935s] -- Symlinking: /home/yangxuan/agt_navigation_runtime/install/agt_interfaces/include/agt_interfaces/agt_interfaces/action/detail/execute_coverage_task__functions.h
[59.949s] -- Symlinking: /home/yangxuan/agt_navigation_runtime/install/agt_interfaces/include/agt_interfaces/agt_interfaces/action/detail/execute_coverage_task__struct.h
[59.963s] -- Symlinking: /home/yangxuan/agt_navigation_runtime/install/agt_interfaces/include/agt_interfaces/agt_interfaces/action/detail/execute_coverage_task__type_support.h
[59.974s] -- Symlinking: /home/yangxuan/agt_navigation_runtime/install/agt_interfaces/include/agt_interfaces/agt_interfaces/action/detail/execute_mission__functions.h
[59.984s] -- Symlinking: /home/yangxuan/agt_navigation_runtime/install/agt_interfaces/include/agt_interfaces/agt_interfaces/action/detail/execute_mission__struct.h
[59.996s] -- Symlinking: /home/yangxuan/agt_navigation_runtime/install/agt_interfaces/include/agt_interfaces/agt_interfaces/action/detail/execute_mission__type_support.h
[60.011s] -- Symlinking: /home/yangxuan/agt_navigation_runtime/install/agt_interfaces/include/agt_interfaces/agt_interfaces/action/detail/execute_waypoint_task__functions.h
[60.029s] -- Symlinking: /home/yangxuan/agt_navigation_runtime/install/agt_interfaces/include/agt_interfaces/agt_interfaces/action/detail/execute_waypoint_task__struct.h
[60.044s] -- Symlinking: /home/yangxuan/agt_navigation_runtime/install/agt_interfaces/include/agt_interfaces/agt_interfaces/action/detail/execute_waypoint_task__type_support.h
[60.055s] -- Symlinking: /home/yangxuan/agt_navigation_runtime/install/agt_interfaces/include/agt_interfaces/agt_interfaces/action/detail/manage_mapping_session__functions.h
[60.067s] -- Symlinking: /home/yangxuan/agt_navigation_runtime/install/agt_interfaces/include/agt_interfaces/agt_interfaces/action/detail/manage_mapping_session__struct.h
[60.079s] -- Symlinking: /home/yangxuan/agt_navigation_runtime/install/agt_interfaces/include/agt_interfaces/agt_interfaces/action/detail/manage_mapping_session__type_support.h
[60.094s] -- Symlinking: /home/yangxuan/agt_navigation_runtime/install/agt_interfaces/include/agt_interfaces/agt_interfaces/action/detail/optimize_map__functions.h
[60.108s] -- Symlinking: /home/yangxuan/agt_navigation_runtime/install/agt_interfaces/include/agt_interfaces/agt_interfaces/action/detail/optimize_map__struct.h
[60.125s] -- Symlinking: /home/yangxuan/agt_navigation_runtime/install/agt_interfaces/include/agt_interfaces/agt_interfaces/action/detail/optimize_map__type_support.h
[60.142s] -- Symlinking: /home/yangxuan/agt_navigation_runtime/install/agt_interfaces/include/agt_interfaces/agt_interfaces/action/detail/relocalize__functions.h
[60.153s] -- Symlinking: /home/yangxuan/agt_navigation_runtime/install/agt_interfaces/include/agt_interfaces/agt_interfaces/action/detail/relocalize__struct.h
[60.166s] -- Symlinking: /home/yangxuan/agt_navigation_runtime/install/agt_interfaces/include/agt_interfaces/agt_interfaces/action/detail/relocalize__type_support.h
[60.179s] -- Symlinking: /home/yangxuan/agt_navigation_runtime/install/agt_interfaces/include/agt_interfaces/agt_interfaces/action/execute_behavior_tree.h
[60.193s] -- Symlinking: /home/yangxuan/agt_navigation_runtime/install/agt_interfaces/include/agt_interfaces/agt_interfaces/action/execute_coverage_task.h
[60.208s] -- Symlinking: /home/yangxuan/agt_navigation_runtime/install/agt_interfaces/include/agt_interfaces/agt_interfaces/action/execute_mission.h
[60.227s] -- Symlinking: /home/yangxuan/agt_navigation_runtime/install/agt_interfaces/include/agt_interfaces/agt_interfaces/action/execute_waypoint_task.h
[60.244s] -- Symlinking: /home/yangxuan/agt_navigation_runtime/install/agt_interfaces/include/agt_interfaces/agt_interfaces/action/manage_mapping_session.h
[60.255s] -- Symlinking: /home/yangxuan/agt_navigation_runtime/install/agt_interfaces/include/agt_interfaces/agt_interfaces/action/optimize_map.h
[60.267s] -- Symlinking: /home/yangxuan/agt_navigation_runtime/install/agt_interfaces/include/agt_interfaces/agt_interfaces/action/relocalize.h
[60.280s] -- Symlinking: /home/yangxuan/agt_navigation_runtime/install/agt_interfaces/include/agt_interfaces/agt_interfaces/msg/bag_session_summary.h
[60.294s] -- Symlinking: /home/yangxuan/agt_navigation_runtime/install/agt_interfaces/include/agt_interfaces/agt_interfaces/msg/component_health.h
[60.308s] -- Symlinking: /home/yangxuan/agt_navigation_runtime/install/agt_interfaces/include/agt_interfaces/agt_interfaces/msg/detail/bag_session_summary__functions.h
[60.321s] -- Symlinking: /home/yangxuan/agt_navigation_runtime/install/agt_interfaces/include/agt_interfaces/agt_interfaces/msg/detail/bag_session_summary__struct.h
[60.333s] -- Symlinking: /home/yangxuan/agt_navigation_runtime/install/agt_interfaces/include/agt_interfaces/agt_interfaces/msg/detail/bag_session_summary__type_support.h
[60.345s] -- Symlinking: /home/yangxuan/agt_navigation_runtime/install/agt_interfaces/include/agt_interfaces/agt_interfaces/msg/detail/component_health__functions.h
[60.355s] -- Symlinking: /home/yangxuan/agt_navigation_runtime/install/agt_interfaces/include/agt_interfaces/agt_interfaces/msg/detail/component_health__struct.h
[60.367s] -- Symlinking: /home/yangxuan/agt_navigation_runtime/install/agt_interfaces/include/agt_interfaces/agt_interfaces/msg/detail/component_health__type_support.h
[60.381s] -- Symlinking: /home/yangxuan/agt_navigation_runtime/install/agt_interfaces/include/agt_interfaces/agt_interfaces/msg/detail/experiment_summary__functions.h
[60.395s] -- Symlinking: /home/yangxuan/agt_navigation_runtime/install/agt_interfaces/include/agt_interfaces/agt_interfaces/msg/detail/experiment_summary__struct.h
[60.407s] -- Symlinking: /home/yangxuan/agt_navigation_runtime/install/agt_interfaces/include/agt_interfaces/agt_interfaces/msg/detail/experiment_summary__type_support.h
[60.418s] -- Symlinking: /home/yangxuan/agt_navigation_runtime/install/agt_interfaces/include/agt_interfaces/agt_interfaces/msg/detail/localization_status__functions.h
[60.429s] -- Symlinking: /home/yangxuan/agt_navigation_runtime/install/agt_interfaces/include/agt_interfaces/agt_interfaces/msg/detail/localization_status__struct.h
[60.439s] -- Symlinking: /home/yangxuan/agt_navigation_runtime/install/agt_interfaces/include/agt_interfaces/agt_interfaces/msg/detail/localization_status__type_support.h
[60.452s] -- Symlinking: /home/yangxuan/agt_navigation_runtime/install/agt_interfaces/include/agt_interfaces/agt_interfaces/msg/detail/map_version_summary__functions.h
[60.463s] -- Symlinking: /home/yangxuan/agt_navigation_runtime/install/agt_interfaces/include/agt_interfaces/agt_interfaces/msg/detail/map_version_summary__struct.h
[60.476s] -- Symlinking: /home/yangxuan/agt_navigation_runtime/install/agt_interfaces/include/agt_interfaces/agt_interfaces/msg/detail/map_version_summary__type_support.h
[60.489s] -- Symlinking: /home/yangxuan/agt_navigation_runtime/install/agt_interfaces/include/agt_interfaces/agt_interfaces/msg/detail/mission_event__functions.h
[60.500s] -- Symlinking: /home/yangxuan/agt_navigation_runtime/install/agt_interfaces/include/agt_interfaces/agt_interfaces/msg/detail/mission_event__struct.h
[60.515s] -- Symlinking: /home/yangxuan/agt_navigation_runtime/install/agt_interfaces/include/agt_interfaces/agt_interfaces/msg/detail/mission_event__type_support.h
[60.525s] -- Symlinking: /home/yangxuan/agt_navigation_runtime/install/agt_interfaces/include/agt_interfaces/agt_interfaces/msg/detail/mission_status__functions.h
[60.536s] -- Symlinking: /home/yangxuan/agt_navigation_runtime/install/agt_interfaces/include/agt_interfaces/agt_interfaces/msg/detail/mission_status__struct.h
[60.546s] -- Symlinking: /home/yangxuan/agt_navigation_runtime/install/agt_interfaces/include/agt_interfaces/agt_interfaces/msg/detail/mission_status__type_support.h
[60.557s] -- Symlinking: /home/yangxuan/agt_navigation_runtime/install/agt_interfaces/include/agt_interfaces/agt_interfaces/msg/detail/navigation_session_status__functions.h
[60.568s] -- Symlinking: /home/yangxuan/agt_navigation_runtime/install/agt_interfaces/include/agt_interfaces/agt_interfaces/msg/detail/navigation_session_status__struct.h
[60.579s] -- Symlinking: /home/yangxuan/agt_navigation_runtime/install/agt_interfaces/include/agt_interfaces/agt_interfaces/msg/detail/navigation_session_status__type_support.h
[60.589s] -- Symlinking: /home/yangxuan/agt_navigation_runtime/install/agt_interfaces/include/agt_interfaces/agt_interfaces/msg/detail/robot_state__functions.h
[60.608s] -- Symlinking: /home/yangxuan/agt_navigation_runtime/install/agt_interfaces/include/agt_interfaces/agt_interfaces/msg/detail/robot_state__struct.h
[60.618s] -- Symlinking: /home/yangxuan/agt_navigation_runtime/install/agt_interfaces/include/agt_interfaces/agt_interfaces/msg/detail/robot_state__type_support.h
[60.635s] -- Symlinking: /home/yangxuan/agt_navigation_runtime/install/agt_interfaces/include/agt_interfaces/agt_interfaces/msg/detail/semantic_waypoint__functions.h
[60.648s] -- Symlinking: /home/yangxuan/agt_navigation_runtime/install/agt_interfaces/include/agt_interfaces/agt_interfaces/msg/detail/semantic_waypoint__struct.h
[60.659s] -- Symlinking: /home/yangxuan/agt_navigation_runtime/install/agt_interfaces/include/agt_interfaces/agt_interfaces/msg/detail/semantic_waypoint__type_support.h
[60.670s] -- Symlinking: /home/yangxuan/agt_navigation_runtime/install/agt_interfaces/include/agt_interfaces/agt_interfaces/msg/detail/semantic_waypoint_array__functions.h
[60.681s] -- Symlinking: /home/yangxuan/agt_navigation_runtime/install/agt_interfaces/include/agt_interfaces/agt_interfaces/msg/detail/semantic_waypoint_array__struct.h
[60.692s] -- Symlinking: /home/yangxuan/agt_navigation_runtime/install/agt_interfaces/include/agt_interfaces/agt_interfaces/msg/detail/semantic_waypoint_array__type_support.h
[60.709s] -- Symlinking: /home/yangxuan/agt_navigation_runtime/install/agt_interfaces/include/agt_interfaces/agt_interfaces/msg/detail/system_health__functions.h
[60.722s] -- Symlinking: /home/yangxuan/agt_navigation_runtime/install/agt_interfaces/include/agt_interfaces/agt_interfaces/msg/detail/system_health__struct.h
[60.734s] -- Symlinking: /home/yangxuan/agt_navigation_runtime/install/agt_interfaces/include/agt_interfaces/agt_interfaces/msg/detail/system_health__type_support.h
[60.746s] -- Symlinking: /home/yangxuan/agt_navigation_runtime/install/agt_interfaces/include/agt_interfaces/agt_interfaces/msg/detail/task_readiness__functions.h
[60.757s] -- Symlinking: /home/yangxuan/agt_navigation_runtime/install/agt_interfaces/include/agt_interfaces/agt_interfaces/msg/detail/task_readiness__struct.h
[60.774s] -- Symlinking: /home/yangxuan/agt_navigation_runtime/install/agt_interfaces/include/agt_interfaces/agt_interfaces/msg/detail/task_readiness__type_support.h
[60.786s] -- Symlinking: /home/yangxuan/agt_navigation_runtime/install/agt_interfaces/include/agt_interfaces/agt_interfaces/msg/experiment_summary.h
[60.797s] -- Symlinking: /home/yangxuan/agt_navigation_runtime/install/agt_interfaces/include/agt_interfaces/agt_interfaces/msg/localization_status.h
[60.814s] -- Symlinking: /home/yangxuan/agt_navigation_runtime/install/agt_interfaces/include/agt_interfaces/agt_interfaces/msg/map_version_summary.h
[60.828s] -- Symlinking: /home/yangxuan/agt_navigation_runtime/install/agt_interfaces/include/agt_interfaces/agt_interfaces/msg/mission_event.h
[60.845s] -- Symlinking: /home/yangxuan/agt_navigation_runtime/install/agt_interfaces/include/agt_interfaces/agt_interfaces/msg/mission_status.h
[60.857s] -- Symlinking: /home/yangxuan/agt_navigation_runtime/install/agt_interfaces/include/agt_interfaces/agt_interfaces/msg/navigation_session_status.h
[60.869s] -- Symlinking: /home/yangxuan/agt_navigation_runtime/install/agt_interfaces/include/agt_interfaces/agt_interfaces/msg/robot_state.h
[60.881s] -- Symlinking: /home/yangxuan/agt_navigation_runtime/install/agt_interfaces/include/agt_interfaces/agt_interfaces/msg/rosidl_generator_c__visibility_control.h
[60.891s] -- Symlinking: /home/yangxuan/agt_navigation_runtime/install/agt_interfaces/include/agt_interfaces/agt_interfaces/msg/semantic_waypoint.h
[60.905s] -- Symlinking: /home/yangxuan/agt_navigation_runtime/install/agt_interfaces/include/agt_interfaces/agt_interfaces/msg/semantic_waypoint_array.h
[60.917s] -- Symlinking: /home/yangxuan/agt_navigation_runtime/install/agt_interfaces/include/agt_interfaces/agt_interfaces/msg/system_health.h
[60.930s] -- Symlinking: /home/yangxuan/agt_navigation_runtime/install/agt_interfaces/include/agt_interfaces/agt_interfaces/msg/task_readiness.h
[60.943s] -- Symlinking: /home/yangxuan/agt_navigation_runtime/install/agt_interfaces/include/agt_interfaces/agt_interfaces/srv/activate_map_version.h
[60.955s] -- Symlinking: /home/yangxuan/agt_navigation_runtime/install/agt_interfaces/include/agt_interfaces/agt_interfaces/srv/archive_task_group.h
[60.969s] -- Symlinking: /home/yangxuan/agt_navigation_runtime/install/agt_interfaces/include/agt_interfaces/agt_interfaces/srv/detail/activate_map_version__functions.h
[60.981s] -- Symlinking: /home/yangxuan/agt_navigation_runtime/install/agt_interfaces/include/agt_interfaces/agt_interfaces/srv/detail/activate_map_version__struct.h
[60.994s] -- Symlinking: /home/yangxuan/agt_navigation_runtime/install/agt_interfaces/include/agt_interfaces/agt_interfaces/srv/detail/activate_map_version__type_support.h
[61.008s] -- Symlinking: /home/yangxuan/agt_navigation_runtime/install/agt_interfaces/include/agt_interfaces/agt_interfaces/srv/detail/archive_task_group__functions.h
[61.019s] -- Symlinking: /home/yangxuan/agt_navigation_runtime/install/agt_interfaces/include/agt_interfaces/agt_interfaces/srv/detail/archive_task_group__struct.h
[61.034s] -- Symlinking: /home/yangxuan/agt_navigation_runtime/install/agt_interfaces/include/agt_interfaces/agt_interfaces/srv/detail/archive_task_group__type_support.h
[61.047s] -- Symlinking: /home/yangxuan/agt_navigation_runtime/install/agt_interfaces/include/agt_interfaces/agt_interfaces/srv/detail/evaluate_task_readiness__functions.h
[61.061s] -- Symlinking: /home/yangxuan/agt_navigation_runtime/install/agt_interfaces/include/agt_interfaces/agt_interfaces/srv/detail/evaluate_task_readiness__struct.h
[61.075s] -- Symlinking: /home/yangxuan/agt_navigation_runtime/install/agt_interfaces/include/agt_interfaces/agt_interfaces/srv/detail/evaluate_task_readiness__type_support.h
[61.092s] -- Symlinking: /home/yangxuan/agt_navigation_runtime/install/agt_interfaces/include/agt_interfaces/agt_interfaces/srv/detail/get_navigation_session__functions.h
[61.103s] -- Symlinking: /home/yangxuan/agt_navigation_runtime/install/agt_interfaces/include/agt_interfaces/agt_interfaces/srv/detail/get_navigation_session__struct.h
[61.116s] -- Symlinking: /home/yangxuan/agt_navigation_runtime/install/agt_interfaces/include/agt_interfaces/agt_interfaces/srv/detail/get_navigation_session__type_support.h
[61.127s] -- Symlinking: /home/yangxuan/agt_navigation_runtime/install/agt_interfaces/include/agt_interfaces/agt_interfaces/srv/detail/get_robot_state__functions.h
[61.144s] -- Symlinking: /home/yangxuan/agt_navigation_runtime/install/agt_interfaces/include/agt_interfaces/agt_interfaces/srv/detail/get_robot_state__struct.h
[61.160s] -- Symlinking: /home/yangxuan/agt_navigation_runtime/install/agt_interfaces/include/agt_interfaces/agt_interfaces/srv/detail/get_robot_state__type_support.h
[61.172s] -- Symlinking: /home/yangxuan/agt_navigation_runtime/install/agt_interfaces/include/agt_interfaces/agt_interfaces/srv/detail/get_system_health__functions.h
[61.184s] -- Symlinking: /home/yangxuan/agt_navigation_runtime/install/agt_interfaces/include/agt_interfaces/agt_interfaces/srv/detail/get_system_health__struct.h
[61.195s] -- Symlinking: /home/yangxuan/agt_navigation_runtime/install/agt_interfaces/include/agt_interfaces/agt_interfaces/srv/detail/get_system_health__type_support.h
[61.213s] -- Symlinking: /home/yangxuan/agt_navigation_runtime/install/agt_interfaces/include/agt_interfaces/agt_interfaces/srv/detail/get_task_group__functions.h
[61.226s] -- Symlinking: /home/yangxuan/agt_navigation_runtime/install/agt_interfaces/include/agt_interfaces/agt_interfaces/srv/detail/get_task_group__struct.h
[61.239s] -- Symlinking: /home/yangxuan/agt_navigation_runtime/install/agt_interfaces/include/agt_interfaces/agt_interfaces/srv/detail/get_task_group__type_support.h
[61.250s] -- Symlinking: /home/yangxuan/agt_navigation_runtime/install/agt_interfaces/include/agt_interfaces/agt_interfaces/srv/detail/list_bag_sessions__functions.h
[61.262s] -- Symlinking: /home/yangxuan/agt_navigation_runtime/install/agt_interfaces/include/agt_interfaces/agt_interfaces/srv/detail/list_bag_sessions__struct.h
[61.277s] -- Symlinking: /home/yangxuan/agt_navigation_runtime/install/agt_interfaces/include/agt_interfaces/agt_interfaces/srv/detail/list_bag_sessions__type_support.h
[61.294s] -- Symlinking: /home/yangxuan/agt_navigation_runtime/install/agt_interfaces/include/agt_interfaces/agt_interfaces/srv/detail/list_experiments__functions.h
[61.306s] -- Symlinking: /home/yangxuan/agt_navigation_runtime/install/agt_interfaces/include/agt_interfaces/agt_interfaces/srv/detail/list_experiments__struct.h
[61.320s] -- Symlinking: /home/yangxuan/agt_navigation_runtime/install/agt_interfaces/include/agt_interfaces/agt_interfaces/srv/detail/list_experiments__type_support.h
[61.331s] -- Symlinking: /home/yangxuan/agt_navigation_runtime/install/agt_interfaces/include/agt_interfaces/agt_interfaces/srv/detail/list_map_versions__functions.h
[61.343s] -- Symlinking: /home/yangxuan/agt_navigation_runtime/install/agt_interfaces/include/agt_interfaces/agt_interfaces/srv/detail/list_map_versions__struct.h
[61.355s] -- Symlinking: /home/yangxuan/agt_navigation_runtime/install/agt_interfaces/include/agt_interfaces/agt_interfaces/srv/detail/list_map_versions__type_support.h
[61.368s] -- Symlinking: /home/yangxuan/agt_navigation_runtime/install/agt_interfaces/include/agt_interfaces/agt_interfaces/srv/detail/list_task_groups__functions.h
[61.384s] -- Symlinking: /home/yangxuan/agt_navigation_runtime/install/agt_interfaces/include/agt_interfaces/agt_interfaces/srv/detail/list_task_groups__struct.h
[61.400s] -- Symlinking: /home/yangxuan/agt_navigation_runtime/install/agt_interfaces/include/agt_interfaces/agt_interfaces/srv/detail/list_task_groups__type_support.h
[61.417s] -- Symlinking: /home/yangxuan/agt_navigation_runtime/install/agt_interfaces/include/agt_interfaces/agt_interfaces/srv/detail/manage_bag_session__functions.h
[61.430s] -- Symlinking: /home/yangxuan/agt_navigation_runtime/install/agt_interfaces/include/agt_interfaces/agt_interfaces/srv/detail/manage_bag_session__struct.h
[61.442s] -- Symlinking: /home/yangxuan/agt_navigation_runtime/install/agt_interfaces/include/agt_interfaces/agt_interfaces/srv/detail/manage_bag_session__type_support.h
[61.455s] -- Symlinking: /home/yangxuan/agt_navigation_runtime/install/agt_interfaces/include/agt_interfaces/agt_interfaces/srv/detail/manage_map_version__functions.h
[61.468s] -- Symlinking: /home/yangxuan/agt_navigation_runtime/install/agt_interfaces/include/agt_interfaces/agt_interfaces/srv/detail/manage_map_version__struct.h
[61.485s] -- Symlinking: /home/yangxuan/agt_navigation_runtime/install/agt_interfaces/include/agt_interfaces/agt_interfaces/srv/detail/manage_map_version__type_support.h
[61.503s] -- Symlinking: /home/yangxuan/agt_navigation_runtime/install/agt_interfaces/include/agt_interfaces/agt_interfaces/srv/detail/put_task_group__functions.h
[61.515s] -- Symlinking: /home/yangxuan/agt_navigation_runtime/install/agt_interfaces/include/agt_interfaces/agt_interfaces/srv/detail/put_task_group__struct.h
[61.528s] -- Symlinking: /home/yangxuan/agt_navigation_runtime/install/agt_interfaces/include/agt_interfaces/agt_interfaces/srv/detail/put_task_group__type_support.h
[61.545s] -- Symlinking: /home/yangxuan/agt_navigation_runtime/install/agt_interfaces/include/agt_interfaces/agt_interfaces/srv/detail/set_localization_mode__functions.h
[61.560s] -- Symlinking: /home/yangxuan/agt_navigation_runtime/install/agt_interfaces/include/agt_interfaces/agt_interfaces/srv/detail/set_localization_mode__struct.h
[61.572s] -- Symlinking: /home/yangxuan/agt_navigation_runtime/install/agt_interfaces/include/agt_interfaces/agt_interfaces/srv/detail/set_localization_mode__type_support.h
[61.588s] -- Symlinking: /home/yangxuan/agt_navigation_runtime/install/agt_interfaces/include/agt_interfaces/agt_interfaces/srv/detail/set_mission_run_state__functions.h
[61.602s] -- Symlinking: /home/yangxuan/agt_navigation_runtime/install/agt_interfaces/include/agt_interfaces/agt_interfaces/srv/detail/set_mission_run_state__struct.h
[61.613s] -- Symlinking: /home/yangxuan/agt_navigation_runtime/install/agt_interfaces/include/agt_interfaces/agt_interfaces/srv/detail/set_mission_run_state__type_support.h
[61.626s] -- Symlinking: /home/yangxuan/agt_navigation_runtime/install/agt_interfaces/include/agt_interfaces/agt_interfaces/srv/evaluate_task_readiness.h
[61.637s] -- Symlinking: /home/yangxuan/agt_navigation_runtime/install/agt_interfaces/include/agt_interfaces/agt_interfaces/srv/get_navigation_session.h
[61.657s] -- Symlinking: /home/yangxuan/agt_navigation_runtime/install/agt_interfaces/include/agt_interfaces/agt_interfaces/srv/get_robot_state.h
[61.669s] -- Symlinking: /home/yangxuan/agt_navigation_runtime/install/agt_interfaces/include/agt_interfaces/agt_interfaces/srv/get_system_health.h
[61.685s] -- Symlinking: /home/yangxuan/agt_navigation_runtime/install/agt_interfaces/include/agt_interfaces/agt_interfaces/srv/get_task_group.h
[61.702s] -- Symlinking: /home/yangxuan/agt_navigation_runtime/install/agt_interfaces/include/agt_interfaces/agt_interfaces/srv/list_bag_sessions.h
[61.714s] -- Symlinking: /home/yangxuan/agt_navigation_runtime/install/agt_interfaces/include/agt_interfaces/agt_interfaces/srv/list_experiments.h
[61.730s] -- Symlinking: /home/yangxuan/agt_navigation_runtime/install/agt_interfaces/include/agt_interfaces/agt_interfaces/srv/list_map_versions.h
[61.741s] -- Symlinking: /home/yangxuan/agt_navigation_runtime/install/agt_interfaces/include/agt_interfaces/agt_interfaces/srv/list_task_groups.h
[61.753s] -- Symlinking: /home/yangxuan/agt_navigation_runtime/install/agt_interfaces/include/agt_interfaces/agt_interfaces/srv/manage_bag_session.h
[61.764s] -- Symlinking: /home/yangxuan/agt_navigation_runtime/install/agt_interfaces/include/agt_interfaces/agt_interfaces/srv/manage_map_version.h
[61.775s] -- Symlinking: /home/yangxuan/agt_navigation_runtime/install/agt_interfaces/include/agt_interfaces/agt_interfaces/srv/put_task_group.h
[61.790s] -- Symlinking: /home/yangxuan/agt_navigation_runtime/install/agt_interfaces/include/agt_interfaces/agt_interfaces/srv/set_localization_mode.h
[61.805s] -- Symlinking: /home/yangxuan/agt_navigation_runtime/install/agt_interfaces/include/agt_interfaces/agt_interfaces/srv/set_mission_run_state.h
[61.821s] -- Symlinking: /home/yangxuan/agt_navigation_runtime/install/agt_interfaces/share/agt_interfaces/environment/library_path.sh
[61.834s] -- Symlinking: /home/yangxuan/agt_navigation_runtime/install/agt_interfaces/share/agt_interfaces/environment/library_path.dsv
[61.849s] -- Symlinking: /home/yangxuan/agt_navigation_runtime/install/agt_interfaces/include/agt_interfaces/agt_interfaces/action/detail/change_system_mode__rosidl_typesupport_fastrtps_c.h
[61.865s] -- Symlinking: /home/yangxuan/agt_navigation_runtime/install/agt_interfaces/include/agt_interfaces/agt_interfaces/action/detail/execute_behavior_tree__rosidl_typesupport_fastrtps_c.h
[61.877s] -- Symlinking: /home/yangxuan/agt_navigation_runtime/install/agt_interfaces/include/agt_interfaces/agt_interfaces/action/detail/execute_coverage_task__rosidl_typesupport_fastrtps_c.h
[61.890s] -- Symlinking: /home/yangxuan/agt_navigation_runtime/install/agt_interfaces/include/agt_interfaces/agt_interfaces/action/detail/execute_mission__rosidl_typesupport_fastrtps_c.h
[61.903s] -- Symlinking: /home/yangxuan/agt_navigation_runtime/install/agt_interfaces/include/agt_interfaces/agt_interfaces/action/detail/execute_waypoint_task__rosidl_typesupport_fastrtps_c.h
[61.920s] -- Symlinking: /home/yangxuan/agt_navigation_runtime/install/agt_interfaces/include/agt_interfaces/agt_interfaces/action/detail/manage_mapping_session__rosidl_typesupport_fastrtps_c.h
[61.952s] -- Symlinking: /home/yangxuan/agt_navigation_runtime/install/agt_interfaces/include/agt_interfaces/agt_interfaces/action/detail/optimize_map__rosidl_typesupport_fastrtps_c.h
[61.967s] -- Symlinking: /home/yangxuan/agt_navigation_runtime/install/agt_interfaces/include/agt_interfaces/agt_interfaces/action/detail/relocalize__rosidl_typesupport_fastrtps_c.h
[61.983s] -- Symlinking: /home/yangxuan/agt_navigation_runtime/install/agt_interfaces/include/agt_interfaces/agt_interfaces/msg/detail/bag_session_summary__rosidl_typesupport_fastrtps_c.h
[61.999s] -- Symlinking: /home/yangxuan/agt_navigation_runtime/install/agt_interfaces/include/agt_interfaces/agt_interfaces/msg/detail/component_health__rosidl_typesupport_fastrtps_c.h
[62.014s] -- Symlinking: /home/yangxuan/agt_navigation_runtime/install/agt_interfaces/include/agt_interfaces/agt_interfaces/msg/detail/experiment_summary__rosidl_typesupport_fastrtps_c.h
[62.031s] -- Symlinking: /home/yangxuan/agt_navigation_runtime/install/agt_interfaces/include/agt_interfaces/agt_interfaces/msg/detail/localization_status__rosidl_typesupport_fastrtps_c.h
[62.046s] -- Symlinking: /home/yangxuan/agt_navigation_runtime/install/agt_interfaces/include/agt_interfaces/agt_interfaces/msg/detail/map_version_summary__rosidl_typesupport_fastrtps_c.h
[62.063s] -- Symlinking: /home/yangxuan/agt_navigation_runtime/install/agt_interfaces/include/agt_interfaces/agt_interfaces/msg/detail/mission_event__rosidl_typesupport_fastrtps_c.h
[62.077s] -- Symlinking: /home/yangxuan/agt_navigation_runtime/install/agt_interfaces/include/agt_interfaces/agt_interfaces/msg/detail/mission_status__rosidl_typesupport_fastrtps_c.h
[62.090s] -- Symlinking: /home/yangxuan/agt_navigation_runtime/install/agt_interfaces/include/agt_interfaces/agt_interfaces/msg/detail/navigation_session_status__rosidl_typesupport_fastrtps_c.h
[62.102s] -- Symlinking: /home/yangxuan/agt_navigation_runtime/install/agt_interfaces/include/agt_interfaces/agt_interfaces/msg/detail/robot_state__rosidl_typesupport_fastrtps_c.h
[62.114s] -- Symlinking: /home/yangxuan/agt_navigation_runtime/install/agt_interfaces/include/agt_interfaces/agt_interfaces/msg/detail/semantic_waypoint__rosidl_typesupport_fastrtps_c.h
[62.127s] -- Symlinking: /home/yangxuan/agt_navigation_runtime/install/agt_interfaces/include/agt_interfaces/agt_interfaces/msg/detail/semantic_waypoint_array__rosidl_typesupport_fastrtps_c.h
[62.141s] -- Symlinking: /home/yangxuan/agt_navigation_runtime/install/agt_interfaces/include/agt_interfaces/agt_interfaces/msg/detail/system_health__rosidl_typesupport_fastrtps_c.h
[62.153s] -- Symlinking: /home/yangxuan/agt_navigation_runtime/install/agt_interfaces/include/agt_interfaces/agt_interfaces/msg/detail/task_readiness__rosidl_typesupport_fastrtps_c.h
[62.166s] -- Symlinking: /home/yangxuan/agt_navigation_runtime/install/agt_interfaces/include/agt_interfaces/agt_interfaces/msg/rosidl_typesupport_fastrtps_c__visibility_control.h
[62.184s] -- Symlinking: /home/yangxuan/agt_navigation_runtime/install/agt_interfaces/include/agt_interfaces/agt_interfaces/srv/detail/activate_map_version__rosidl_typesupport_fastrtps_c.h
[62.200s] -- Symlinking: /home/yangxuan/agt_navigation_runtime/install/agt_interfaces/include/agt_interfaces/agt_interfaces/srv/detail/archive_task_group__rosidl_typesupport_fastrtps_c.h
[62.213s] -- Symlinking: /home/yangxuan/agt_navigation_runtime/install/agt_interfaces/include/agt_interfaces/agt_interfaces/srv/detail/evaluate_task_readiness__rosidl_typesupport_fastrtps_c.h
[62.231s] -- Symlinking: /home/yangxuan/agt_navigation_runtime/install/agt_interfaces/include/agt_interfaces/agt_interfaces/srv/detail/get_navigation_session__rosidl_typesupport_fastrtps_c.h
[62.243s] -- Symlinking: /home/yangxuan/agt_navigation_runtime/install/agt_interfaces/include/agt_interfaces/agt_interfaces/srv/detail/get_robot_state__rosidl_typesupport_fastrtps_c.h
[62.258s] -- Symlinking: /home/yangxuan/agt_navigation_runtime/install/agt_interfaces/include/agt_interfaces/agt_interfaces/srv/detail/get_system_health__rosidl_typesupport_fastrtps_c.h
[62.276s] -- Symlinking: /home/yangxuan/agt_navigation_runtime/install/agt_interfaces/include/agt_interfaces/agt_interfaces/srv/detail/get_task_group__rosidl_typesupport_fastrtps_c.h
[62.293s] -- Symlinking: /home/yangxuan/agt_navigation_runtime/install/agt_interfaces/include/agt_interfaces/agt_interfaces/srv/detail/list_bag_sessions__rosidl_typesupport_fastrtps_c.h
[62.305s] -- Symlinking: /home/yangxuan/agt_navigation_runtime/install/agt_interfaces/include/agt_interfaces/agt_interfaces/srv/detail/list_experiments__rosidl_typesupport_fastrtps_c.h
[62.320s] -- Symlinking: /home/yangxuan/agt_navigation_runtime/install/agt_interfaces/include/agt_interfaces/agt_interfaces/srv/detail/list_map_versions__rosidl_typesupport_fastrtps_c.h
[62.335s] -- Symlinking: /home/yangxuan/agt_navigation_runtime/install/agt_interfaces/include/agt_interfaces/agt_interfaces/srv/detail/list_task_groups__rosidl_typesupport_fastrtps_c.h
[62.348s] -- Symlinking: /home/yangxuan/agt_navigation_runtime/install/agt_interfaces/include/agt_interfaces/agt_interfaces/srv/detail/manage_bag_session__rosidl_typesupport_fastrtps_c.h
[62.366s] -- Symlinking: /home/yangxuan/agt_navigation_runtime/install/agt_interfaces/include/agt_interfaces/agt_interfaces/srv/detail/manage_map_version__rosidl_typesupport_fastrtps_c.h
[62.379s] -- Symlinking: /home/yangxuan/agt_navigation_runtime/install/agt_interfaces/include/agt_interfaces/agt_interfaces/srv/detail/put_task_group__rosidl_typesupport_fastrtps_c.h
[62.394s] -- Symlinking: /home/yangxuan/agt_navigation_runtime/install/agt_interfaces/include/agt_interfaces/agt_interfaces/srv/detail/set_localization_mode__rosidl_typesupport_fastrtps_c.h
[62.408s] -- Symlinking: /home/yangxuan/agt_navigation_runtime/install/agt_interfaces/include/agt_interfaces/agt_interfaces/srv/detail/set_mission_run_state__rosidl_typesupport_fastrtps_c.h
[62.428s] -- Symlinking: /home/yangxuan/agt_navigation_runtime/install/agt_interfaces/include/agt_interfaces/agt_interfaces/action/change_system_mode.hpp
[62.447s] -- Symlinking: /home/yangxuan/agt_navigation_runtime/install/agt_interfaces/include/agt_interfaces/agt_interfaces/action/detail/change_system_mode__builder.hpp
[62.461s] -- Symlinking: /home/yangxuan/agt_navigation_runtime/install/agt_interfaces/include/agt_interfaces/agt_interfaces/action/detail/change_system_mode__struct.hpp
[62.479s] -- Symlinking: /home/yangxuan/agt_navigation_runtime/install/agt_interfaces/include/agt_interfaces/agt_interfaces/action/detail/change_system_mode__traits.hpp
[62.494s] -- Symlinking: /home/yangxuan/agt_navigation_runtime/install/agt_interfaces/include/agt_interfaces/agt_interfaces/action/detail/change_system_mode__type_support.hpp
[62.510s] -- Symlinking: /home/yangxuan/agt_navigation_runtime/install/agt_interfaces/include/agt_interfaces/agt_interfaces/action/detail/execute_behavior_tree__builder.hpp
[62.525s] -- Symlinking: /home/yangxuan/agt_navigation_runtime/install/agt_interfaces/include/agt_interfaces/agt_interfaces/action/detail/execute_behavior_tree__struct.hpp
[62.539s] -- Symlinking: /home/yangxuan/agt_navigation_runtime/install/agt_interfaces/include/agt_interfaces/agt_interfaces/action/detail/execute_behavior_tree__traits.hpp
[62.552s] -- Symlinking: /home/yangxuan/agt_navigation_runtime/install/agt_interfaces/include/agt_interfaces/agt_interfaces/action/detail/execute_behavior_tree__type_support.hpp
[62.566s] -- Symlinking: /home/yangxuan/agt_navigation_runtime/install/agt_interfaces/include/agt_interfaces/agt_interfaces/action/detail/execute_coverage_task__builder.hpp
[62.582s] -- Symlinking: /home/yangxuan/agt_navigation_runtime/install/agt_interfaces/include/agt_interfaces/agt_interfaces/action/detail/execute_coverage_task__struct.hpp
[62.598s] -- Symlinking: /home/yangxuan/agt_navigation_runtime/install/agt_interfaces/include/agt_interfaces/agt_interfaces/action/detail/execute_coverage_task__traits.hpp
[62.616s] -- Symlinking: /home/yangxuan/agt_navigation_runtime/install/agt_interfaces/include/agt_interfaces/agt_interfaces/action/detail/execute_coverage_task__type_support.hpp
[62.629s] -- Symlinking: /home/yangxuan/agt_navigation_runtime/install/agt_interfaces/include/agt_interfaces/agt_interfaces/action/detail/execute_mission__builder.hpp
[62.642s] -- Symlinking: /home/yangxuan/agt_navigation_runtime/install/agt_interfaces/include/agt_interfaces/agt_interfaces/action/detail/execute_mission__struct.hpp
[62.653s] -- Symlinking: /home/yangxuan/agt_navigation_runtime/install/agt_interfaces/include/agt_interfaces/agt_interfaces/action/detail/execute_mission__traits.hpp
[62.666s] -- Symlinking: /home/yangxuan/agt_navigation_runtime/install/agt_interfaces/include/agt_interfaces/agt_interfaces/action/detail/execute_mission__type_support.hpp
[62.680s] -- Symlinking: /home/yangxuan/agt_navigation_runtime/install/agt_interfaces/include/agt_interfaces/agt_interfaces/action/detail/execute_waypoint_task__builder.hpp
[62.692s] -- Symlinking: /home/yangxuan/agt_navigation_runtime/install/agt_interfaces/include/agt_interfaces/agt_interfaces/action/detail/execute_waypoint_task__struct.hpp
[62.707s] -- Symlinking: /home/yangxuan/agt_navigation_runtime/install/agt_interfaces/include/agt_interfaces/agt_interfaces/action/detail/execute_waypoint_task__traits.hpp
[62.719s] -- Symlinking: /home/yangxuan/agt_navigation_runtime/install/agt_interfaces/include/agt_interfaces/agt_interfaces/action/detail/execute_waypoint_task__type_support.hpp
[62.732s] -- Symlinking: /home/yangxuan/agt_navigation_runtime/install/agt_interfaces/include/agt_interfaces/agt_interfaces/action/detail/manage_mapping_session__builder.hpp
[62.747s] -- Symlinking: /home/yangxuan/agt_navigation_runtime/install/agt_interfaces/include/agt_interfaces/agt_interfaces/action/detail/manage_mapping_session__struct.hpp
[62.760s] -- Symlinking: /home/yangxuan/agt_navigation_runtime/install/agt_interfaces/include/agt_interfaces/agt_interfaces/action/detail/manage_mapping_session__traits.hpp
[62.773s] -- Symlinking: /home/yangxuan/agt_navigation_runtime/install/agt_interfaces/include/agt_interfaces/agt_interfaces/action/detail/manage_mapping_session__type_support.hpp
[62.784s] -- Symlinking: /home/yangxuan/agt_navigation_runtime/install/agt_interfaces/include/agt_interfaces/agt_interfaces/action/detail/optimize_map__builder.hpp
[62.798s] -- Symlinking: /home/yangxuan/agt_navigation_runtime/install/agt_interfaces/include/agt_interfaces/agt_interfaces/action/detail/optimize_map__struct.hpp
[62.810s] -- Symlinking: /home/yangxuan/agt_navigation_runtime/install/agt_interfaces/include/agt_interfaces/agt_interfaces/action/detail/optimize_map__traits.hpp
[62.824s] -- Symlinking: /home/yangxuan/agt_navigation_runtime/install/agt_interfaces/include/agt_interfaces/agt_interfaces/action/detail/optimize_map__type_support.hpp
[62.836s] -- Symlinking: /home/yangxuan/agt_navigation_runtime/install/agt_interfaces/include/agt_interfaces/agt_interfaces/action/detail/relocalize__builder.hpp
[62.847s] -- Symlinking: /home/yangxuan/agt_navigation_runtime/install/agt_interfaces/include/agt_interfaces/agt_interfaces/action/detail/relocalize__struct.hpp
[62.859s] -- Symlinking: /home/yangxuan/agt_navigation_runtime/install/agt_interfaces/include/agt_interfaces/agt_interfaces/action/detail/relocalize__traits.hpp
[62.874s] -- Symlinking: /home/yangxuan/agt_navigation_runtime/install/agt_interfaces/include/agt_interfaces/agt_interfaces/action/detail/relocalize__type_support.hpp
[62.885s] -- Symlinking: /home/yangxuan/agt_navigation_runtime/install/agt_interfaces/include/agt_interfaces/agt_interfaces/action/execute_behavior_tree.hpp
[62.896s] -- Symlinking: /home/yangxuan/agt_navigation_runtime/install/agt_interfaces/include/agt_interfaces/agt_interfaces/action/execute_coverage_task.hpp
[62.909s] -- Symlinking: /home/yangxuan/agt_navigation_runtime/install/agt_interfaces/include/agt_interfaces/agt_interfaces/action/execute_mission.hpp
[62.921s] -- Symlinking: /home/yangxuan/agt_navigation_runtime/install/agt_interfaces/include/agt_interfaces/agt_interfaces/action/execute_waypoint_task.hpp
[62.934s] -- Symlinking: /home/yangxuan/agt_navigation_runtime/install/agt_interfaces/include/agt_interfaces/agt_interfaces/action/manage_mapping_session.hpp
[62.951s] -- Symlinking: /home/yangxuan/agt_navigation_runtime/install/agt_interfaces/include/agt_interfaces/agt_interfaces/action/optimize_map.hpp
[62.968s] -- Symlinking: /home/yangxuan/agt_navigation_runtime/install/agt_interfaces/include/agt_interfaces/agt_interfaces/action/relocalize.hpp
[62.982s] -- Symlinking: /home/yangxuan/agt_navigation_runtime/install/agt_interfaces/include/agt_interfaces/agt_interfaces/msg/bag_session_summary.hpp
[62.998s] -- Symlinking: /home/yangxuan/agt_navigation_runtime/install/agt_interfaces/include/agt_interfaces/agt_interfaces/msg/component_health.hpp
[63.010s] -- Symlinking: /home/yangxuan/agt_navigation_runtime/install/agt_interfaces/include/agt_interfaces/agt_interfaces/msg/detail/bag_session_summary__builder.hpp
[63.021s] -- Symlinking: /home/yangxuan/agt_navigation_runtime/install/agt_interfaces/include/agt_interfaces/agt_interfaces/msg/detail/bag_session_summary__struct.hpp
[63.032s] -- Symlinking: /home/yangxuan/agt_navigation_runtime/install/agt_interfaces/include/agt_interfaces/agt_interfaces/msg/detail/bag_session_summary__traits.hpp
[63.043s] -- Symlinking: /home/yangxuan/agt_navigation_runtime/install/agt_interfaces/include/agt_interfaces/agt_interfaces/msg/detail/bag_session_summary__type_support.hpp
[63.060s] -- Symlinking: /home/yangxuan/agt_navigation_runtime/install/agt_interfaces/include/agt_interfaces/agt_interfaces/msg/detail/component_health__builder.hpp
[63.072s] -- Symlinking: /home/yangxuan/agt_navigation_runtime/install/agt_interfaces/include/agt_interfaces/agt_interfaces/msg/detail/component_health__struct.hpp
[63.084s] -- Symlinking: /home/yangxuan/agt_navigation_runtime/install/agt_interfaces/include/agt_interfaces/agt_interfaces/msg/detail/component_health__traits.hpp
[63.100s] -- Symlinking: /home/yangxuan/agt_navigation_runtime/install/agt_interfaces/include/agt_interfaces/agt_interfaces/msg/detail/component_health__type_support.hpp
[63.115s] -- Symlinking: /home/yangxuan/agt_navigation_runtime/install/agt_interfaces/include/agt_interfaces/agt_interfaces/msg/detail/experiment_summary__builder.hpp
[63.131s] -- Symlinking: /home/yangxuan/agt_navigation_runtime/install/agt_interfaces/include/agt_interfaces/agt_interfaces/msg/detail/experiment_summary__struct.hpp
[63.142s] -- Symlinking: /home/yangxuan/agt_navigation_runtime/install/agt_interfaces/include/agt_interfaces/agt_interfaces/msg/detail/experiment_summary__traits.hpp
[63.152s] -- Symlinking: /home/yangxuan/agt_navigation_runtime/install/agt_interfaces/include/agt_interfaces/agt_interfaces/msg/detail/experiment_summary__type_support.hpp
[63.164s] -- Symlinking: /home/yangxuan/agt_navigation_runtime/install/agt_interfaces/include/agt_interfaces/agt_interfaces/msg/detail/localization_status__builder.hpp
[63.180s] -- Symlinking: /home/yangxuan/agt_navigation_runtime/install/agt_interfaces/include/agt_interfaces/agt_interfaces/msg/detail/localization_status__struct.hpp
[63.193s] -- Symlinking: /home/yangxuan/agt_navigation_runtime/install/agt_interfaces/include/agt_interfaces/agt_interfaces/msg/detail/localization_status__traits.hpp
[63.207s] -- Symlinking: /home/yangxuan/agt_navigation_runtime/install/agt_interfaces/include/agt_interfaces/agt_interfaces/msg/detail/localization_status__type_support.hpp
[63.218s] -- Symlinking: /home/yangxuan/agt_navigation_runtime/install/agt_interfaces/include/agt_interfaces/agt_interfaces/msg/detail/map_version_summary__builder.hpp
[63.232s] -- Symlinking: /home/yangxuan/agt_navigation_runtime/install/agt_interfaces/include/agt_interfaces/agt_interfaces/msg/detail/map_version_summary__struct.hpp
[63.244s] -- Symlinking: /home/yangxuan/agt_navigation_runtime/install/agt_interfaces/include/agt_interfaces/agt_interfaces/msg/detail/map_version_summary__traits.hpp
[63.257s] -- Symlinking: /home/yangxuan/agt_navigation_runtime/install/agt_interfaces/include/agt_interfaces/agt_interfaces/msg/detail/map_version_summary__type_support.hpp
[63.271s] -- Symlinking: /home/yangxuan/agt_navigation_runtime/install/agt_interfaces/include/agt_interfaces/agt_interfaces/msg/detail/mission_event__builder.hpp
[63.285s] -- Symlinking: /home/yangxuan/agt_navigation_runtime/install/agt_interfaces/include/agt_interfaces/agt_interfaces/msg/detail/mission_event__struct.hpp
[63.296s] -- Symlinking: /home/yangxuan/agt_navigation_runtime/install/agt_interfaces/include/agt_interfaces/agt_interfaces/msg/detail/mission_event__traits.hpp
[63.308s] -- Symlinking: /home/yangxuan/agt_navigation_runtime/install/agt_interfaces/include/agt_interfaces/agt_interfaces/msg/detail/mission_event__type_support.hpp
[63.320s] -- Symlinking: /home/yangxuan/agt_navigation_runtime/install/agt_interfaces/include/agt_interfaces/agt_interfaces/msg/detail/mission_status__builder.hpp
[63.331s] -- Symlinking: /home/yangxuan/agt_navigation_runtime/install/agt_interfaces/include/agt_interfaces/agt_interfaces/msg/detail/mission_status__struct.hpp
[63.347s] -- Symlinking: /home/yangxuan/agt_navigation_runtime/install/agt_interfaces/include/agt_interfaces/agt_interfaces/msg/detail/mission_status__traits.hpp
[63.359s] -- Symlinking: /home/yangxuan/agt_navigation_runtime/install/agt_interfaces/include/agt_interfaces/agt_interfaces/msg/detail/mission_status__type_support.hpp
[63.371s] -- Symlinking: /home/yangxuan/agt_navigation_runtime/install/agt_interfaces/include/agt_interfaces/agt_interfaces/msg/detail/navigation_session_status__builder.hpp
[63.382s] -- Symlinking: /home/yangxuan/agt_navigation_runtime/install/agt_interfaces/include/agt_interfaces/agt_interfaces/msg/detail/navigation_session_status__struct.hpp
[63.392s] -- Symlinking: /home/yangxuan/agt_navigation_runtime/install/agt_interfaces/include/agt_interfaces/agt_interfaces/msg/detail/navigation_session_status__traits.hpp
[63.408s] -- Symlinking: /home/yangxuan/agt_navigation_runtime/install/agt_interfaces/include/agt_interfaces/agt_interfaces/msg/detail/navigation_session_status__type_support.hpp
[63.418s] -- Symlinking: /home/yangxuan/agt_navigation_runtime/install/agt_interfaces/include/agt_interfaces/agt_interfaces/msg/detail/robot_state__builder.hpp
[63.429s] -- Symlinking: /home/yangxuan/agt_navigation_runtime/install/agt_interfaces/include/agt_interfaces/agt_interfaces/msg/detail/robot_state__struct.hpp
[63.445s] -- Symlinking: /home/yangxuan/agt_navigation_runtime/install/agt_interfaces/include/agt_interfaces/agt_interfaces/msg/detail/robot_state__traits.hpp
[63.460s] -- Symlinking: /home/yangxuan/agt_navigation_runtime/install/agt_interfaces/include/agt_interfaces/agt_interfaces/msg/detail/robot_state__type_support.hpp
[63.476s] -- Symlinking: /home/yangxuan/agt_navigation_runtime/install/agt_interfaces/include/agt_interfaces/agt_interfaces/msg/detail/semantic_waypoint__builder.hpp
[63.492s] -- Symlinking: /home/yangxuan/agt_navigation_runtime/install/agt_interfaces/include/agt_interfaces/agt_interfaces/msg/detail/semantic_waypoint__struct.hpp
[63.505s] -- Symlinking: /home/yangxuan/agt_navigation_runtime/install/agt_interfaces/include/agt_interfaces/agt_interfaces/msg/detail/semantic_waypoint__traits.hpp
[63.518s] -- Symlinking: /home/yangxuan/agt_navigation_runtime/install/agt_interfaces/include/agt_interfaces/agt_interfaces/msg/detail/semantic_waypoint__type_support.hpp
[63.529s] -- Symlinking: /home/yangxuan/agt_navigation_runtime/install/agt_interfaces/include/agt_interfaces/agt_interfaces/msg/detail/semantic_waypoint_array__builder.hpp
[63.543s] -- Symlinking: /home/yangxuan/agt_navigation_runtime/install/agt_interfaces/include/agt_interfaces/agt_interfaces/msg/detail/semantic_waypoint_array__struct.hpp
[63.554s] -- Symlinking: /home/yangxuan/agt_navigation_runtime/install/agt_interfaces/include/agt_interfaces/agt_interfaces/msg/detail/semantic_waypoint_array__traits.hpp
[63.567s] -- Symlinking: /home/yangxuan/agt_navigation_runtime/install/agt_interfaces/include/agt_interfaces/agt_interfaces/msg/detail/semantic_waypoint_array__type_support.hpp
[63.578s] -- Symlinking: /home/yangxuan/agt_navigation_runtime/install/agt_interfaces/include/agt_interfaces/agt_interfaces/msg/detail/system_health__builder.hpp
[63.588s] -- Symlinking: /home/yangxuan/agt_navigation_runtime/install/agt_interfaces/include/agt_interfaces/agt_interfaces/msg/detail/system_health__struct.hpp
[63.600s] -- Symlinking: /home/yangxuan/agt_navigation_runtime/install/agt_interfaces/include/agt_interfaces/agt_interfaces/msg/detail/system_health__traits.hpp
[63.612s] -- Symlinking: /home/yangxuan/agt_navigation_runtime/install/agt_interfaces/include/agt_interfaces/agt_interfaces/msg/detail/system_health__type_support.hpp
[63.625s] -- Symlinking: /home/yangxuan/agt_navigation_runtime/install/agt_interfaces/include/agt_interfaces/agt_interfaces/msg/detail/task_readiness__builder.hpp
[63.637s] -- Symlinking: /home/yangxuan/agt_navigation_runtime/install/agt_interfaces/include/agt_interfaces/agt_interfaces/msg/detail/task_readiness__struct.hpp
[63.651s] -- Symlinking: /home/yangxuan/agt_navigation_runtime/install/agt_interfaces/include/agt_interfaces/agt_interfaces/msg/detail/task_readiness__traits.hpp
[63.663s] -- Symlinking: /home/yangxuan/agt_navigation_runtime/install/agt_interfaces/include/agt_interfaces/agt_interfaces/msg/detail/task_readiness__type_support.hpp
[63.675s] -- Symlinking: /home/yangxuan/agt_navigation_runtime/install/agt_interfaces/include/agt_interfaces/agt_interfaces/msg/experiment_summary.hpp
[63.691s] -- Symlinking: /home/yangxuan/agt_navigation_runtime/install/agt_interfaces/include/agt_interfaces/agt_interfaces/msg/localization_status.hpp
[63.704s] -- Symlinking: /home/yangxuan/agt_navigation_runtime/install/agt_interfaces/include/agt_interfaces/agt_interfaces/msg/map_version_summary.hpp
[63.716s] -- Symlinking: /home/yangxuan/agt_navigation_runtime/install/agt_interfaces/include/agt_interfaces/agt_interfaces/msg/mission_event.hpp
[63.731s] -- Symlinking: /home/yangxuan/agt_navigation_runtime/install/agt_interfaces/include/agt_interfaces/agt_interfaces/msg/mission_status.hpp
[63.742s] -- Symlinking: /home/yangxuan/agt_navigation_runtime/install/agt_interfaces/include/agt_interfaces/agt_interfaces/msg/navigation_session_status.hpp
[63.756s] -- Symlinking: /home/yangxuan/agt_navigation_runtime/install/agt_interfaces/include/agt_interfaces/agt_interfaces/msg/robot_state.hpp
[63.771s] -- Symlinking: /home/yangxuan/agt_navigation_runtime/install/agt_interfaces/include/agt_interfaces/agt_interfaces/msg/rosidl_generator_cpp__visibility_control.hpp
[63.782s] -- Symlinking: /home/yangxuan/agt_navigation_runtime/install/agt_interfaces/include/agt_interfaces/agt_interfaces/msg/semantic_waypoint.hpp
[63.796s] -- Symlinking: /home/yangxuan/agt_navigation_runtime/install/agt_interfaces/include/agt_interfaces/agt_interfaces/msg/semantic_waypoint_array.hpp
[63.807s] -- Symlinking: /home/yangxuan/agt_navigation_runtime/install/agt_interfaces/include/agt_interfaces/agt_interfaces/msg/system_health.hpp
[63.820s] -- Symlinking: /home/yangxuan/agt_navigation_runtime/install/agt_interfaces/include/agt_interfaces/agt_interfaces/msg/task_readiness.hpp
[63.835s] -- Symlinking: /home/yangxuan/agt_navigation_runtime/install/agt_interfaces/include/agt_interfaces/agt_interfaces/srv/activate_map_version.hpp
[63.848s] -- Symlinking: /home/yangxuan/agt_navigation_runtime/install/agt_interfaces/include/agt_interfaces/agt_interfaces/srv/archive_task_group.hpp
[63.860s] -- Symlinking: /home/yangxuan/agt_navigation_runtime/install/agt_interfaces/include/agt_interfaces/agt_interfaces/srv/detail/activate_map_version__builder.hpp
[63.870s] -- Symlinking: /home/yangxuan/agt_navigation_runtime/install/agt_interfaces/include/agt_interfaces/agt_interfaces/srv/detail/activate_map_version__struct.hpp
[63.886s] -- Symlinking: /home/yangxuan/agt_navigation_runtime/install/agt_interfaces/include/agt_interfaces/agt_interfaces/srv/detail/activate_map_version__traits.hpp
[63.898s] -- Symlinking: /home/yangxuan/agt_navigation_runtime/install/agt_interfaces/include/agt_interfaces/agt_interfaces/srv/detail/activate_map_version__type_support.hpp
[63.908s] -- Symlinking: /home/yangxuan/agt_navigation_runtime/install/agt_interfaces/include/agt_interfaces/agt_interfaces/srv/detail/archive_task_group__builder.hpp
[63.920s] -- Symlinking: /home/yangxuan/agt_navigation_runtime/install/agt_interfaces/include/agt_interfaces/agt_interfaces/srv/detail/archive_task_group__struct.hpp
[63.930s] -- Symlinking: /home/yangxuan/agt_navigation_runtime/install/agt_interfaces/include/agt_interfaces/agt_interfaces/srv/detail/archive_task_group__traits.hpp
[63.944s] -- Symlinking: /home/yangxuan/agt_navigation_runtime/install/agt_interfaces/include/agt_interfaces/agt_interfaces/srv/detail/archive_task_group__type_support.hpp
[63.957s] -- Symlinking: /home/yangxuan/agt_navigation_runtime/install/agt_interfaces/include/agt_interfaces/agt_interfaces/srv/detail/evaluate_task_readiness__builder.hpp
[63.971s] -- Symlinking: /home/yangxuan/agt_navigation_runtime/install/agt_interfaces/include/agt_interfaces/agt_interfaces/srv/detail/evaluate_task_readiness__struct.hpp
[63.987s] -- Symlinking: /home/yangxuan/agt_navigation_runtime/install/agt_interfaces/include/agt_interfaces/agt_interfaces/srv/detail/evaluate_task_readiness__traits.hpp
[63.999s] -- Symlinking: /home/yangxuan/agt_navigation_runtime/install/agt_interfaces/include/agt_interfaces/agt_interfaces/srv/detail/evaluate_task_readiness__type_support.hpp
[64.010s] -- Symlinking: /home/yangxuan/agt_navigation_runtime/install/agt_interfaces/include/agt_interfaces/agt_interfaces/srv/detail/get_navigation_session__builder.hpp
[64.021s] -- Symlinking: /home/yangxuan/agt_navigation_runtime/install/agt_interfaces/include/agt_interfaces/agt_interfaces/srv/detail/get_navigation_session__struct.hpp
[64.031s] -- Symlinking: /home/yangxuan/agt_navigation_runtime/install/agt_interfaces/include/agt_interfaces/agt_interfaces/srv/detail/get_navigation_session__traits.hpp
[64.042s] -- Symlinking: /home/yangxuan/agt_navigation_runtime/install/agt_interfaces/include/agt_interfaces/agt_interfaces/srv/detail/get_navigation_session__type_support.hpp
[64.053s] -- Symlinking: /home/yangxuan/agt_navigation_runtime/install/agt_interfaces/include/agt_interfaces/agt_interfaces/srv/detail/get_robot_state__builder.hpp
[64.066s] -- Symlinking: /home/yangxuan/agt_navigation_runtime/install/agt_interfaces/include/agt_interfaces/agt_interfaces/srv/detail/get_robot_state__struct.hpp
[64.081s] -- Symlinking: /home/yangxuan/agt_navigation_runtime/install/agt_interfaces/include/agt_interfaces/agt_interfaces/srv/detail/get_robot_state__traits.hpp
[64.092s] -- Symlinking: /home/yangxuan/agt_navigation_runtime/install/agt_interfaces/include/agt_interfaces/agt_interfaces/srv/detail/get_robot_state__type_support.hpp
[64.108s] -- Symlinking: /home/yangxuan/agt_navigation_runtime/install/agt_interfaces/include/agt_interfaces/agt_interfaces/srv/detail/get_system_health__builder.hpp
[64.118s] -- Symlinking: /home/yangxuan/agt_navigation_runtime/install/agt_interfaces/include/agt_interfaces/agt_interfaces/srv/detail/get_system_health__struct.hpp
[64.133s] -- Symlinking: /home/yangxuan/agt_navigation_runtime/install/agt_interfaces/include/agt_interfaces/agt_interfaces/srv/detail/get_system_health__traits.hpp
[64.145s] -- Symlinking: /home/yangxuan/agt_navigation_runtime/install/agt_interfaces/include/agt_interfaces/agt_interfaces/srv/detail/get_system_health__type_support.hpp
[64.157s] -- Symlinking: /home/yangxuan/agt_navigation_runtime/install/agt_interfaces/include/agt_interfaces/agt_interfaces/srv/detail/get_task_group__builder.hpp
[64.173s] -- Symlinking: /home/yangxuan/agt_navigation_runtime/install/agt_interfaces/include/agt_interfaces/agt_interfaces/srv/detail/get_task_group__struct.hpp
[64.188s] -- Symlinking: /home/yangxuan/agt_navigation_runtime/install/agt_interfaces/include/agt_interfaces/agt_interfaces/srv/detail/get_task_group__traits.hpp
[64.200s] -- Symlinking: /home/yangxuan/agt_navigation_runtime/install/agt_interfaces/include/agt_interfaces/agt_interfaces/srv/detail/get_task_group__type_support.hpp
[64.210s] -- Symlinking: /home/yangxuan/agt_navigation_runtime/install/agt_interfaces/include/agt_interfaces/agt_interfaces/srv/detail/list_bag_sessions__builder.hpp
[64.222s] -- Symlinking: /home/yangxuan/agt_navigation_runtime/install/agt_interfaces/include/agt_interfaces/agt_interfaces/srv/detail/list_bag_sessions__struct.hpp
[64.235s] -- Symlinking: /home/yangxuan/agt_navigation_runtime/install/agt_interfaces/include/agt_interfaces/agt_interfaces/srv/detail/list_bag_sessions__traits.hpp
[64.248s] -- Symlinking: /home/yangxuan/agt_navigation_runtime/install/agt_interfaces/include/agt_interfaces/agt_interfaces/srv/detail/list_bag_sessions__type_support.hpp
[64.258s] -- Symlinking: /home/yangxuan/agt_navigation_runtime/install/agt_interfaces/include/agt_interfaces/agt_interfaces/srv/detail/list_experiments__builder.hpp
[64.274s] -- Symlinking: /home/yangxuan/agt_navigation_runtime/install/agt_interfaces/include/agt_interfaces/agt_interfaces/srv/detail/list_experiments__struct.hpp
[64.287s] -- Symlinking: /home/yangxuan/agt_navigation_runtime/install/agt_interfaces/include/agt_interfaces/agt_interfaces/srv/detail/list_experiments__traits.hpp
[64.303s] -- Symlinking: /home/yangxuan/agt_navigation_runtime/install/agt_interfaces/include/agt_interfaces/agt_interfaces/srv/detail/list_experiments__type_support.hpp
[64.316s] -- Symlinking: /home/yangxuan/agt_navigation_runtime/install/agt_interfaces/include/agt_interfaces/agt_interfaces/srv/detail/list_map_versions__builder.hpp
[64.329s] -- Symlinking: /home/yangxuan/agt_navigation_runtime/install/agt_interfaces/include/agt_interfaces/agt_interfaces/srv/detail/list_map_versions__struct.hpp
[64.343s] -- Symlinking: /home/yangxuan/agt_navigation_runtime/install/agt_interfaces/include/agt_interfaces/agt_interfaces/srv/detail/list_map_versions__traits.hpp
[64.353s] -- Symlinking: /home/yangxuan/agt_navigation_runtime/install/agt_interfaces/include/agt_interfaces/agt_interfaces/srv/detail/list_map_versions__type_support.hpp
[64.364s] -- Symlinking: /home/yangxuan/agt_navigation_runtime/install/agt_interfaces/include/agt_interfaces/agt_interfaces/srv/detail/list_task_groups__builder.hpp
[64.377s] -- Symlinking: /home/yangxuan/agt_navigation_runtime/install/agt_interfaces/include/agt_interfaces/agt_interfaces/srv/detail/list_task_groups__struct.hpp
[64.388s] -- Symlinking: /home/yangxuan/agt_navigation_runtime/install/agt_interfaces/include/agt_interfaces/agt_interfaces/srv/detail/list_task_groups__traits.hpp
[64.400s] -- Symlinking: /home/yangxuan/agt_navigation_runtime/install/agt_interfaces/include/agt_interfaces/agt_interfaces/srv/detail/list_task_groups__type_support.hpp
[64.416s] -- Symlinking: /home/yangxuan/agt_navigation_runtime/install/agt_interfaces/include/agt_interfaces/agt_interfaces/srv/detail/manage_bag_session__builder.hpp
[64.428s] -- Symlinking: /home/yangxuan/agt_navigation_runtime/install/agt_interfaces/include/agt_interfaces/agt_interfaces/srv/detail/manage_bag_session__struct.hpp
[64.443s] -- Symlinking: /home/yangxuan/agt_navigation_runtime/install/agt_interfaces/include/agt_interfaces/agt_interfaces/srv/detail/manage_bag_session__traits.hpp
[64.458s] -- Symlinking: /home/yangxuan/agt_navigation_runtime/install/agt_interfaces/include/agt_interfaces/agt_interfaces/srv/detail/manage_bag_session__type_support.hpp
[64.470s] -- Symlinking: /home/yangxuan/agt_navigation_runtime/install/agt_interfaces/include/agt_interfaces/agt_interfaces/srv/detail/manage_map_version__builder.hpp
[64.480s] -- Symlinking: /home/yangxuan/agt_navigation_runtime/install/agt_interfaces/include/agt_interfaces/agt_interfaces/srv/detail/manage_map_version__struct.hpp
[64.491s] -- Symlinking: /home/yangxuan/agt_navigation_runtime/install/agt_interfaces/include/agt_interfaces/agt_interfaces/srv/detail/manage_map_version__traits.hpp
[64.502s] -- Symlinking: /home/yangxuan/agt_navigation_runtime/install/agt_interfaces/include/agt_interfaces/agt_interfaces/srv/detail/manage_map_version__type_support.hpp
[64.513s] -- Symlinking: /home/yangxuan/agt_navigation_runtime/install/agt_interfaces/include/agt_interfaces/agt_interfaces/srv/detail/put_task_group__builder.hpp
[64.524s] -- Symlinking: /home/yangxuan/agt_navigation_runtime/install/agt_interfaces/include/agt_interfaces/agt_interfaces/srv/detail/put_task_group__struct.hpp
[64.538s] -- Symlinking: /home/yangxuan/agt_navigation_runtime/install/agt_interfaces/include/agt_interfaces/agt_interfaces/srv/detail/put_task_group__traits.hpp
[64.551s] -- Symlinking: /home/yangxuan/agt_navigation_runtime/install/agt_interfaces/include/agt_interfaces/agt_interfaces/srv/detail/put_task_group__type_support.hpp
[64.565s] -- Symlinking: /home/yangxuan/agt_navigation_runtime/install/agt_interfaces/include/agt_interfaces/agt_interfaces/srv/detail/set_localization_mode__builder.hpp
[64.579s] -- Symlinking: /home/yangxuan/agt_navigation_runtime/install/agt_interfaces/include/agt_interfaces/agt_interfaces/srv/detail/set_localization_mode__struct.hpp
[64.594s] -- Symlinking: /home/yangxuan/agt_navigation_runtime/install/agt_interfaces/include/agt_interfaces/agt_interfaces/srv/detail/set_localization_mode__traits.hpp
[64.608s] -- Symlinking: /home/yangxuan/agt_navigation_runtime/install/agt_interfaces/include/agt_interfaces/agt_interfaces/srv/detail/set_localization_mode__type_support.hpp
[64.624s] -- Symlinking: /home/yangxuan/agt_navigation_runtime/install/agt_interfaces/include/agt_interfaces/agt_interfaces/srv/detail/set_mission_run_state__builder.hpp
[64.634s] -- Symlinking: /home/yangxuan/agt_navigation_runtime/install/agt_interfaces/include/agt_interfaces/agt_interfaces/srv/detail/set_mission_run_state__struct.hpp
[64.647s] -- Symlinking: /home/yangxuan/agt_navigation_runtime/install/agt_interfaces/include/agt_interfaces/agt_interfaces/srv/detail/set_mission_run_state__traits.hpp
[64.661s] -- Symlinking: /home/yangxuan/agt_navigation_runtime/install/agt_interfaces/include/agt_interfaces/agt_interfaces/srv/detail/set_mission_run_state__type_support.hpp
[64.672s] -- Symlinking: /home/yangxuan/agt_navigation_runtime/install/agt_interfaces/include/agt_interfaces/agt_interfaces/srv/evaluate_task_readiness.hpp
[64.686s] -- Symlinking: /home/yangxuan/agt_navigation_runtime/install/agt_interfaces/include/agt_interfaces/agt_interfaces/srv/get_navigation_session.hpp
[64.697s] -- Symlinking: /home/yangxuan/agt_navigation_runtime/install/agt_interfaces/include/agt_interfaces/agt_interfaces/srv/get_robot_state.hpp
[64.711s] -- Symlinking: /home/yangxuan/agt_navigation_runtime/install/agt_interfaces/include/agt_interfaces/agt_interfaces/srv/get_system_health.hpp
[64.721s] -- Symlinking: /home/yangxuan/agt_navigation_runtime/install/agt_interfaces/include/agt_interfaces/agt_interfaces/srv/get_task_group.hpp
[64.731s] -- Symlinking: /home/yangxuan/agt_navigation_runtime/install/agt_interfaces/include/agt_interfaces/agt_interfaces/srv/list_bag_sessions.hpp
[64.742s] -- Symlinking: /home/yangxuan/agt_navigation_runtime/install/agt_interfaces/include/agt_interfaces/agt_interfaces/srv/list_experiments.hpp
[64.756s] -- Symlinking: /home/yangxuan/agt_navigation_runtime/install/agt_interfaces/include/agt_interfaces/agt_interfaces/srv/list_map_versions.hpp
[64.769s] -- Symlinking: /home/yangxuan/agt_navigation_runtime/install/agt_interfaces/include/agt_interfaces/agt_interfaces/srv/list_task_groups.hpp
[64.779s] -- Symlinking: /home/yangxuan/agt_navigation_runtime/install/agt_interfaces/include/agt_interfaces/agt_interfaces/srv/manage_bag_session.hpp
[64.789s] -- Symlinking: /home/yangxuan/agt_navigation_runtime/install/agt_interfaces/include/agt_interfaces/agt_interfaces/srv/manage_map_version.hpp
[64.804s] -- Symlinking: /home/yangxuan/agt_navigation_runtime/install/agt_interfaces/include/agt_interfaces/agt_interfaces/srv/put_task_group.hpp
[64.814s] -- Symlinking: /home/yangxuan/agt_navigation_runtime/install/agt_interfaces/include/agt_interfaces/agt_interfaces/srv/set_localization_mode.hpp
[64.826s] -- Symlinking: /home/yangxuan/agt_navigation_runtime/install/agt_interfaces/include/agt_interfaces/agt_interfaces/srv/set_mission_run_state.hpp
[64.838s] -- Symlinking: /home/yangxuan/agt_navigation_runtime/install/agt_interfaces/include/agt_interfaces/agt_interfaces/action/detail/change_system_mode__rosidl_typesupport_fastrtps_cpp.hpp
[64.852s] -- Symlinking: /home/yangxuan/agt_navigation_runtime/install/agt_interfaces/include/agt_interfaces/agt_interfaces/action/detail/execute_behavior_tree__rosidl_typesupport_fastrtps_cpp.hpp
[64.868s] -- Symlinking: /home/yangxuan/agt_navigation_runtime/install/agt_interfaces/include/agt_interfaces/agt_interfaces/action/detail/execute_coverage_task__rosidl_typesupport_fastrtps_cpp.hpp
[64.879s] -- Symlinking: /home/yangxuan/agt_navigation_runtime/install/agt_interfaces/include/agt_interfaces/agt_interfaces/action/detail/execute_mission__rosidl_typesupport_fastrtps_cpp.hpp
[64.890s] -- Symlinking: /home/yangxuan/agt_navigation_runtime/install/agt_interfaces/include/agt_interfaces/agt_interfaces/action/detail/execute_waypoint_task__rosidl_typesupport_fastrtps_cpp.hpp
[64.908s] -- Symlinking: /home/yangxuan/agt_navigation_runtime/install/agt_interfaces/include/agt_interfaces/agt_interfaces/action/detail/manage_mapping_session__rosidl_typesupport_fastrtps_cpp.hpp
[64.921s] -- Symlinking: /home/yangxuan/agt_navigation_runtime/install/agt_interfaces/include/agt_interfaces/agt_interfaces/action/detail/optimize_map__rosidl_typesupport_fastrtps_cpp.hpp
[64.935s] -- Symlinking: /home/yangxuan/agt_navigation_runtime/install/agt_interfaces/include/agt_interfaces/agt_interfaces/action/detail/relocalize__rosidl_typesupport_fastrtps_cpp.hpp
[64.952s] -- Symlinking: /home/yangxuan/agt_navigation_runtime/install/agt_interfaces/include/agt_interfaces/agt_interfaces/msg/detail/bag_session_summary__rosidl_typesupport_fastrtps_cpp.hpp
[64.963s] -- Symlinking: /home/yangxuan/agt_navigation_runtime/install/agt_interfaces/include/agt_interfaces/agt_interfaces/msg/detail/component_health__rosidl_typesupport_fastrtps_cpp.hpp
[64.979s] -- Symlinking: /home/yangxuan/agt_navigation_runtime/install/agt_interfaces/include/agt_interfaces/agt_interfaces/msg/detail/experiment_summary__rosidl_typesupport_fastrtps_cpp.hpp
[64.993s] -- Symlinking: /home/yangxuan/agt_navigation_runtime/install/agt_interfaces/include/agt_interfaces/agt_interfaces/msg/detail/localization_status__rosidl_typesupport_fastrtps_cpp.hpp
[65.005s] -- Symlinking: /home/yangxuan/agt_navigation_runtime/install/agt_interfaces/include/agt_interfaces/agt_interfaces/msg/detail/map_version_summary__rosidl_typesupport_fastrtps_cpp.hpp
[65.018s] -- Symlinking: /home/yangxuan/agt_navigation_runtime/install/agt_interfaces/include/agt_interfaces/agt_interfaces/msg/detail/mission_event__rosidl_typesupport_fastrtps_cpp.hpp
[65.031s] -- Symlinking: /home/yangxuan/agt_navigation_runtime/install/agt_interfaces/include/agt_interfaces/agt_interfaces/msg/detail/mission_status__rosidl_typesupport_fastrtps_cpp.hpp
[65.044s] -- Symlinking: /home/yangxuan/agt_navigation_runtime/install/agt_interfaces/include/agt_interfaces/agt_interfaces/msg/detail/navigation_session_status__rosidl_typesupport_fastrtps_cpp.hpp
[65.057s] -- Symlinking: /home/yangxuan/agt_navigation_runtime/install/agt_interfaces/include/agt_interfaces/agt_interfaces/msg/detail/robot_state__rosidl_typesupport_fastrtps_cpp.hpp
[65.070s] -- Symlinking: /home/yangxuan/agt_navigation_runtime/install/agt_interfaces/include/agt_interfaces/agt_interfaces/msg/detail/semantic_waypoint__rosidl_typesupport_fastrtps_cpp.hpp
[65.083s] -- Symlinking: /home/yangxuan/agt_navigation_runtime/install/agt_interfaces/include/agt_interfaces/agt_interfaces/msg/detail/semantic_waypoint_array__rosidl_typesupport_fastrtps_cpp.hpp
[65.096s] -- Symlinking: /home/yangxuan/agt_navigation_runtime/install/agt_interfaces/include/agt_interfaces/agt_interfaces/msg/detail/system_health__rosidl_typesupport_fastrtps_cpp.hpp
[65.110s] -- Symlinking: /home/yangxuan/agt_navigation_runtime/install/agt_interfaces/include/agt_interfaces/agt_interfaces/msg/detail/task_readiness__rosidl_typesupport_fastrtps_cpp.hpp
[65.122s] -- Symlinking: /home/yangxuan/agt_navigation_runtime/install/agt_interfaces/include/agt_interfaces/agt_interfaces/msg/rosidl_typesupport_fastrtps_cpp__visibility_control.h
[65.135s] -- Symlinking: /home/yangxuan/agt_navigation_runtime/install/agt_interfaces/include/agt_interfaces/agt_interfaces/srv/detail/activate_map_version__rosidl_typesupport_fastrtps_cpp.hpp
[65.151s] -- Symlinking: /home/yangxuan/agt_navigation_runtime/install/agt_interfaces/include/agt_interfaces/agt_interfaces/srv/detail/archive_task_group__rosidl_typesupport_fastrtps_cpp.hpp
[65.165s] -- Symlinking: /home/yangxuan/agt_navigation_runtime/install/agt_interfaces/include/agt_interfaces/agt_interfaces/srv/detail/evaluate_task_readiness__rosidl_typesupport_fastrtps_cpp.hpp
[65.179s] -- Symlinking: /home/yangxuan/agt_navigation_runtime/install/agt_interfaces/include/agt_interfaces/agt_interfaces/srv/detail/get_navigation_session__rosidl_typesupport_fastrtps_cpp.hpp
[65.191s] -- Symlinking: /home/yangxuan/agt_navigation_runtime/install/agt_interfaces/include/agt_interfaces/agt_interfaces/srv/detail/get_robot_state__rosidl_typesupport_fastrtps_cpp.hpp
[65.206s] -- Symlinking: /home/yangxuan/agt_navigation_runtime/install/agt_interfaces/include/agt_interfaces/agt_interfaces/srv/detail/get_system_health__rosidl_typesupport_fastrtps_cpp.hpp
[65.220s] -- Symlinking: /home/yangxuan/agt_navigation_runtime/install/agt_interfaces/include/agt_interfaces/agt_interfaces/srv/detail/get_task_group__rosidl_typesupport_fastrtps_cpp.hpp
[65.230s] -- Symlinking: /home/yangxuan/agt_navigation_runtime/install/agt_interfaces/include/agt_interfaces/agt_interfaces/srv/detail/list_bag_sessions__rosidl_typesupport_fastrtps_cpp.hpp
[65.252s] -- Symlinking: /home/yangxuan/agt_navigation_runtime/install/agt_interfaces/include/agt_interfaces/agt_interfaces/srv/detail/list_experiments__rosidl_typesupport_fastrtps_cpp.hpp
[65.263s] -- Symlinking: /home/yangxuan/agt_navigation_runtime/install/agt_interfaces/include/agt_interfaces/agt_interfaces/srv/detail/list_map_versions__rosidl_typesupport_fastrtps_cpp.hpp
[65.275s] -- Symlinking: /home/yangxuan/agt_navigation_runtime/install/agt_interfaces/include/agt_interfaces/agt_interfaces/srv/detail/list_task_groups__rosidl_typesupport_fastrtps_cpp.hpp
[65.287s] -- Symlinking: /home/yangxuan/agt_navigation_runtime/install/agt_interfaces/include/agt_interfaces/agt_interfaces/srv/detail/manage_bag_session__rosidl_typesupport_fastrtps_cpp.hpp
[65.303s] -- Symlinking: /home/yangxuan/agt_navigation_runtime/install/agt_interfaces/include/agt_interfaces/agt_interfaces/srv/detail/manage_map_version__rosidl_typesupport_fastrtps_cpp.hpp
[65.320s] -- Symlinking: /home/yangxuan/agt_navigation_runtime/install/agt_interfaces/include/agt_interfaces/agt_interfaces/srv/detail/put_task_group__rosidl_typesupport_fastrtps_cpp.hpp
[65.337s] -- Symlinking: /home/yangxuan/agt_navigation_runtime/install/agt_interfaces/include/agt_interfaces/agt_interfaces/srv/detail/set_localization_mode__rosidl_typesupport_fastrtps_cpp.hpp
[65.350s] -- Symlinking: /home/yangxuan/agt_navigation_runtime/install/agt_interfaces/include/agt_interfaces/agt_interfaces/srv/detail/set_mission_run_state__rosidl_typesupport_fastrtps_cpp.hpp
[65.363s] -- Symlinking: /home/yangxuan/agt_navigation_runtime/install/agt_interfaces/include/agt_interfaces/agt_interfaces/action/detail/change_system_mode__rosidl_typesupport_introspection_c.h
[65.379s] -- Symlinking: /home/yangxuan/agt_navigation_runtime/install/agt_interfaces/include/agt_interfaces/agt_interfaces/action/detail/execute_behavior_tree__rosidl_typesupport_introspection_c.h
[65.395s] -- Symlinking: /home/yangxuan/agt_navigation_runtime/install/agt_interfaces/include/agt_interfaces/agt_interfaces/action/detail/execute_coverage_task__rosidl_typesupport_introspection_c.h
[65.412s] -- Symlinking: /home/yangxuan/agt_navigation_runtime/install/agt_interfaces/include/agt_interfaces/agt_interfaces/action/detail/execute_mission__rosidl_typesupport_introspection_c.h
[65.423s] -- Symlinking: /home/yangxuan/agt_navigation_runtime/install/agt_interfaces/include/agt_interfaces/agt_interfaces/action/detail/execute_waypoint_task__rosidl_typesupport_introspection_c.h
[65.439s] -- Symlinking: /home/yangxuan/agt_navigation_runtime/install/agt_interfaces/include/agt_interfaces/agt_interfaces/action/detail/manage_mapping_session__rosidl_typesupport_introspection_c.h
[65.452s] -- Symlinking: /home/yangxuan/agt_navigation_runtime/install/agt_interfaces/include/agt_interfaces/agt_interfaces/action/detail/optimize_map__rosidl_typesupport_introspection_c.h
[65.467s] -- Symlinking: /home/yangxuan/agt_navigation_runtime/install/agt_interfaces/include/agt_interfaces/agt_interfaces/action/detail/relocalize__rosidl_typesupport_introspection_c.h
[65.479s] -- Symlinking: /home/yangxuan/agt_navigation_runtime/install/agt_interfaces/include/agt_interfaces/agt_interfaces/msg/detail/bag_session_summary__rosidl_typesupport_introspection_c.h
[65.495s] -- Symlinking: /home/yangxuan/agt_navigation_runtime/install/agt_interfaces/include/agt_interfaces/agt_interfaces/msg/detail/component_health__rosidl_typesupport_introspection_c.h
[65.508s] -- Symlinking: /home/yangxuan/agt_navigation_runtime/install/agt_interfaces/include/agt_interfaces/agt_interfaces/msg/detail/experiment_summary__rosidl_typesupport_introspection_c.h
[65.520s] -- Symlinking: /home/yangxuan/agt_navigation_runtime/install/agt_interfaces/include/agt_interfaces/agt_interfaces/msg/detail/localization_status__rosidl_typesupport_introspection_c.h
[65.532s] -- Symlinking: /home/yangxuan/agt_navigation_runtime/install/agt_interfaces/include/agt_interfaces/agt_interfaces/msg/detail/map_version_summary__rosidl_typesupport_introspection_c.h
[65.545s] -- Symlinking: /home/yangxuan/agt_navigation_runtime/install/agt_interfaces/include/agt_interfaces/agt_interfaces/msg/detail/mission_event__rosidl_typesupport_introspection_c.h
[65.561s] -- Symlinking: /home/yangxuan/agt_navigation_runtime/install/agt_interfaces/include/agt_interfaces/agt_interfaces/msg/detail/mission_status__rosidl_typesupport_introspection_c.h
[65.577s] -- Symlinking: /home/yangxuan/agt_navigation_runtime/install/agt_interfaces/include/agt_interfaces/agt_interfaces/msg/detail/navigation_session_status__rosidl_typesupport_introspection_c.h
[65.588s] -- Symlinking: /home/yangxuan/agt_navigation_runtime/install/agt_interfaces/include/agt_interfaces/agt_interfaces/msg/detail/robot_state__rosidl_typesupport_introspection_c.h
[65.604s] -- Symlinking: /home/yangxuan/agt_navigation_runtime/install/agt_interfaces/include/agt_interfaces/agt_interfaces/msg/detail/semantic_waypoint__rosidl_typesupport_introspection_c.h
[65.620s] -- Symlinking: /home/yangxuan/agt_navigation_runtime/install/agt_interfaces/include/agt_interfaces/agt_interfaces/msg/detail/semantic_waypoint_array__rosidl_typesupport_introspection_c.h
[65.635s] -- Symlinking: /home/yangxuan/agt_navigation_runtime/install/agt_interfaces/include/agt_interfaces/agt_interfaces/msg/detail/system_health__rosidl_typesupport_introspection_c.h
[65.648s] -- Symlinking: /home/yangxuan/agt_navigation_runtime/install/agt_interfaces/include/agt_interfaces/agt_interfaces/msg/detail/task_readiness__rosidl_typesupport_introspection_c.h
[65.662s] -- Symlinking: /home/yangxuan/agt_navigation_runtime/install/agt_interfaces/include/agt_interfaces/agt_interfaces/msg/rosidl_typesupport_introspection_c__visibility_control.h
[65.678s] -- Symlinking: /home/yangxuan/agt_navigation_runtime/install/agt_interfaces/include/agt_interfaces/agt_interfaces/srv/detail/activate_map_version__rosidl_typesupport_introspection_c.h
[65.692s] -- Symlinking: /home/yangxuan/agt_navigation_runtime/install/agt_interfaces/include/agt_interfaces/agt_interfaces/srv/detail/archive_task_group__rosidl_typesupport_introspection_c.h
[65.708s] -- Symlinking: /home/yangxuan/agt_navigation_runtime/install/agt_interfaces/include/agt_interfaces/agt_interfaces/srv/detail/evaluate_task_readiness__rosidl_typesupport_introspection_c.h
[65.723s] -- Symlinking: /home/yangxuan/agt_navigation_runtime/install/agt_interfaces/include/agt_interfaces/agt_interfaces/srv/detail/get_navigation_session__rosidl_typesupport_introspection_c.h
[65.734s] -- Symlinking: /home/yangxuan/agt_navigation_runtime/install/agt_interfaces/include/agt_interfaces/agt_interfaces/srv/detail/get_robot_state__rosidl_typesupport_introspection_c.h
[65.746s] -- Symlinking: /home/yangxuan/agt_navigation_runtime/install/agt_interfaces/include/agt_interfaces/agt_interfaces/srv/detail/get_system_health__rosidl_typesupport_introspection_c.h
[65.760s] -- Symlinking: /home/yangxuan/agt_navigation_runtime/install/agt_interfaces/include/agt_interfaces/agt_interfaces/srv/detail/get_task_group__rosidl_typesupport_introspection_c.h
[65.772s] -- Symlinking: /home/yangxuan/agt_navigation_runtime/install/agt_interfaces/include/agt_interfaces/agt_interfaces/srv/detail/list_bag_sessions__rosidl_typesupport_introspection_c.h
[65.783s] -- Symlinking: /home/yangxuan/agt_navigation_runtime/install/agt_interfaces/include/agt_interfaces/agt_interfaces/srv/detail/list_experiments__rosidl_typesupport_introspection_c.h
[65.795s] -- Symlinking: /home/yangxuan/agt_navigation_runtime/install/agt_interfaces/include/agt_interfaces/agt_interfaces/srv/detail/list_map_versions__rosidl_typesupport_introspection_c.h
[65.811s] -- Symlinking: /home/yangxuan/agt_navigation_runtime/install/agt_interfaces/include/agt_interfaces/agt_interfaces/srv/detail/list_task_groups__rosidl_typesupport_introspection_c.h
[65.823s] -- Symlinking: /home/yangxuan/agt_navigation_runtime/install/agt_interfaces/include/agt_interfaces/agt_interfaces/srv/detail/manage_bag_session__rosidl_typesupport_introspection_c.h
[65.835s] -- Symlinking: /home/yangxuan/agt_navigation_runtime/install/agt_interfaces/include/agt_interfaces/agt_interfaces/srv/detail/manage_map_version__rosidl_typesupport_introspection_c.h
[65.850s] -- Symlinking: /home/yangxuan/agt_navigation_runtime/install/agt_interfaces/include/agt_interfaces/agt_interfaces/srv/detail/put_task_group__rosidl_typesupport_introspection_c.h
[65.865s] -- Symlinking: /home/yangxuan/agt_navigation_runtime/install/agt_interfaces/include/agt_interfaces/agt_interfaces/srv/detail/set_localization_mode__rosidl_typesupport_introspection_c.h
[65.881s] -- Symlinking: /home/yangxuan/agt_navigation_runtime/install/agt_interfaces/include/agt_interfaces/agt_interfaces/srv/detail/set_mission_run_state__rosidl_typesupport_introspection_c.h
[65.897s] -- Symlinking: /home/yangxuan/agt_navigation_runtime/install/agt_interfaces/include/agt_interfaces/agt_interfaces/action/detail/change_system_mode__rosidl_typesupport_introspection_cpp.hpp
[65.908s] -- Symlinking: /home/yangxuan/agt_navigation_runtime/install/agt_interfaces/include/agt_interfaces/agt_interfaces/action/detail/execute_behavior_tree__rosidl_typesupport_introspection_cpp.hpp
[65.918s] -- Symlinking: /home/yangxuan/agt_navigation_runtime/install/agt_interfaces/include/agt_interfaces/agt_interfaces/action/detail/execute_coverage_task__rosidl_typesupport_introspection_cpp.hpp
[65.929s] -- Symlinking: /home/yangxuan/agt_navigation_runtime/install/agt_interfaces/include/agt_interfaces/agt_interfaces/action/detail/execute_mission__rosidl_typesupport_introspection_cpp.hpp
[65.945s] -- Symlinking: /home/yangxuan/agt_navigation_runtime/install/agt_interfaces/include/agt_interfaces/agt_interfaces/action/detail/execute_waypoint_task__rosidl_typesupport_introspection_cpp.hpp
[65.960s] -- Symlinking: /home/yangxuan/agt_navigation_runtime/install/agt_interfaces/include/agt_interfaces/agt_interfaces/action/detail/manage_mapping_session__rosidl_typesupport_introspection_cpp.hpp
[65.975s] -- Symlinking: /home/yangxuan/agt_navigation_runtime/install/agt_interfaces/include/agt_interfaces/agt_interfaces/action/detail/optimize_map__rosidl_typesupport_introspection_cpp.hpp
[65.990s] -- Symlinking: /home/yangxuan/agt_navigation_runtime/install/agt_interfaces/include/agt_interfaces/agt_interfaces/action/detail/relocalize__rosidl_typesupport_introspection_cpp.hpp
[66.000s] -- Symlinking: /home/yangxuan/agt_navigation_runtime/install/agt_interfaces/include/agt_interfaces/agt_interfaces/msg/detail/bag_session_summary__rosidl_typesupport_introspection_cpp.hpp
[66.016s] -- Symlinking: /home/yangxuan/agt_navigation_runtime/install/agt_interfaces/include/agt_interfaces/agt_interfaces/msg/detail/component_health__rosidl_typesupport_introspection_cpp.hpp
[66.032s] -- Symlinking: /home/yangxuan/agt_navigation_runtime/install/agt_interfaces/include/agt_interfaces/agt_interfaces/msg/detail/experiment_summary__rosidl_typesupport_introspection_cpp.hpp
[66.047s] -- Symlinking: /home/yangxuan/agt_navigation_runtime/install/agt_interfaces/include/agt_interfaces/agt_interfaces/msg/detail/localization_status__rosidl_typesupport_introspection_cpp.hpp
[66.063s] -- Symlinking: /home/yangxuan/agt_navigation_runtime/install/agt_interfaces/include/agt_interfaces/agt_interfaces/msg/detail/map_version_summary__rosidl_typesupport_introspection_cpp.hpp
[66.073s] -- Symlinking: /home/yangxuan/agt_navigation_runtime/install/agt_interfaces/include/agt_interfaces/agt_interfaces/msg/detail/mission_event__rosidl_typesupport_introspection_cpp.hpp
[66.087s] -- Symlinking: /home/yangxuan/agt_navigation_runtime/install/agt_interfaces/include/agt_interfaces/agt_interfaces/msg/detail/mission_status__rosidl_typesupport_introspection_cpp.hpp
[66.102s] -- Symlinking: /home/yangxuan/agt_navigation_runtime/install/agt_interfaces/include/agt_interfaces/agt_interfaces/msg/detail/navigation_session_status__rosidl_typesupport_introspection_cpp.hpp
[66.118s] -- Symlinking: /home/yangxuan/agt_navigation_runtime/install/agt_interfaces/include/agt_interfaces/agt_interfaces/msg/detail/robot_state__rosidl_typesupport_introspection_cpp.hpp
[66.131s] -- Symlinking: /home/yangxuan/agt_navigation_runtime/install/agt_interfaces/include/agt_interfaces/agt_interfaces/msg/detail/semantic_waypoint__rosidl_typesupport_introspection_cpp.hpp
[66.142s] -- Symlinking: /home/yangxuan/agt_navigation_runtime/install/agt_interfaces/include/agt_interfaces/agt_interfaces/msg/detail/semantic_waypoint_array__rosidl_typesupport_introspection_cpp.hpp
[66.154s] -- Symlinking: /home/yangxuan/agt_navigation_runtime/install/agt_interfaces/include/agt_interfaces/agt_interfaces/msg/detail/system_health__rosidl_typesupport_introspection_cpp.hpp
[66.164s] -- Symlinking: /home/yangxuan/agt_navigation_runtime/install/agt_interfaces/include/agt_interfaces/agt_interfaces/msg/detail/task_readiness__rosidl_typesupport_introspection_cpp.hpp
[66.180s] -- Symlinking: /home/yangxuan/agt_navigation_runtime/install/agt_interfaces/include/agt_interfaces/agt_interfaces/srv/detail/activate_map_version__rosidl_typesupport_introspection_cpp.hpp
[66.196s] -- Symlinking: /home/yangxuan/agt_navigation_runtime/install/agt_interfaces/include/agt_interfaces/agt_interfaces/srv/detail/archive_task_group__rosidl_typesupport_introspection_cpp.hpp
[66.212s] -- Symlinking: /home/yangxuan/agt_navigation_runtime/install/agt_interfaces/include/agt_interfaces/agt_interfaces/srv/detail/evaluate_task_readiness__rosidl_typesupport_introspection_cpp.hpp
[66.228s] -- Symlinking: /home/yangxuan/agt_navigation_runtime/install/agt_interfaces/include/agt_interfaces/agt_interfaces/srv/detail/get_navigation_session__rosidl_typesupport_introspection_cpp.hpp
[66.238s] -- Symlinking: /home/yangxuan/agt_navigation_runtime/install/agt_interfaces/include/agt_interfaces/agt_interfaces/srv/detail/get_robot_state__rosidl_typesupport_introspection_cpp.hpp
[66.255s] -- Symlinking: /home/yangxuan/agt_navigation_runtime/install/agt_interfaces/include/agt_interfaces/agt_interfaces/srv/detail/get_system_health__rosidl_typesupport_introspection_cpp.hpp
[66.270s] -- Symlinking: /home/yangxuan/agt_navigation_runtime/install/agt_interfaces/include/agt_interfaces/agt_interfaces/srv/detail/get_task_group__rosidl_typesupport_introspection_cpp.hpp
[66.285s] -- Symlinking: /home/yangxuan/agt_navigation_runtime/install/agt_interfaces/include/agt_interfaces/agt_interfaces/srv/detail/list_bag_sessions__rosidl_typesupport_introspection_cpp.hpp
[66.299s] -- Symlinking: /home/yangxuan/agt_navigation_runtime/install/agt_interfaces/include/agt_interfaces/agt_interfaces/srv/detail/list_experiments__rosidl_typesupport_introspection_cpp.hpp
[66.316s] -- Symlinking: /home/yangxuan/agt_navigation_runtime/install/agt_interfaces/include/agt_interfaces/agt_interfaces/srv/detail/list_map_versions__rosidl_typesupport_introspection_cpp.hpp
[66.331s] -- Symlinking: /home/yangxuan/agt_navigation_runtime/install/agt_interfaces/include/agt_interfaces/agt_interfaces/srv/detail/list_task_groups__rosidl_typesupport_introspection_cpp.hpp
[66.343s] -- Symlinking: /home/yangxuan/agt_navigation_runtime/install/agt_interfaces/include/agt_interfaces/agt_interfaces/srv/detail/manage_bag_session__rosidl_typesupport_introspection_cpp.hpp
[66.354s] -- Symlinking: /home/yangxuan/agt_navigation_runtime/install/agt_interfaces/include/agt_interfaces/agt_interfaces/srv/detail/manage_map_version__rosidl_typesupport_introspection_cpp.hpp
[66.369s] -- Symlinking: /home/yangxuan/agt_navigation_runtime/install/agt_interfaces/include/agt_interfaces/agt_interfaces/srv/detail/put_task_group__rosidl_typesupport_introspection_cpp.hpp
[66.383s] -- Symlinking: /home/yangxuan/agt_navigation_runtime/install/agt_interfaces/include/agt_interfaces/agt_interfaces/srv/detail/set_localization_mode__rosidl_typesupport_introspection_cpp.hpp
[66.396s] -- Symlinking: /home/yangxuan/agt_navigation_runtime/install/agt_interfaces/include/agt_interfaces/agt_interfaces/srv/detail/set_mission_run_state__rosidl_typesupport_introspection_cpp.hpp
[66.411s] -- Symlinking: /home/yangxuan/agt_navigation_runtime/install/agt_interfaces/share/agt_interfaces/environment/pythonpath.sh
[66.427s] -- Symlinking: /home/yangxuan/agt_navigation_runtime/install/agt_interfaces/share/agt_interfaces/environment/pythonpath.dsv
[66.443s] -- Symlinking: /home/yangxuan/agt_navigation_runtime/install/agt_interfaces/local/lib/python3.10/dist-packages/agt_interfaces-0.1.0-py3.10.egg-info/PKG-INFO
[66.455s] -- Symlinking: /home/yangxuan/agt_navigation_runtime/install/agt_interfaces/local/lib/python3.10/dist-packages/agt_interfaces-0.1.0-py3.10.egg-info/SOURCES.txt
[66.465s] -- Symlinking: /home/yangxuan/agt_navigation_runtime/install/agt_interfaces/local/lib/python3.10/dist-packages/agt_interfaces-0.1.0-py3.10.egg-info/dependency_links.txt
[66.476s] -- Symlinking: /home/yangxuan/agt_navigation_runtime/install/agt_interfaces/local/lib/python3.10/dist-packages/agt_interfaces-0.1.0-py3.10.egg-info/top_level.txt
[66.491s] -- Symlinking: /home/yangxuan/agt_navigation_runtime/install/agt_interfaces/local/lib/python3.10/dist-packages/agt_interfaces/__init__.py
[66.505s] -- Symlinking: /home/yangxuan/agt_navigation_runtime/install/agt_interfaces/local/lib/python3.10/dist-packages/agt_interfaces/_agt_interfaces_s.ep.rosidl_typesupport_c.c
[66.520s] -- Symlinking: /home/yangxuan/agt_navigation_runtime/install/agt_interfaces/local/lib/python3.10/dist-packages/agt_interfaces/_agt_interfaces_s.ep.rosidl_typesupport_fastrtps_c.c
[66.528s] -- Symlinking: /home/yangxuan/agt_navigation_runtime/install/agt_interfaces/local/lib/python3.10/dist-packages/agt_interfaces/_agt_interfaces_s.ep.rosidl_typesupport_introspection_c.c
[66.543s] -- Symlinking: /home/yangxuan/agt_navigation_runtime/install/agt_interfaces/local/lib/python3.10/dist-packages/agt_interfaces/action/__init__.py
[66.557s] -- Symlinking: /home/yangxuan/agt_navigation_runtime/install/agt_interfaces/local/lib/python3.10/dist-packages/agt_interfaces/action/_change_system_mode.py
[66.569s] -- Symlinking: /home/yangxuan/agt_navigation_runtime/install/agt_interfaces/local/lib/python3.10/dist-packages/agt_interfaces/action/_change_system_mode_s.c
[66.582s] -- Symlinking: /home/yangxuan/agt_navigation_runtime/install/agt_interfaces/local/lib/python3.10/dist-packages/agt_interfaces/action/_execute_behavior_tree.py
[66.591s] -- Symlinking: /home/yangxuan/agt_navigation_runtime/install/agt_interfaces/local/lib/python3.10/dist-packages/agt_interfaces/action/_execute_behavior_tree_s.c
[66.602s] -- Symlinking: /home/yangxuan/agt_navigation_runtime/install/agt_interfaces/local/lib/python3.10/dist-packages/agt_interfaces/action/_execute_coverage_task.py
[66.611s] -- Symlinking: /home/yangxuan/agt_navigation_runtime/install/agt_interfaces/local/lib/python3.10/dist-packages/agt_interfaces/action/_execute_coverage_task_s.c
[66.627s] -- Symlinking: /home/yangxuan/agt_navigation_runtime/install/agt_interfaces/local/lib/python3.10/dist-packages/agt_interfaces/action/_execute_mission.py
[66.642s] -- Symlinking: /home/yangxuan/agt_navigation_runtime/install/agt_interfaces/local/lib/python3.10/dist-packages/agt_interfaces/action/_execute_mission_s.c
[66.657s] -- Symlinking: /home/yangxuan/agt_navigation_runtime/install/agt_interfaces/local/lib/python3.10/dist-packages/agt_interfaces/action/_execute_waypoint_task.py
[66.666s] -- Symlinking: /home/yangxuan/agt_navigation_runtime/install/agt_interfaces/local/lib/python3.10/dist-packages/agt_interfaces/action/_execute_waypoint_task_s.c
[66.680s] -- Symlinking: /home/yangxuan/agt_navigation_runtime/install/agt_interfaces/local/lib/python3.10/dist-packages/agt_interfaces/action/_manage_mapping_session.py
[66.695s] -- Symlinking: /home/yangxuan/agt_navigation_runtime/install/agt_interfaces/local/lib/python3.10/dist-packages/agt_interfaces/action/_manage_mapping_session_s.c
[66.704s] -- Symlinking: /home/yangxuan/agt_navigation_runtime/install/agt_interfaces/local/lib/python3.10/dist-packages/agt_interfaces/action/_optimize_map.py
[66.715s] -- Symlinking: /home/yangxuan/agt_navigation_runtime/install/agt_interfaces/local/lib/python3.10/dist-packages/agt_interfaces/action/_optimize_map_s.c
[66.724s] -- Symlinking: /home/yangxuan/agt_navigation_runtime/install/agt_interfaces/local/lib/python3.10/dist-packages/agt_interfaces/action/_relocalize.py
[66.736s] -- Symlinking: /home/yangxuan/agt_navigation_runtime/install/agt_interfaces/local/lib/python3.10/dist-packages/agt_interfaces/action/_relocalize_s.c
[66.745s] -- Symlinking: /home/yangxuan/agt_navigation_runtime/install/agt_interfaces/local/lib/python3.10/dist-packages/agt_interfaces/agt_interfaces_s__rosidl_typesupport_c.cpython-310-x86_64-linux-gnu.so
[66.755s] -- Symlinking: /home/yangxuan/agt_navigation_runtime/install/agt_interfaces/local/lib/python3.10/dist-packages/agt_interfaces/agt_interfaces_s__rosidl_typesupport_fastrtps_c.cpython-310-x86_64-linux-gnu.so
[66.764s] -- Symlinking: /home/yangxuan/agt_navigation_runtime/install/agt_interfaces/local/lib/python3.10/dist-packages/agt_interfaces/agt_interfaces_s__rosidl_typesupport_introspection_c.cpython-310-x86_64-linux-gnu.so
[66.778s] -- Symlinking: /home/yangxuan/agt_navigation_runtime/install/agt_interfaces/local/lib/python3.10/dist-packages/agt_interfaces/libagt_interfaces__rosidl_generator_py.so
[66.787s] -- Symlinking: /home/yangxuan/agt_navigation_runtime/install/agt_interfaces/local/lib/python3.10/dist-packages/agt_interfaces/msg/__init__.py
[66.798s] -- Symlinking: /home/yangxuan/agt_navigation_runtime/install/agt_interfaces/local/lib/python3.10/dist-packages/agt_interfaces/msg/_bag_session_summary.py
[66.808s] -- Symlinking: /home/yangxuan/agt_navigation_runtime/install/agt_interfaces/local/lib/python3.10/dist-packages/agt_interfaces/msg/_bag_session_summary_s.c
[66.817s] -- Symlinking: /home/yangxuan/agt_navigation_runtime/install/agt_interfaces/local/lib/python3.10/dist-packages/agt_interfaces/msg/_component_health.py
[66.832s] -- Symlinking: /home/yangxuan/agt_navigation_runtime/install/agt_interfaces/local/lib/python3.10/dist-packages/agt_interfaces/msg/_component_health_s.c
[66.845s] -- Symlinking: /home/yangxuan/agt_navigation_runtime/install/agt_interfaces/local/lib/python3.10/dist-packages/agt_interfaces/msg/_experiment_summary.py
[66.859s] -- Symlinking: /home/yangxuan/agt_navigation_runtime/install/agt_interfaces/local/lib/python3.10/dist-packages/agt_interfaces/msg/_experiment_summary_s.c
[66.868s] -- Symlinking: /home/yangxuan/agt_navigation_runtime/install/agt_interfaces/local/lib/python3.10/dist-packages/agt_interfaces/msg/_localization_status.py
[66.881s] -- Symlinking: /home/yangxuan/agt_navigation_runtime/install/agt_interfaces/local/lib/python3.10/dist-packages/agt_interfaces/msg/_localization_status_s.c
[66.894s] -- Symlinking: /home/yangxuan/agt_navigation_runtime/install/agt_interfaces/local/lib/python3.10/dist-packages/agt_interfaces/msg/_map_version_summary.py
[66.906s] -- Symlinking: /home/yangxuan/agt_navigation_runtime/install/agt_interfaces/local/lib/python3.10/dist-packages/agt_interfaces/msg/_map_version_summary_s.c
[66.917s] -- Symlinking: /home/yangxuan/agt_navigation_runtime/install/agt_interfaces/local/lib/python3.10/dist-packages/agt_interfaces/msg/_mission_event.py
[66.931s] -- Symlinking: /home/yangxuan/agt_navigation_runtime/install/agt_interfaces/local/lib/python3.10/dist-packages/agt_interfaces/msg/_mission_event_s.c
[66.940s] -- Symlinking: /home/yangxuan/agt_navigation_runtime/install/agt_interfaces/local/lib/python3.10/dist-packages/agt_interfaces/msg/_mission_status.py
[66.954s] -- Symlinking: /home/yangxuan/agt_navigation_runtime/install/agt_interfaces/local/lib/python3.10/dist-packages/agt_interfaces/msg/_mission_status_s.c
[66.963s] -- Symlinking: /home/yangxuan/agt_navigation_runtime/install/agt_interfaces/local/lib/python3.10/dist-packages/agt_interfaces/msg/_navigation_session_status.py
[66.973s] -- Symlinking: /home/yangxuan/agt_navigation_runtime/install/agt_interfaces/local/lib/python3.10/dist-packages/agt_interfaces/msg/_navigation_session_status_s.c
[66.986s] -- Symlinking: /home/yangxuan/agt_navigation_runtime/install/agt_interfaces/local/lib/python3.10/dist-packages/agt_interfaces/msg/_robot_state.py
[66.999s] -- Symlinking: /home/yangxuan/agt_navigation_runtime/install/agt_interfaces/local/lib/python3.10/dist-packages/agt_interfaces/msg/_robot_state_s.c
[67.010s] -- Symlinking: /home/yangxuan/agt_navigation_runtime/install/agt_interfaces/local/lib/python3.10/dist-packages/agt_interfaces/msg/_semantic_waypoint.py
[67.024s] -- Symlinking: /home/yangxuan/agt_navigation_runtime/install/agt_interfaces/local/lib/python3.10/dist-packages/agt_interfaces/msg/_semantic_waypoint_array.py
[67.038s] -- Symlinking: /home/yangxuan/agt_navigation_runtime/install/agt_interfaces/local/lib/python3.10/dist-packages/agt_interfaces/msg/_semantic_waypoint_array_s.c
[67.049s] -- Symlinking: /home/yangxuan/agt_navigation_runtime/install/agt_interfaces/local/lib/python3.10/dist-packages/agt_interfaces/msg/_semantic_waypoint_s.c
[67.061s] -- Symlinking: /home/yangxuan/agt_navigation_runtime/install/agt_interfaces/local/lib/python3.10/dist-packages/agt_interfaces/msg/_system_health.py
[67.075s] -- Symlinking: /home/yangxuan/agt_navigation_runtime/install/agt_interfaces/local/lib/python3.10/dist-packages/agt_interfaces/msg/_system_health_s.c
[67.086s] -- Symlinking: /home/yangxuan/agt_navigation_runtime/install/agt_interfaces/local/lib/python3.10/dist-packages/agt_interfaces/msg/_task_readiness.py
[67.098s] -- Symlinking: /home/yangxuan/agt_navigation_runtime/install/agt_interfaces/local/lib/python3.10/dist-packages/agt_interfaces/msg/_task_readiness_s.c
[67.113s] -- Symlinking: /home/yangxuan/agt_navigation_runtime/install/agt_interfaces/local/lib/python3.10/dist-packages/agt_interfaces/srv/__init__.py
[67.128s] -- Symlinking: /home/yangxuan/agt_navigation_runtime/install/agt_interfaces/local/lib/python3.10/dist-packages/agt_interfaces/srv/_activate_map_version.py
[67.143s] -- Symlinking: /home/yangxuan/agt_navigation_runtime/install/agt_interfaces/local/lib/python3.10/dist-packages/agt_interfaces/srv/_activate_map_version_s.c
[67.157s] -- Symlinking: /home/yangxuan/agt_navigation_runtime/install/agt_interfaces/local/lib/python3.10/dist-packages/agt_interfaces/srv/_archive_task_group.py
[67.172s] -- Symlinking: /home/yangxuan/agt_navigation_runtime/install/agt_interfaces/local/lib/python3.10/dist-packages/agt_interfaces/srv/_archive_task_group_s.c
[67.182s] -- Symlinking: /home/yangxuan/agt_navigation_runtime/install/agt_interfaces/local/lib/python3.10/dist-packages/agt_interfaces/srv/_evaluate_task_readiness.py
[67.192s] -- Symlinking: /home/yangxuan/agt_navigation_runtime/install/agt_interfaces/local/lib/python3.10/dist-packages/agt_interfaces/srv/_evaluate_task_readiness_s.c
[67.201s] -- Symlinking: /home/yangxuan/agt_navigation_runtime/install/agt_interfaces/local/lib/python3.10/dist-packages/agt_interfaces/srv/_get_navigation_session.py
[67.216s] -- Symlinking: /home/yangxuan/agt_navigation_runtime/install/agt_interfaces/local/lib/python3.10/dist-packages/agt_interfaces/srv/_get_navigation_session_s.c
[67.230s] -- Symlinking: /home/yangxuan/agt_navigation_runtime/install/agt_interfaces/local/lib/python3.10/dist-packages/agt_interfaces/srv/_get_robot_state.py
[67.244s] -- Symlinking: /home/yangxuan/agt_navigation_runtime/install/agt_interfaces/local/lib/python3.10/dist-packages/agt_interfaces/srv/_get_robot_state_s.c
[67.258s] -- Symlinking: /home/yangxuan/agt_navigation_runtime/install/agt_interfaces/local/lib/python3.10/dist-packages/agt_interfaces/srv/_get_system_health.py
[67.267s] -- Symlinking: /home/yangxuan/agt_navigation_runtime/install/agt_interfaces/local/lib/python3.10/dist-packages/agt_interfaces/srv/_get_system_health_s.c
[67.282s] -- Symlinking: /home/yangxuan/agt_navigation_runtime/install/agt_interfaces/local/lib/python3.10/dist-packages/agt_interfaces/srv/_get_task_group.py
[67.291s] -- Symlinking: /home/yangxuan/agt_navigation_runtime/install/agt_interfaces/local/lib/python3.10/dist-packages/agt_interfaces/srv/_get_task_group_s.c
[67.305s] -- Symlinking: /home/yangxuan/agt_navigation_runtime/install/agt_interfaces/local/lib/python3.10/dist-packages/agt_interfaces/srv/_list_bag_sessions.py
[67.320s] -- Symlinking: /home/yangxuan/agt_navigation_runtime/install/agt_interfaces/local/lib/python3.10/dist-packages/agt_interfaces/srv/_list_bag_sessions_s.c
[67.334s] -- Symlinking: /home/yangxuan/agt_navigation_runtime/install/agt_interfaces/local/lib/python3.10/dist-packages/agt_interfaces/srv/_list_experiments.py
[67.349s] -- Symlinking: /home/yangxuan/agt_navigation_runtime/install/agt_interfaces/local/lib/python3.10/dist-packages/agt_interfaces/srv/_list_experiments_s.c
[67.363s] -- Symlinking: /home/yangxuan/agt_navigation_runtime/install/agt_interfaces/local/lib/python3.10/dist-packages/agt_interfaces/srv/_list_map_versions.py
[67.377s] -- Symlinking: /home/yangxuan/agt_navigation_runtime/install/agt_interfaces/local/lib/python3.10/dist-packages/agt_interfaces/srv/_list_map_versions_s.c
[67.390s] -- Symlinking: /home/yangxuan/agt_navigation_runtime/install/agt_interfaces/local/lib/python3.10/dist-packages/agt_interfaces/srv/_list_task_groups.py
[67.401s] -- Symlinking: /home/yangxuan/agt_navigation_runtime/install/agt_interfaces/local/lib/python3.10/dist-packages/agt_interfaces/srv/_list_task_groups_s.c
[67.415s] -- Symlinking: /home/yangxuan/agt_navigation_runtime/install/agt_interfaces/local/lib/python3.10/dist-packages/agt_interfaces/srv/_manage_bag_session.py
[67.424s] -- Symlinking: /home/yangxuan/agt_navigation_runtime/install/agt_interfaces/local/lib/python3.10/dist-packages/agt_interfaces/srv/_manage_bag_session_s.c
[67.438s] -- Symlinking: /home/yangxuan/agt_navigation_runtime/install/agt_interfaces/local/lib/python3.10/dist-packages/agt_interfaces/srv/_manage_map_version.py
[67.451s] -- Symlinking: /home/yangxuan/agt_navigation_runtime/install/agt_interfaces/local/lib/python3.10/dist-packages/agt_interfaces/srv/_manage_map_version_s.c
[67.465s] -- Symlinking: /home/yangxuan/agt_navigation_runtime/install/agt_interfaces/local/lib/python3.10/dist-packages/agt_interfaces/srv/_put_task_group.py
[67.475s] -- Symlinking: /home/yangxuan/agt_navigation_runtime/install/agt_interfaces/local/lib/python3.10/dist-packages/agt_interfaces/srv/_put_task_group_s.c
[67.485s] -- Symlinking: /home/yangxuan/agt_navigation_runtime/install/agt_interfaces/local/lib/python3.10/dist-packages/agt_interfaces/srv/_set_localization_mode.py
[67.498s] -- Symlinking: /home/yangxuan/agt_navigation_runtime/install/agt_interfaces/local/lib/python3.10/dist-packages/agt_interfaces/srv/_set_localization_mode_s.c
[67.511s] -- Symlinking: /home/yangxuan/agt_navigation_runtime/install/agt_interfaces/local/lib/python3.10/dist-packages/agt_interfaces/srv/_set_mission_run_state.py
[67.525s] -- Symlinking: /home/yangxuan/agt_navigation_runtime/install/agt_interfaces/local/lib/python3.10/dist-packages/agt_interfaces/srv/_set_mission_run_state_s.c
[67.534s] -- Up-to-date symlink: /home/yangxuan/agt_navigation_runtime/install/agt_interfaces/local/lib/python3.10/dist-packages/agt_interfaces/agt_interfaces_s__rosidl_typesupport_fastrtps_c.cpython-310-x86_64-linux-gnu.so
[67.535s] -- Up-to-date symlink: /home/yangxuan/agt_navigation_runtime/install/agt_interfaces/local/lib/python3.10/dist-packages/agt_interfaces/agt_interfaces_s__rosidl_typesupport_introspection_c.cpython-310-x86_64-linux-gnu.so
[67.535s] -- Up-to-date symlink: /home/yangxuan/agt_navigation_runtime/install/agt_interfaces/local/lib/python3.10/dist-packages/agt_interfaces/agt_interfaces_s__rosidl_typesupport_c.cpython-310-x86_64-linux-gnu.so
[67.535s] -- Symlinking: /home/yangxuan/agt_navigation_runtime/install/agt_interfaces/share/ament_index/resource_index/rust_packages/agt_interfaces
[67.549s] -- Symlinking: /home/yangxuan/agt_navigation_runtime/install/agt_interfaces/share/agt_interfaces/rust/Cargo.toml
[67.561s] -- Symlinking: /home/yangxuan/agt_navigation_runtime/install/agt_interfaces/share/agt_interfaces/rust/build.rs
[67.571s] -- Symlinking: /home/yangxuan/agt_navigation_runtime/install/agt_interfaces/share/agt_interfaces/rust/src/action.rs
[67.585s] -- Symlinking: /home/yangxuan/agt_navigation_runtime/install/agt_interfaces/share/agt_interfaces/rust/src/action/rmw.rs
[67.598s] -- Symlinking: /home/yangxuan/agt_navigation_runtime/install/agt_interfaces/share/agt_interfaces/rust/src/lib.rs
[67.612s] -- Symlinking: /home/yangxuan/agt_navigation_runtime/install/agt_interfaces/share/agt_interfaces/rust/src/msg.rs
[67.621s] -- Symlinking: /home/yangxuan/agt_navigation_runtime/install/agt_interfaces/share/agt_interfaces/rust/src/msg/rmw.rs
[67.631s] -- Symlinking: /home/yangxuan/agt_navigation_runtime/install/agt_interfaces/share/agt_interfaces/rust/src/srv.rs
[67.644s] -- Symlinking: /home/yangxuan/agt_navigation_runtime/install/agt_interfaces/share/agt_interfaces/rust/src/srv/rmw.rs
[67.657s] -- Symlinking: /home/yangxuan/agt_navigation_runtime/install/agt_interfaces/share/agt_interfaces/msg/ComponentHealth.idl
[67.667s] -- Symlinking: /home/yangxuan/agt_navigation_runtime/install/agt_interfaces/share/agt_interfaces/msg/LocalizationStatus.idl
[67.681s] -- Symlinking: /home/yangxuan/agt_navigation_runtime/install/agt_interfaces/share/agt_interfaces/msg/MissionStatus.idl
[67.694s] -- Symlinking: /home/yangxuan/agt_navigation_runtime/install/agt_interfaces/share/agt_interfaces/msg/MissionEvent.idl
[67.708s] -- Symlinking: /home/yangxuan/agt_navigation_runtime/install/agt_interfaces/share/agt_interfaces/msg/MapVersionSummary.idl
[67.723s] -- Symlinking: /home/yangxuan/agt_navigation_runtime/install/agt_interfaces/share/agt_interfaces/msg/NavigationSessionStatus.idl
[67.732s] -- Symlinking: /home/yangxuan/agt_navigation_runtime/install/agt_interfaces/share/agt_interfaces/msg/BagSessionSummary.idl
[67.747s] -- Symlinking: /home/yangxuan/agt_navigation_runtime/install/agt_interfaces/share/agt_interfaces/msg/ExperimentSummary.idl
[67.760s] -- Symlinking: /home/yangxuan/agt_navigation_runtime/install/agt_interfaces/share/agt_interfaces/msg/RobotState.idl
[67.774s] -- Symlinking: /home/yangxuan/agt_navigation_runtime/install/agt_interfaces/share/agt_interfaces/msg/SemanticWaypoint.idl
[67.788s] -- Symlinking: /home/yangxuan/agt_navigation_runtime/install/agt_interfaces/share/agt_interfaces/msg/SemanticWaypointArray.idl
[67.802s] -- Symlinking: /home/yangxuan/agt_navigation_runtime/install/agt_interfaces/share/agt_interfaces/msg/SystemHealth.idl
[67.817s] -- Symlinking: /home/yangxuan/agt_navigation_runtime/install/agt_interfaces/share/agt_interfaces/msg/TaskReadiness.idl
[67.828s] -- Symlinking: /home/yangxuan/agt_navigation_runtime/install/agt_interfaces/share/agt_interfaces/srv/EvaluateTaskReadiness.idl
[67.842s] -- Symlinking: /home/yangxuan/agt_navigation_runtime/install/agt_interfaces/share/agt_interfaces/srv/GetSystemHealth.idl
[67.853s] -- Symlinking: /home/yangxuan/agt_navigation_runtime/install/agt_interfaces/share/agt_interfaces/srv/GetRobotState.idl
[67.867s] -- Symlinking: /home/yangxuan/agt_navigation_runtime/install/agt_interfaces/share/agt_interfaces/srv/SetMissionRunState.idl
[67.881s] -- Symlinking: /home/yangxuan/agt_navigation_runtime/install/agt_interfaces/share/agt_interfaces/srv/ActivateMapVersion.idl
[67.895s] -- Symlinking: /home/yangxuan/agt_navigation_runtime/install/agt_interfaces/share/agt_interfaces/srv/ListMapVersions.idl
[67.910s] -- Symlinking: /home/yangxuan/agt_navigation_runtime/install/agt_interfaces/share/agt_interfaces/srv/ManageMapVersion.idl
[67.925s] -- Symlinking: /home/yangxuan/agt_navigation_runtime/install/agt_interfaces/share/agt_interfaces/srv/ListTaskGroups.idl
[67.939s] -- Symlinking: /home/yangxuan/agt_navigation_runtime/install/agt_interfaces/share/agt_interfaces/srv/GetTaskGroup.idl
[67.949s] -- Symlinking: /home/yangxuan/agt_navigation_runtime/install/agt_interfaces/share/agt_interfaces/srv/PutTaskGroup.idl
[67.961s] -- Symlinking: /home/yangxuan/agt_navigation_runtime/install/agt_interfaces/share/agt_interfaces/srv/ArchiveTaskGroup.idl
[67.975s] -- Symlinking: /home/yangxuan/agt_navigation_runtime/install/agt_interfaces/share/agt_interfaces/srv/GetNavigationSession.idl
[67.990s] -- Symlinking: /home/yangxuan/agt_navigation_runtime/install/agt_interfaces/share/agt_interfaces/srv/ListBagSessions.idl
[68.004s] -- Symlinking: /home/yangxuan/agt_navigation_runtime/install/agt_interfaces/share/agt_interfaces/srv/ListExperiments.idl
[68.018s] -- Symlinking: /home/yangxuan/agt_navigation_runtime/install/agt_interfaces/share/agt_interfaces/srv/ManageBagSession.idl
[68.028s] -- Symlinking: /home/yangxuan/agt_navigation_runtime/install/agt_interfaces/share/agt_interfaces/srv/SetLocalizationMode.idl
[68.042s] -- Symlinking: /home/yangxuan/agt_navigation_runtime/install/agt_interfaces/share/agt_interfaces/action/Relocalize.idl
[68.057s] -- Symlinking: /home/yangxuan/agt_navigation_runtime/install/agt_interfaces/share/agt_interfaces/action/ChangeSystemMode.idl
[68.072s] -- Symlinking: /home/yangxuan/agt_navigation_runtime/install/agt_interfaces/share/agt_interfaces/action/ManageMappingSession.idl
[68.086s] -- Symlinking: /home/yangxuan/agt_navigation_runtime/install/agt_interfaces/share/agt_interfaces/action/ExecuteCoverageTask.idl
[68.100s] -- Symlinking: /home/yangxuan/agt_navigation_runtime/install/agt_interfaces/share/agt_interfaces/action/ExecuteWaypointTask.idl
[68.110s] -- Symlinking: /home/yangxuan/agt_navigation_runtime/install/agt_interfaces/share/agt_interfaces/action/OptimizeMap.idl
[68.120s] -- Symlinking: /home/yangxuan/agt_navigation_runtime/install/agt_interfaces/share/agt_interfaces/action/ExecuteMission.idl
[68.134s] -- Symlinking: /home/yangxuan/agt_navigation_runtime/install/agt_interfaces/share/agt_interfaces/action/ExecuteBehaviorTree.idl
[68.145s] -- Symlinking: /home/yangxuan/agt_navigation_runtime/install/agt_interfaces/share/agt_interfaces/msg/ComponentHealth.msg
[68.156s] -- Symlinking: /home/yangxuan/agt_navigation_runtime/install/agt_interfaces/share/agt_interfaces/msg/LocalizationStatus.msg
[68.170s] -- Symlinking: /home/yangxuan/agt_navigation_runtime/install/agt_interfaces/share/agt_interfaces/msg/MissionStatus.msg
[68.183s] -- Symlinking: /home/yangxuan/agt_navigation_runtime/install/agt_interfaces/share/agt_interfaces/msg/MissionEvent.msg
[68.197s] -- Symlinking: /home/yangxuan/agt_navigation_runtime/install/agt_interfaces/share/agt_interfaces/msg/MapVersionSummary.msg
[68.207s] -- Symlinking: /home/yangxuan/agt_navigation_runtime/install/agt_interfaces/share/agt_interfaces/msg/NavigationSessionStatus.msg
[68.221s] -- Symlinking: /home/yangxuan/agt_navigation_runtime/install/agt_interfaces/share/agt_interfaces/msg/BagSessionSummary.msg
[68.235s] -- Symlinking: /home/yangxuan/agt_navigation_runtime/install/agt_interfaces/share/agt_interfaces/msg/ExperimentSummary.msg
[68.249s] -- Symlinking: /home/yangxuan/agt_navigation_runtime/install/agt_interfaces/share/agt_interfaces/msg/RobotState.msg
[68.262s] -- Symlinking: /home/yangxuan/agt_navigation_runtime/install/agt_interfaces/share/agt_interfaces/msg/SemanticWaypoint.msg
[68.273s] -- Symlinking: /home/yangxuan/agt_navigation_runtime/install/agt_interfaces/share/agt_interfaces/msg/SemanticWaypointArray.msg
[68.287s] -- Symlinking: /home/yangxuan/agt_navigation_runtime/install/agt_interfaces/share/agt_interfaces/msg/SystemHealth.msg
[68.300s] -- Symlinking: /home/yangxuan/agt_navigation_runtime/install/agt_interfaces/share/agt_interfaces/msg/TaskReadiness.msg
[68.314s] -- Symlinking: /home/yangxuan/agt_navigation_runtime/install/agt_interfaces/share/agt_interfaces/srv/EvaluateTaskReadiness.srv
[68.328s] -- Symlinking: /home/yangxuan/agt_navigation_runtime/install/agt_interfaces/share/agt_interfaces/srv/EvaluateTaskReadiness_Request.msg
[68.339s] -- Symlinking: /home/yangxuan/agt_navigation_runtime/install/agt_interfaces/share/agt_interfaces/srv/EvaluateTaskReadiness_Response.msg
[68.353s] -- Symlinking: /home/yangxuan/agt_navigation_runtime/install/agt_interfaces/share/agt_interfaces/srv/GetSystemHealth.srv
[68.366s] -- Symlinking: /home/yangxuan/agt_navigation_runtime/install/agt_interfaces/share/agt_interfaces/srv/GetSystemHealth_Request.msg
[68.380s] -- Symlinking: /home/yangxuan/agt_navigation_runtime/install/agt_interfaces/share/agt_interfaces/srv/GetSystemHealth_Response.msg
[68.394s] -- Symlinking: /home/yangxuan/agt_navigation_runtime/install/agt_interfaces/share/agt_interfaces/srv/GetRobotState.srv
[68.403s] -- Symlinking: /home/yangxuan/agt_navigation_runtime/install/agt_interfaces/share/agt_interfaces/srv/GetRobotState_Request.msg
[68.417s] -- Symlinking: /home/yangxuan/agt_navigation_runtime/install/agt_interfaces/share/agt_interfaces/srv/GetRobotState_Response.msg
[68.430s] -- Symlinking: /home/yangxuan/agt_navigation_runtime/install/agt_interfaces/share/agt_interfaces/srv/SetMissionRunState.srv
[68.444s] -- Symlinking: /home/yangxuan/agt_navigation_runtime/install/agt_interfaces/share/agt_interfaces/srv/SetMissionRunState_Request.msg
[68.458s] -- Symlinking: /home/yangxuan/agt_navigation_runtime/install/agt_interfaces/share/agt_interfaces/srv/SetMissionRunState_Response.msg
[68.468s] -- Symlinking: /home/yangxuan/agt_navigation_runtime/install/agt_interfaces/share/agt_interfaces/srv/ActivateMapVersion.srv
[68.482s] -- Symlinking: /home/yangxuan/agt_navigation_runtime/install/agt_interfaces/share/agt_interfaces/srv/ActivateMapVersion_Request.msg
[68.494s] -- Symlinking: /home/yangxuan/agt_navigation_runtime/install/agt_interfaces/share/agt_interfaces/srv/ActivateMapVersion_Response.msg
[68.506s] -- Symlinking: /home/yangxuan/agt_navigation_runtime/install/agt_interfaces/share/agt_interfaces/srv/ListMapVersions.srv
[68.521s] -- Symlinking: /home/yangxuan/agt_navigation_runtime/install/agt_interfaces/share/agt_interfaces/srv/ListMapVersions_Request.msg
[68.535s] -- Symlinking: /home/yangxuan/agt_navigation_runtime/install/agt_interfaces/share/agt_interfaces/srv/ListMapVersions_Response.msg
[68.548s] -- Symlinking: /home/yangxuan/agt_navigation_runtime/install/agt_interfaces/share/agt_interfaces/srv/ManageMapVersion.srv
[68.560s] -- Symlinking: /home/yangxuan/agt_navigation_runtime/install/agt_interfaces/share/agt_interfaces/srv/ManageMapVersion_Request.msg
[68.573s] -- Symlinking: /home/yangxuan/agt_navigation_runtime/install/agt_interfaces/share/agt_interfaces/srv/ManageMapVersion_Response.msg
[68.587s] -- Symlinking: /home/yangxuan/agt_navigation_runtime/install/agt_interfaces/share/agt_interfaces/srv/ListTaskGroups.srv
[68.599s] -- Symlinking: /home/yangxuan/agt_navigation_runtime/install/agt_interfaces/share/agt_interfaces/srv/ListTaskGroups_Request.msg
[68.612s] -- Symlinking: /home/yangxuan/agt_navigation_runtime/install/agt_interfaces/share/agt_interfaces/srv/ListTaskGroups_Response.msg
[68.626s] -- Symlinking: /home/yangxuan/agt_navigation_runtime/install/agt_interfaces/share/agt_interfaces/srv/GetTaskGroup.srv
[68.640s] -- Symlinking: /home/yangxuan/agt_navigation_runtime/install/agt_interfaces/share/agt_interfaces/srv/GetTaskGroup_Request.msg
[68.653s] -- Symlinking: /home/yangxuan/agt_navigation_runtime/install/agt_interfaces/share/agt_interfaces/srv/GetTaskGroup_Response.msg
[68.666s] -- Symlinking: /home/yangxuan/agt_navigation_runtime/install/agt_interfaces/share/agt_interfaces/srv/PutTaskGroup.srv
[68.679s] -- Symlinking: /home/yangxuan/agt_navigation_runtime/install/agt_interfaces/share/agt_interfaces/srv/PutTaskGroup_Request.msg
[68.689s] -- Symlinking: /home/yangxuan/agt_navigation_runtime/install/agt_interfaces/share/agt_interfaces/srv/PutTaskGroup_Response.msg
[68.703s] -- Symlinking: /home/yangxuan/agt_navigation_runtime/install/agt_interfaces/share/agt_interfaces/srv/ArchiveTaskGroup.srv
[68.717s] -- Symlinking: /home/yangxuan/agt_navigation_runtime/install/agt_interfaces/share/agt_interfaces/srv/ArchiveTaskGroup_Request.msg
[68.727s] -- Symlinking: /home/yangxuan/agt_navigation_runtime/install/agt_interfaces/share/agt_interfaces/srv/ArchiveTaskGroup_Response.msg
[68.741s] -- Symlinking: /home/yangxuan/agt_navigation_runtime/install/agt_interfaces/share/agt_interfaces/srv/GetNavigationSession.srv
[68.752s] -- Symlinking: /home/yangxuan/agt_navigation_runtime/install/agt_interfaces/share/agt_interfaces/srv/GetNavigationSession_Request.msg
[68.762s] -- Symlinking: /home/yangxuan/agt_navigation_runtime/install/agt_interfaces/share/agt_interfaces/srv/GetNavigationSession_Response.msg
[68.775s] -- Symlinking: /home/yangxuan/agt_navigation_runtime/install/agt_interfaces/share/agt_interfaces/srv/ListBagSessions.srv
[68.785s] -- Symlinking: /home/yangxuan/agt_navigation_runtime/install/agt_interfaces/share/agt_interfaces/srv/ListBagSessions_Request.msg
[68.798s] -- Symlinking: /home/yangxuan/agt_navigation_runtime/install/agt_interfaces/share/agt_interfaces/srv/ListBagSessions_Response.msg
[68.812s] -- Symlinking: /home/yangxuan/agt_navigation_runtime/install/agt_interfaces/share/agt_interfaces/srv/ListExperiments.srv
[68.826s] -- Symlinking: /home/yangxuan/agt_navigation_runtime/install/agt_interfaces/share/agt_interfaces/srv/ListExperiments_Request.msg
[68.839s] -- Symlinking: /home/yangxuan/agt_navigation_runtime/install/agt_interfaces/share/agt_interfaces/srv/ListExperiments_Response.msg
[68.852s] -- Symlinking: /home/yangxuan/agt_navigation_runtime/install/agt_interfaces/share/agt_interfaces/srv/ManageBagSession.srv
[68.865s] -- Symlinking: /home/yangxuan/agt_navigation_runtime/install/agt_interfaces/share/agt_interfaces/srv/ManageBagSession_Request.msg
[68.878s] -- Symlinking: /home/yangxuan/agt_navigation_runtime/install/agt_interfaces/share/agt_interfaces/srv/ManageBagSession_Response.msg
[68.892s] -- Symlinking: /home/yangxuan/agt_navigation_runtime/install/agt_interfaces/share/agt_interfaces/srv/SetLocalizationMode.srv
[68.905s] -- Symlinking: /home/yangxuan/agt_navigation_runtime/install/agt_interfaces/share/agt_interfaces/srv/SetLocalizationMode_Request.msg
[68.918s] -- Symlinking: /home/yangxuan/agt_navigation_runtime/install/agt_interfaces/share/agt_interfaces/srv/SetLocalizationMode_Response.msg
[68.932s] -- Symlinking: /home/yangxuan/agt_navigation_runtime/install/agt_interfaces/share/agt_interfaces/action/Relocalize.action
[68.945s] -- Symlinking: /home/yangxuan/agt_navigation_runtime/install/agt_interfaces/share/agt_interfaces/action/ChangeSystemMode.action
[68.958s] -- Symlinking: /home/yangxuan/agt_navigation_runtime/install/agt_interfaces/share/agt_interfaces/action/ManageMappingSession.action
[68.971s] -- Symlinking: /home/yangxuan/agt_navigation_runtime/install/agt_interfaces/share/agt_interfaces/action/ExecuteCoverageTask.action
[68.985s] -- Symlinking: /home/yangxuan/agt_navigation_runtime/install/agt_interfaces/share/agt_interfaces/action/ExecuteWaypointTask.action
[68.998s] -- Symlinking: /home/yangxuan/agt_navigation_runtime/install/agt_interfaces/share/agt_interfaces/action/OptimizeMap.action
[69.011s] -- Symlinking: /home/yangxuan/agt_navigation_runtime/install/agt_interfaces/share/agt_interfaces/action/ExecuteMission.action
[69.020s] -- Symlinking: /home/yangxuan/agt_navigation_runtime/install/agt_interfaces/share/agt_interfaces/action/ExecuteBehaviorTree.action
[69.034s] -- Symlinking: /home/yangxuan/agt_navigation_runtime/install/agt_interfaces/share/ament_index/resource_index/package_run_dependencies/agt_interfaces
[69.045s] -- Symlinking: /home/yangxuan/agt_navigation_runtime/install/agt_interfaces/share/ament_index/resource_index/parent_prefix_path/agt_interfaces
[69.058s] -- Symlinking: /home/yangxuan/agt_navigation_runtime/install/agt_interfaces/share/agt_interfaces/environment/ament_prefix_path.sh
[69.071s] -- Symlinking: /home/yangxuan/agt_navigation_runtime/install/agt_interfaces/share/agt_interfaces/environment/ament_prefix_path.dsv
[69.084s] -- Symlinking: /home/yangxuan/agt_navigation_runtime/install/agt_interfaces/share/agt_interfaces/environment/path.sh
[69.097s] -- Symlinking: /home/yangxuan/agt_navigation_runtime/install/agt_interfaces/share/agt_interfaces/environment/path.dsv
[69.109s] -- Symlinking: /home/yangxuan/agt_navigation_runtime/install/agt_interfaces/share/agt_interfaces/local_setup.bash
[69.123s] -- Symlinking: /home/yangxuan/agt_navigation_runtime/install/agt_interfaces/share/agt_interfaces/local_setup.sh
[69.136s] -- Symlinking: /home/yangxuan/agt_navigation_runtime/install/agt_interfaces/share/agt_interfaces/local_setup.zsh
[69.149s] -- Symlinking: /home/yangxuan/agt_navigation_runtime/install/agt_interfaces/share/agt_interfaces/local_setup.dsv
[69.161s] -- Symlinking: /home/yangxuan/agt_navigation_runtime/install/agt_interfaces/share/agt_interfaces/package.dsv
[69.171s] -- Symlinking: /home/yangxuan/agt_navigation_runtime/install/agt_interfaces/share/ament_index/resource_index/packages/agt_interfaces
[69.184s] -- Symlinking: /home/yangxuan/agt_navigation_runtime/install/agt_interfaces/share/agt_interfaces/cmake/rosidl_cmake-extras.cmake
[69.198s] -- Symlinking: /home/yangxuan/agt_navigation_runtime/install/agt_interfaces/share/agt_interfaces/cmake/ament_cmake_export_dependencies-extras.cmake
[69.206s] -- Symlinking: /home/yangxuan/agt_navigation_runtime/install/agt_interfaces/share/agt_interfaces/cmake/ament_cmake_export_include_directories-extras.cmake
[69.220s] -- Symlinking: /home/yangxuan/agt_navigation_runtime/install/agt_interfaces/share/agt_interfaces/cmake/ament_cmake_export_libraries-extras.cmake
[69.233s] -- Symlinking: /home/yangxuan/agt_navigation_runtime/install/agt_interfaces/share/agt_interfaces/cmake/ament_cmake_export_targets-extras.cmake
[69.243s] -- Symlinking: /home/yangxuan/agt_navigation_runtime/install/agt_interfaces/share/agt_interfaces/cmake/rosidl_cmake_export_typesupport_targets-extras.cmake
[69.257s] -- Symlinking: /home/yangxuan/agt_navigation_runtime/install/agt_interfaces/share/agt_interfaces/cmake/rosidl_cmake_export_typesupport_libraries-extras.cmake
[69.270s] -- Symlinking: /home/yangxuan/agt_navigation_runtime/install/agt_interfaces/share/agt_interfaces/cmake/agt_interfacesConfig.cmake
[69.282s] -- Symlinking: /home/yangxuan/agt_navigation_runtime/install/agt_interfaces/share/agt_interfaces/cmake/agt_interfacesConfig-version.cmake
[69.295s] -- Symlinking: /home/yangxuan/agt_navigation_runtime/install/agt_interfaces/share/agt_interfaces/package.xml
[69.307s] -- Installing: /home/yangxuan/agt_navigation_runtime/install/agt_interfaces/lib/libagt_interfaces__rosidl_generator_c.so
[69.309s] -- Set runtime path of "/home/yangxuan/agt_navigation_runtime/install/agt_interfaces/lib/libagt_interfaces__rosidl_generator_c.so" to ""
[69.309s] -- Installing: /home/yangxuan/agt_navigation_runtime/install/agt_interfaces/lib/libagt_interfaces__rosidl_typesupport_fastrtps_c.so
[69.310s] -- Set runtime path of "/home/yangxuan/agt_navigation_runtime/install/agt_interfaces/lib/libagt_interfaces__rosidl_typesupport_fastrtps_c.so" to ""
[69.311s] -- Installing: /home/yangxuan/agt_navigation_runtime/install/agt_interfaces/lib/libagt_interfaces__rosidl_typesupport_fastrtps_cpp.so
[69.313s] -- Set runtime path of "/home/yangxuan/agt_navigation_runtime/install/agt_interfaces/lib/libagt_interfaces__rosidl_typesupport_fastrtps_cpp.so" to ""
[69.313s] -- Installing: /home/yangxuan/agt_navigation_runtime/install/agt_interfaces/lib/libagt_interfaces__rosidl_typesupport_introspection_c.so
[69.314s] -- Set runtime path of "/home/yangxuan/agt_navigation_runtime/install/agt_interfaces/lib/libagt_interfaces__rosidl_typesupport_introspection_c.so" to ""
[69.314s] -- Installing: /home/yangxuan/agt_navigation_runtime/install/agt_interfaces/lib/libagt_interfaces__rosidl_typesupport_c.so
[69.315s] -- Set runtime path of "/home/yangxuan/agt_navigation_runtime/install/agt_interfaces/lib/libagt_interfaces__rosidl_typesupport_c.so" to ""
[69.315s] -- Installing: /home/yangxuan/agt_navigation_runtime/install/agt_interfaces/lib/libagt_interfaces__rosidl_typesupport_introspection_cpp.so
[69.317s] -- Set runtime path of "/home/yangxuan/agt_navigation_runtime/install/agt_interfaces/lib/libagt_interfaces__rosidl_typesupport_introspection_cpp.so" to ""
[69.317s] -- Installing: /home/yangxuan/agt_navigation_runtime/install/agt_interfaces/lib/libagt_interfaces__rosidl_typesupport_cpp.so
[69.318s] -- Set runtime path of "/home/yangxuan/agt_navigation_runtime/install/agt_interfaces/lib/libagt_interfaces__rosidl_typesupport_cpp.so" to ""
[69.524s] Listing '/home/yangxuan/agt_navigation_runtime/install/agt_interfaces/local/lib/python3.10/dist-packages/agt_interfaces'...
[69.525s] Compiling '/home/yangxuan/agt_navigation_runtime/install/agt_interfaces/local/lib/python3.10/dist-packages/agt_interfaces/__init__.py'...
[69.525s] Listing '/home/yangxuan/agt_navigation_runtime/install/agt_interfaces/local/lib/python3.10/dist-packages/agt_interfaces/action'...
[69.525s] Compiling '/home/yangxuan/agt_navigation_runtime/install/agt_interfaces/local/lib/python3.10/dist-packages/agt_interfaces/action/__init__.py'...
[69.525s] Compiling '/home/yangxuan/agt_navigation_runtime/install/agt_interfaces/local/lib/python3.10/dist-packages/agt_interfaces/action/_change_system_mode.py'...
[69.525s] Compiling '/home/yangxuan/agt_navigation_runtime/install/agt_interfaces/local/lib/python3.10/dist-packages/agt_interfaces/action/_execute_behavior_tree.py'...
[69.525s] Compiling '/home/yangxuan/agt_navigation_runtime/install/agt_interfaces/local/lib/python3.10/dist-packages/agt_interfaces/action/_execute_coverage_task.py'...
[69.525s] Compiling '/home/yangxuan/agt_navigation_runtime/install/agt_interfaces/local/lib/python3.10/dist-packages/agt_interfaces/action/_execute_mission.py'...
[69.525s] Compiling '/home/yangxuan/agt_navigation_runtime/install/agt_interfaces/local/lib/python3.10/dist-packages/agt_interfaces/action/_execute_waypoint_task.py'...
[69.525s] Compiling '/home/yangxuan/agt_navigation_runtime/install/agt_interfaces/local/lib/python3.10/dist-packages/agt_interfaces/action/_manage_mapping_session.py'...
[69.525s] Compiling '/home/yangxuan/agt_navigation_runtime/install/agt_interfaces/local/lib/python3.10/dist-packages/agt_interfaces/action/_optimize_map.py'...
[69.525s] Compiling '/home/yangxuan/agt_navigation_runtime/install/agt_interfaces/local/lib/python3.10/dist-packages/agt_interfaces/action/_relocalize.py'...
[69.525s] Listing '/home/yangxuan/agt_navigation_runtime/install/agt_interfaces/local/lib/python3.10/dist-packages/agt_interfaces/msg'...
[69.525s] Compiling '/home/yangxuan/agt_navigation_runtime/install/agt_interfaces/local/lib/python3.10/dist-packages/agt_interfaces/msg/__init__.py'...
[69.525s] Compiling '/home/yangxuan/agt_navigation_runtime/install/agt_interfaces/local/lib/python3.10/dist-packages/agt_interfaces/msg/_bag_session_summary.py'...
[69.525s] Compiling '/home/yangxuan/agt_navigation_runtime/install/agt_interfaces/local/lib/python3.10/dist-packages/agt_interfaces/msg/_component_health.py'...
[69.525s] Compiling '/home/yangxuan/agt_navigation_runtime/install/agt_interfaces/local/lib/python3.10/dist-packages/agt_interfaces/msg/_experiment_summary.py'...
[69.525s] Compiling '/home/yangxuan/agt_navigation_runtime/install/agt_interfaces/local/lib/python3.10/dist-packages/agt_interfaces/msg/_localization_status.py'...
[69.525s] Compiling '/home/yangxuan/agt_navigation_runtime/install/agt_interfaces/local/lib/python3.10/dist-packages/agt_interfaces/msg/_map_version_summary.py'...
[69.525s] Compiling '/home/yangxuan/agt_navigation_runtime/install/agt_interfaces/local/lib/python3.10/dist-packages/agt_interfaces/msg/_mission_event.py'...
[69.525s] Compiling '/home/yangxuan/agt_navigation_runtime/install/agt_interfaces/local/lib/python3.10/dist-packages/agt_interfaces/msg/_mission_status.py'...
[69.525s] Compiling '/home/yangxuan/agt_navigation_runtime/install/agt_interfaces/local/lib/python3.10/dist-packages/agt_interfaces/msg/_navigation_session_status.py'...
[69.525s] Compiling '/home/yangxuan/agt_navigation_runtime/install/agt_interfaces/local/lib/python3.10/dist-packages/agt_interfaces/msg/_robot_state.py'...
[69.526s] Compiling '/home/yangxuan/agt_navigation_runtime/install/agt_interfaces/local/lib/python3.10/dist-packages/agt_interfaces/msg/_semantic_waypoint.py'...
[69.526s] Compiling '/home/yangxuan/agt_navigation_runtime/install/agt_interfaces/local/lib/python3.10/dist-packages/agt_interfaces/msg/_semantic_waypoint_array.py'...
[69.526s] Compiling '/home/yangxuan/agt_navigation_runtime/install/agt_interfaces/local/lib/python3.10/dist-packages/agt_interfaces/msg/_system_health.py'...
[69.526s] Compiling '/home/yangxuan/agt_navigation_runtime/install/agt_interfaces/local/lib/python3.10/dist-packages/agt_interfaces/msg/_task_readiness.py'...
[69.526s] Listing '/home/yangxuan/agt_navigation_runtime/install/agt_interfaces/local/lib/python3.10/dist-packages/agt_interfaces/srv'...
[69.526s] Compiling '/home/yangxuan/agt_navigation_runtime/install/agt_interfaces/local/lib/python3.10/dist-packages/agt_interfaces/srv/__init__.py'...
[69.526s] Compiling '/home/yangxuan/agt_navigation_runtime/install/agt_interfaces/local/lib/python3.10/dist-packages/agt_interfaces/srv/_activate_map_version.py'...
[69.526s] Compiling '/home/yangxuan/agt_navigation_runtime/install/agt_interfaces/local/lib/python3.10/dist-packages/agt_interfaces/srv/_archive_task_group.py'...
[69.526s] Compiling '/home/yangxuan/agt_navigation_runtime/install/agt_interfaces/local/lib/python3.10/dist-packages/agt_interfaces/srv/_evaluate_task_readiness.py'...
[69.526s] Compiling '/home/yangxuan/agt_navigation_runtime/install/agt_interfaces/local/lib/python3.10/dist-packages/agt_interfaces/srv/_get_navigation_session.py'...
[69.526s] Compiling '/home/yangxuan/agt_navigation_runtime/install/agt_interfaces/local/lib/python3.10/dist-packages/agt_interfaces/srv/_get_robot_state.py'...
[69.526s] Compiling '/home/yangxuan/agt_navigation_runtime/install/agt_interfaces/local/lib/python3.10/dist-packages/agt_interfaces/srv/_get_system_health.py'...
[69.526s] Compiling '/home/yangxuan/agt_navigation_runtime/install/agt_interfaces/local/lib/python3.10/dist-packages/agt_interfaces/srv/_get_task_group.py'...
[69.526s] Compiling '/home/yangxuan/agt_navigation_runtime/install/agt_interfaces/local/lib/python3.10/dist-packages/agt_interfaces/srv/_list_bag_sessions.py'...
[69.526s] Compiling '/home/yangxuan/agt_navigation_runtime/install/agt_interfaces/local/lib/python3.10/dist-packages/agt_interfaces/srv/_list_experiments.py'...
[69.526s] Compiling '/home/yangxuan/agt_navigation_runtime/install/agt_interfaces/local/lib/python3.10/dist-packages/agt_interfaces/srv/_list_map_versions.py'...
[69.526s] Compiling '/home/yangxuan/agt_navigation_runtime/install/agt_interfaces/local/lib/python3.10/dist-packages/agt_interfaces/srv/_list_task_groups.py'...
[69.526s] Compiling '/home/yangxuan/agt_navigation_runtime/install/agt_interfaces/local/lib/python3.10/dist-packages/agt_interfaces/srv/_manage_bag_session.py'...
[69.526s] Compiling '/home/yangxuan/agt_navigation_runtime/install/agt_interfaces/local/lib/python3.10/dist-packages/agt_interfaces/srv/_manage_map_version.py'...
[69.526s] Compiling '/home/yangxuan/agt_navigation_runtime/install/agt_interfaces/local/lib/python3.10/dist-packages/agt_interfaces/srv/_put_task_group.py'...
[69.526s] Compiling '/home/yangxuan/agt_navigation_runtime/install/agt_interfaces/local/lib/python3.10/dist-packages/agt_interfaces/srv/_set_localization_mode.py'...
[69.526s] Compiling '/home/yangxuan/agt_navigation_runtime/install/agt_interfaces/local/lib/python3.10/dist-packages/agt_interfaces/srv/_set_mission_run_state.py'...
[69.532s] -- Installing: /home/yangxuan/agt_navigation_runtime/install/agt_interfaces/lib/libagt_interfaces__rosidl_generator_py.so
[69.534s] -- Set runtime path of "/home/yangxuan/agt_navigation_runtime/install/agt_interfaces/lib/libagt_interfaces__rosidl_generator_py.so" to ""
[69.534s] -- Installing: /home/yangxuan/agt_navigation_runtime/install/agt_interfaces/share/agt_interfaces/cmake/export_agt_interfaces__rosidl_generator_cExport.cmake
[69.534s] -- Installing: /home/yangxuan/agt_navigation_runtime/install/agt_interfaces/share/agt_interfaces/cmake/export_agt_interfaces__rosidl_generator_cExport-noconfig.cmake
[69.534s] -- Installing: /home/yangxuan/agt_navigation_runtime/install/agt_interfaces/share/agt_interfaces/cmake/export_agt_interfaces__rosidl_typesupport_fastrtps_cExport.cmake
[69.535s] -- Installing: /home/yangxuan/agt_navigation_runtime/install/agt_interfaces/share/agt_interfaces/cmake/export_agt_interfaces__rosidl_typesupport_fastrtps_cExport-noconfig.cmake
[69.535s] -- Installing: /home/yangxuan/agt_navigation_runtime/install/agt_interfaces/share/agt_interfaces/cmake/export_agt_interfaces__rosidl_generator_cppExport.cmake
[69.535s] -- Installing: /home/yangxuan/agt_navigation_runtime/install/agt_interfaces/share/agt_interfaces/cmake/export_agt_interfaces__rosidl_typesupport_fastrtps_cppExport.cmake
[69.535s] -- Installing: /home/yangxuan/agt_navigation_runtime/install/agt_interfaces/share/agt_interfaces/cmake/export_agt_interfaces__rosidl_typesupport_fastrtps_cppExport-noconfig.cmake
[69.535s] -- Installing: /home/yangxuan/agt_navigation_runtime/install/agt_interfaces/share/agt_interfaces/cmake/agt_interfaces__rosidl_typesupport_introspection_cExport.cmake
[69.535s] -- Installing: /home/yangxuan/agt_navigation_runtime/install/agt_interfaces/share/agt_interfaces/cmake/agt_interfaces__rosidl_typesupport_introspection_cExport-noconfig.cmake
[69.536s] -- Installing: /home/yangxuan/agt_navigation_runtime/install/agt_interfaces/share/agt_interfaces/cmake/agt_interfaces__rosidl_typesupport_cExport.cmake
[69.536s] -- Installing: /home/yangxuan/agt_navigation_runtime/install/agt_interfaces/share/agt_interfaces/cmake/agt_interfaces__rosidl_typesupport_cExport-noconfig.cmake
[69.536s] -- Installing: /home/yangxuan/agt_navigation_runtime/install/agt_interfaces/share/agt_interfaces/cmake/agt_interfaces__rosidl_typesupport_introspection_cppExport.cmake
[69.536s] -- Installing: /home/yangxuan/agt_navigation_runtime/install/agt_interfaces/share/agt_interfaces/cmake/agt_interfaces__rosidl_typesupport_introspection_cppExport-noconfig.cmake
[69.536s] -- Installing: /home/yangxuan/agt_navigation_runtime/install/agt_interfaces/share/agt_interfaces/cmake/agt_interfaces__rosidl_typesupport_cppExport.cmake
[69.536s] -- Installing: /home/yangxuan/agt_navigation_runtime/install/agt_interfaces/share/agt_interfaces/cmake/agt_interfaces__rosidl_typesupport_cppExport-noconfig.cmake
[69.537s] -- Installing: /home/yangxuan/agt_navigation_runtime/install/agt_interfaces/share/agt_interfaces/cmake/export_agt_interfaces__rosidl_generator_pyExport.cmake
[69.537s] -- Installing: /home/yangxuan/agt_navigation_runtime/install/agt_interfaces/share/agt_interfaces/cmake/export_agt_interfaces__rosidl_generator_pyExport-noconfig.cmake
[69.540s] Invoked command in '/home/yangxuan/agt_navigation_runtime/build/agt_interfaces' returned '0': CMAKE_PREFIX_PATH=/opt/ros/humble /usr/bin/cmake --install /home/yangxuan/agt_navigation_runtime/build/agt_interfaces
